OA_2001_old,OA_2001,IN500Cent,OUT500Cent,IN750Cent,OUT750Cent,IN1000Cent,OUT1000Cent
00AJGJ0011,E00006236,0,0,0,0,0,0
00ATGQ0012,E00013253,0,0,0,0,0,0
00BAFX0021,E00016992,0,0,0,0,0,0
00BAFX0025,E00016996,0,0,0,0,0,0
00BAFX0027,E00016998,0,0,0,0,0,0
00AJGX0023,E00006735,0,0,0,0,0,0
00ATGQ0015,E00013256,0,0,0,0,0,0
00BDGK0009,E00019527,0,0,0,0,0,0
00ATGQ0016,E00013257,0,0,0,0,0,0
00ATGQ0017,E00013258,0,0,0,0,0,0
00AXFY0010,E00014711,0,0,0,0,0,0
00ANGB0044,E00009314,0,0,0,0,0,0
00ASGZ0001,E00012491,0,0,0,0,0,0
00ATGB0025,E00012843,0,0,0,0,0,0
00BJGM0015,E00023058,0,0,0,0,0,0
00AJGT0008,E00006604,0,0,0,0,0,0
00BJGT0036,E00023355,0,0,0,0,0,0
00AJGS0031,E00006585,0,0,0,0,0,0
00AJGX0003,E00006715,0,0,0,0,0,0
00ASHC0016,E00012619,0,0,0,0,0,0
00AJGX0010,E00006722,0,0,0,0,0,0
00BJGT0042,E00023361,0,0,0,0,0,0
00AHHD0041,E00005901,0,0,0,0,0,0
00BFGD0013,E00020575,0,0,0,0,0,0
00BJGE0015,E00022738,0,0,0,0,0,0
00BJGE0012,E00022735,0,0,0,0,0,0
00AJGU0030,E00006670,0,0,0,0,0,0
00AXGL0013,E00015082,0,0,0,0,0,0
00BJGT0013,E00023332,0,0,0,0,0,0
00BJGT0002,E00023321,0,0,0,0,0,0
00BJGU0026,E00023392,0,0,0,0,0,0
00BFGU0009,E00021079,0,0,0,0,0,0
00BFGU0031,E00021101,0,0,0,0,0,0
00BAGM0001,E00017413,0,0,0,0,0,0
00ASHE0036,E00012711,0,0,0,0,0,0
00AJGD0010,E00006020,0,0,0,0,0,0
00BFGP0004,E00020893,0,0,0,0,0,0
00AJHA0031,E00006850,0,0,0,0,0,0
00BJGF0020,E00022787,0,0,0,0,0,0
00ASHE0035,E00012710,0,0,0,0,0,0
00BJGF0022,E00022789,0,0,0,0,0,0
00ATGH0007,E00013030,0,0,0,0,0,0
00BFGQ0030,E00020958,0,0,0,0,0,0
00ASHE0002,E00012677,0,0,0,0,0,0
00ASHE0009,E00012684,0,0,0,0,0,0
00ASGG0017,E00011957,0,0,0,0,0,0
00BJGC0009,E00022634,0,0,0,0,0,0
00AJGT0036,E00006632,0,0,0,0,0,0
00AXGG0013,E00014962,0,0,0,0,0,0
00BJGC0046,E00022671,0,0,0,0,0,0
00AJGT0032,E00006628,0,0,0,0,0,0
00ASGZ0017,E00012507,0,0,0,0,0,0
00AJGT0037,E00006633,0,0,0,0,0,0
00BJGR0017,E00023250,0,0,0,0,0,0
00AXGC0004,E00014831,0,0,0,0,0,0
00BJGF0019,E00022786,0,0,0,0,0,0
00BJGR0018,E00023251,0,0,0,0,0,0
00BFGE0007,E00020602,0,0,0,0,0,0
00AHHD0036,E00005896,0,0,0,0,0,0
00ANGB0012,E00009282,0,0,0,0,0,0
00ASGT0020,E00012330,0,0,0,0,0,0
00ASGT0009,E00012319,0,0,0,0,0,0
00AJGT0022,E00006618,0,0,0,0,0,0
00ASHE0032,E00012707,0,0,0,0,0,0
00AXGF0029,E00014946,0,0,0,0,0,0
00AXGK0018,E00015052,0,0,0,0,0,0
00ASGT0030,E00012340,0,0,0,0,0,0
00AYGM0033,E00015741,0,0,0,0,0,0
00AXGK0007,E00015041,0,0,0,0,0,0
00AXGK0017,E00015051,0,0,0,0,0,0
00AHGL0017,E00005148,0,0,0,0,0,0
00AXGD0001,E00014859,0,0,0,0,0,0
00ATGR0006,E00013283,0,0,0,0,0,0
00ATGS0022,E00013332,0,0,0,0,0,0
00BJGT0028,E00023347,0,0,0,0,0,0
00BDGM0004,E00019588,0,0,0,0,0,0
00BDGJ0013,E00019490,0,0,0,0,0,0
00BDGE0017,E00019352,0,0,0,0,0,0
00BDGE0013,E00019348,0,0,0,0,0,0
00AJGX0020,E00006732,0,0,0,0,0,0
00BJGL0037,E00023037,0,0,0,0,0,0
00ATGH0009,E00013032,0,0,0,0,0,0
00BFGE0010,E00020605,0,0,0,0,0,0
00AYGM0005,E00015713,0,0,0,0,0,0
00AJGX0015,E00006727,0,0,0,0,0,0
00ATGJ0022,E00013075,0,0,0,0,0,0
00AJGF0017,E00006107,0,0,0,0,0,0
00BAGA0026,E00017093,0,0,0,0,0,0
00AJGX0039,E00006751,0,0,0,0,0,0
00BAGA0020,E00017087,0,0,0,0,0,0
00BAGA0029,E00017096,0,0,0,0,0,0
00AJGX0043,E00006755,0,0,0,0,0,0
00AYGR0025,E00015914,0,0,0,0,0,0
00BAGF0011,E00017242,0,0,0,0,0,0
00BJGT0046,E00023365,0,0,0,0,0,0
00BAFX0008,E00016979,0,0,0,0,0,0
00BAFX0001,E00016972,0,0,0,0,0,0
00BJGT0039,E00023358,0,0,0,0,0,0
00BJGR0010,E00023243,0,0,0,0,0,0
00BJGC0020,E00022645,0,0,0,0,0,0
00BJGR0016,E00023249,0,0,0,0,0,0
00BJGC0023,E00022648,0,0,0,0,0,0
00AYGH0031,E00015556,0,0,0,0,0,0
00AJGM0014,E00006365,0,0,0,0,0,0
00ASGK0013,E00012056,0,0,0,0,0,0
00AJGX0026,E00006738,0,0,0,0,0,0
00ASGS0021,E00012296,0,0,0,0,0,0
00BAGD0002,E00017169,0,0,0,0,0,0
00AXFY0012,E00014713,0,0,0,0,0,0
00BJGB0009,E00022588,0,0,0,0,0,0
00AXFY0034,E00014735,0,0,0,0,0,0
00AXGK0026,E00015060,0,0,0,0,0,0
00AXGL0002,E00015071,0,0,0,0,0,0
00AXFY0031,E00014732,0,0,0,0,0,0
00ATGS0014,E00013324,0,0,0,0,0,0
00ATGA0011,E00012793,0,0,0,0,0,0
00AXGH0018,E00014997,0,0,0,0,0,0
00BDGG0012,E00019419,0,0,0,0,0,0
00AFGQ0001,E00003644,0,0,0,0,0,0
00AJGC0027,E00005992,0,0,0,0,0,0
00AHGQ0012,E00005333,0,0,0,0,0,0
00BDGA0028,E00019236,0,0,0,0,0,0
00ATGF0021,E00012975,0,0,0,0,0,0
00ASGK0031,E00012074,0,0,0,0,0,0
00BDGC0018,E00019290,0,0,0,0,0,0
00BDGL0019,E00019568,0,0,0,0,0,0
00BDFY0003,E00019144,0,0,0,0,0,0
00BDGG0019,E00019426,0,0,0,0,0,0
00BDGC0021,E00019293,0,0,0,0,0,0
00ASGX0022,E00012441,0,0,0,0,0,0
00ATGJ0029,E00013082,0,0,0,0,0,0
00BDGB0012,E00019252,0,0,0,0,0,0
00AHGX0014,E00005586,0,0,0,0,0,0
00BDGB0001,E00019241,0,0,0,0,0,0
00BJGC0017,E00022642,0,0,0,0,0,0
00BDFY0013,E00019154,0,0,0,0,0,0
00AXFX0017,E00014691,0,0,0,0,0,0
00AXFX0012,E00014686,0,0,0,0,0,0
00AXGL0010,E00015079,0,0,0,0,0,0
00AXGL0036,E00015105,0,0,0,0,0,0
00BBGE0019,E00017740,0,0,0,0,0,0
00AXGL0033,E00015102,0,0,0,0,0,0
00AXGL0037,E00015106,0,0,0,0,0,0
00AXGK0031,E00015065,0,0,0,0,0,0
00AXFY0032,E00014733,0,0,0,0,0,0
00BDFY0014,E00019155,0,0,0,0,0,0
00BDGL0035,E00019584,0,0,0,0,0,0
00BDFY0016,E00019157,0,0,0,0,0,0
00BDGL0014,E00019563,0,0,0,0,0,0
00BDGL0007,E00019556,0,0,0,0,0,0
00BAFZ0011,E00017046,0,0,0,0,0,0
00BJGF0001,E00022768,0,0,0,0,0,0
00AXGK0012,E00015046,0,0,0,0,0,0
00BJGL0031,E00023031,0,0,0,0,0,0
00AXGF0013,E00014930,0,0,0,0,0,0
00ANGB0014,E00009284,0,0,0,0,0,0
00AJHA0004,E00006823,0,0,0,0,0,0
00AJHA0045,E00006864,0,0,0,0,0,0
00BDGC0006,E00019278,0,0,0,0,0,0
00AJGC0006,E00005971,0,0,0,0,0,0
00AXGD0024,E00014882,0,0,0,0,0,0
00AXGD0022,E00014880,0,0,0,0,0,0
00AXGD0015,E00014873,0,0,0,0,0,0
00AJGC0044,E00006009,0,0,0,0,0,0
00AXGA0021,E00014788,0,0,0,0,0,0
00AXGD0028,E00014886,0,0,0,0,0,0
00AXGD0025,E00014883,0,0,0,0,0,0
00AXGG0008,E00014957,0,0,0,0,0,0
00AJGG0043,E00006178,0,0,0,0,0,0
00AXGA0007,E00014774,0,0,0,0,0,0
00AXGA0027,E00014794,0,0,0,0,0,0
00AXGG0007,E00014956,0,0,0,0,0,0
00AXGG0009,E00014958,0,0,0,0,0,0
00AXGG0023,E00014972,0,0,0,0,0,0
00AXGG0020,E00014969,0,0,0,0,0,0
00AXGG0021,E00014970,0,0,0,0,0,0
00AJGF0042,E00006132,0,0,0,0,0,0
00BJGU0018,E00023384,0,0,0,0,0,0
00AXGE0001,E00014889,0,0,0,0,0,0
00AJGM0029,E00006380,0,0,0,0,0,0
00AJGF0041,E00006131,0,0,0,0,0,0
00AJGF0044,E00006134,0,0,0,0,0,0
00BJGH0019,E00022877,0,0,0,0,0,0
00BFGP0034,E00020923,0,0,0,0,0,0
00BFGE0006,E00020601,0,0,0,0,0,0
00BFGE0013,E00020608,0,0,0,0,0,0
00BFGP0037,E00020926,0,0,0,0,0,0
00AHGQ0042,E00005363,0,0,0,0,0,0
00AHGQ0043,E00005364,0,0,0,0,0,0
00BFGP0035,E00020924,0,0,0,0,0,0
00BEGK0011,E00019976,0,0,0,0,0,1
00AJGD0032,E00006042,0,0,0,0,0,0
00AJGD0041,E00006051,0,0,0,0,0,0
00AJGD0033,E00006043,0,0,0,0,0,0
00AJGG0012,E00006147,0,0,0,0,0,0
00BFGP0005,E00020894,0,0,0,0,0,0
00BFGP0026,E00020915,0,0,0,0,0,0
00ASGP0017,E00012190,0,0,0,0,0,0
00ASGP0013,E00012186,0,0,0,0,0,0
00AHGR0023,E00005387,0,0,0,0,0,0
00ATGE0008,E00012927,0,0,0,0,0,0
00BFGP0002,E00020891,0,0,0,0,0,0
00ASGP0003,E00012176,0,0,0,0,0,0
00AJGC0017,E00005982,0,0,0,0,0,0
00BFGP0003,E00020892,0,0,0,0,0,0
00AJGX0012,E00006724,0,0,0,0,0,0
00AJGX0011,E00006723,0,0,0,0,0,0
00AJGX0018,E00006730,0,0,0,0,0,0
00ASGW0024,E00012407,0,0,0,0,0,0
00ASGW0035,E00012418,0,0,0,0,0,0
00BFGD0033,E00020595,0,0,0,0,0,0
00ASGJ0021,E00012031,0,0,0,0,0,0
00ASHC0027,E00012630,0,0,0,0,0,0
00BJGF0041,E00022808,0,0,0,0,0,0
00BAGA0021,E00017088,0,0,0,0,0,0
00BAGA0034,E00017101,0,0,0,0,0,0
00AJGX0009,E00006721,0,0,0,0,0,0
00BAGB0024,E00017125,0,0,0,0,0,0
00BFGS0011,E00021011,0,0,0,0,0,0
00BFGS0020,E00021020,0,0,0,0,0,0
00ASHD0015,E00012653,0,0,0,0,0,0
00BDGL0021,E00019570,0,0,0,0,0,0
00BFGQ0005,E00020933,0,0,0,0,0,0
00BFGP0019,E00020908,0,0,0,0,0,0
00BFGP0029,E00020918,0,0,0,0,0,0
00BFGQ0011,E00020939,0,0,0,0,0,0
00BFGQ0012,E00020940,0,0,0,0,0,0
00BFGP0021,E00020910,0,0,0,0,0,0
00BFGS0024,E00021024,0,0,0,0,0,0
00BFGD0016,E00020578,0,0,0,0,0,0
00BFGD0008,E00020570,0,0,0,0,0,0
00BFGS0014,E00021014,0,0,0,0,0,0
00BFGS0025,E00021025,0,0,0,0,0,0
00BFGP0020,E00020909,0,0,0,0,0,0
00BAGA0015,E00017082,0,0,0,0,0,0
00BFGT0031,E00021066,0,0,0,0,0,0
00BFGP0032,E00020921,0,0,0,0,0,0
00BFGP0033,E00020922,0,0,0,0,0,0
00ASGP0014,E00012187,0,0,0,0,0,0
00ASGP0027,E00012200,0,0,0,0,0,0
00ATGC0008,E00012865,0,0,0,0,0,0
00ATGC0011,E00012868,0,0,0,0,0,0
00ATGC0007,E00012864,0,0,0,0,0,0
00BFGP0028,E00020917,0,0,0,0,0,0
00BFGP0031,E00020920,0,0,0,0,0,0
00BFGQ0032,E00020960,0,0,0,0,0,0
00BAGF0004,E00017235,0,0,0,0,0,0
00BAGC0021,E00017156,0,0,0,0,0,0
00ASHD0013,E00012651,0,0,0,0,0,0
00AJGY0019,E00006778,0,0,0,0,0,0
00AJGH0004,E00006184,0,0,0,0,0,0
00ANGR0030,E00009823,0,0,0,0,0,0
00BFGT0032,E00021067,0,0,0,0,0,0
00ANGR0031,E00009824,0,0,0,0,0,0
00ASHD0007,E00012645,0,0,0,0,0,0
00ASHD0006,E00012644,0,0,0,0,0,0
00AHGQ0034,E00005355,0,0,0,0,0,0
00BJGS0013,E00023289,0,0,0,0,0,0
00ASHD0009,E00012647,0,0,0,0,0,0
00BJGS0036,E00023312,0,0,0,0,0,0
00BJGS0009,E00023285,0,0,0,0,0,0
00ASHD0035,E00012673,0,0,0,0,0,0
00ASGG0026,E00011966,0,0,0,0,0,0
00BFGP0025,E00020914,0,0,0,0,0,0
00BFGP0006,E00020895,0,0,0,0,0,0
00BFGP0013,E00020902,0,0,0,0,0,0
00BFGP0015,E00020904,0,0,0,0,0,0
00BFGP0017,E00020906,0,0,0,0,0,0
00BAFX0015,E00016986,0,0,0,0,0,0
00ATGB0021,E00012839,0,0,0,0,0,0
00BJGF0018,E00022785,0,0,0,0,0,0
00BJGF0015,E00022782,0,0,0,0,0,0
00BFGM0020,E00020837,0,0,0,0,0,0
00BJGH0020,E00022878,0,0,0,0,0,0
00BFGM0039,E00020856,0,0,0,0,0,0
00AYGM0018,E00015726,0,0,0,0,0,0
00ATGH0004,E00013027,0,0,0,0,0,0
00AJGC0043,E00006008,0,0,0,0,0,0
00BJGP0030,E00023168,0,0,0,0,0,0
00ANGM0005,E00009648,0,0,0,0,0,0
00ANGM0011,E00009654,0,0,0,0,0,0
00BJGC0044,E00022669,0,0,0,0,0,0
00AYGR0044,E00015933,0,0,0,0,0,0
00AYGR0010,E00015899,0,0,0,0,0,0
00AYGR0007,E00015896,0,0,0,0,0,0
00BFGM0006,E00020823,0,0,0,0,0,0
00AYGR0008,E00015897,0,0,0,0,0,0
00BFGM0002,E00020819,0,0,0,0,0,0
00BJGA0045,E00022576,0,0,0,0,0,0
00ANGR0036,E00009829,0,0,0,0,0,0
00BJGE0019,E00022742,0,0,0,0,0,0
00BJGA0046,E00022577,0,0,0,0,0,0
00BFGF0024,E00020654,0,0,0,0,0,0
00ANGM0018,E00009661,0,0,0,0,0,0
00AHGL0004,E00005135,0,0,0,0,0,0
00ASGN0012,E00012160,0,0,0,0,0,0
00ASGN0009,E00012157,0,0,0,0,0,0
00BAGA0024,E00017091,0,0,0,0,0,0
00BAGA0023,E00017090,0,0,0,0,0,0
00AYGR0032,E00015921,0,0,0,0,0,0
00AYGH0047,E00015572,0,0,0,0,0,0
00BAGP0003,E00017480,0,0,0,0,0,0
00BAGP0006,E00017483,0,0,0,0,0,0
00AHGS0043,E00005438,0,0,0,0,0,0
00AYGR0020,E00015909,0,0,0,0,0,0
00AYGR0023,E00015912,0,0,0,0,0,0
00BDFY0002,E00019143,0,0,0,0,0,0
00BDGC0029,E00019301,0,0,0,0,0,0
00BJGB0013,E00022592,0,0,0,0,0,0
00BJGD0004,E00022681,0,0,0,0,0,0
00BJGH0037,E00022895,0,0,0,0,0,0
00BJGA0026,E00022557,0,0,0,0,0,0
00BJGA0035,E00022566,0,0,0,0,0,0
00BJGA0036,E00022567,0,0,0,0,0,0
00AJGC0037,E00006002,0,0,0,0,0,0
00BJGP0007,E00023145,0,0,0,0,0,0
00BJGP0047,E00023185,0,0,0,0,0,0
00AHGQ0008,E00005329,0,0,0,0,0,0
00AHGQ0005,E00005326,0,0,0,0,0,0
00AHGQ0029,E00005350,0,0,0,0,0,0
00AHHD0025,E00005885,0,0,0,0,0,0
00BJGT0018,E00023337,0,0,0,0,0,0
00AHGS0023,E00005418,0,0,0,0,0,0
00BJGT0005,E00023324,0,0,0,0,0,0
00BJGB0034,E00022613,0,0,0,0,0,0
00AXGG0016,E00014965,0,0,0,0,0,0
00BJGD0031,E00022708,0,0,0,0,0,0
00BDGG0011,E00019418,0,0,0,0,0,0
00BJGD0041,E00022718,0,0,0,0,0,0
00AYGM0020,E00015728,0,0,0,0,0,0
00AYGM0014,E00015722,0,0,0,0,0,0
00BDGG0027,E00019434,0,0,0,0,0,0
00BJGA0042,E00022573,0,0,0,0,0,0
00AQGM0003,E00010965,0,0,0,0,0,0
00AXGG0003,E00014952,0,0,0,0,0,0
00AYGM0040,E00015748,0,0,0,0,0,0
00AHGH0040,E00005045,0,0,0,0,0,0
00AHGM0009,E00005195,0,0,0,0,0,0
00AHGM0010,E00005196,0,0,0,0,0,0
00AHGM0041,E00005227,0,0,0,0,0,0
00AHGS0034,E00005429,0,0,0,0,0,0
00AJGE0012,E00006068,0,0,0,0,0,0
00AWGN0030,E00014574,0,0,0,0,0,0
00ASGM0028,E00012140,0,0,0,0,0,0
00AYGR0026,E00015915,0,0,0,0,0,0
00AHGQ0031,E00005352,0,0,0,0,0,0
00AHGQ0035,E00005356,0,0,0,0,0,0
00AHGQ0033,E00005354,0,0,0,0,0,0
00AHGQ0007,E00005328,0,0,0,0,0,0
00AYGR0039,E00015928,0,0,0,0,0,0
00AHGK0031,E00005124,0,0,0,0,0,0
00AHGK0026,E00005119,0,0,0,0,0,0
00AYGR0028,E00015917,0,0,0,0,0,0
00AFGQ0007,E00003650,0,0,0,0,0,0
00AFGM0028,E00003520,0,0,0,0,0,0
00ABGL0023,E00000473,0,0,0,0,0,0
00BJGU0020,E00023386,0,0,0,0,0,0
00BCFY0017,E00018353,0,0,0,0,0,0
00ARGQ0004,E00011695,0,0,0,0,0,0
00ARGW0024,E00011924,0,0,0,0,0,0
00ARGW0011,E00011911,0,0,0,0,0,0
00BJGC0040,E00022665,0,0,0,0,0,0
00AHGJ0039,E00005093,0,0,0,0,0,0
00BJGC0019,E00022644,0,0,0,0,0,0
00AAFQ0008,E00000017,0,0,1,0,1,0
00AHGQ0011,E00005332,0,0,0,0,0,0
00BDGD0027,E00019332,0,0,0,0,0,0
00AHGX0020,E00005592,0,0,0,0,0,0
00AFGE0027,E00003181,0,0,0,0,0,0
00BJGL0029,E00023029,0,0,0,0,0,0
00AFGE0029,E00003183,0,0,0,0,0,0
00AFGQ0011,E00003654,0,0,0,0,0,0
00ASGP0029,E00012202,0,0,0,0,0,0
00ATFY0008,E00012720,0,0,0,0,0,0
00ASGX0030,E00012449,0,0,0,0,0,0
00ASGP0020,E00012193,0,0,0,0,0,0
00ASGR0017,E00012261,0,0,0,0,0,0
00ASGQ0029,E00012237,0,0,0,0,0,0
00ASGX0001,E00012420,0,0,0,0,0,0
00AJGT0005,E00006601,0,0,0,0,0,0
00ASGX0021,E00012440,0,0,0,0,0,0
00ASGT0022,E00012332,0,0,0,0,0,0
00ASGN0004,E00012152,0,0,0,0,0,0
00AXGC0023,E00014850,0,0,0,0,0,0
00AXGM0009,E00015116,0,0,0,0,0,0
00BDGA0031,E00019239,0,0,0,0,0,0
00BDFZ0007,E00019181,0,0,0,0,0,0
00BFGG0004,E00020667,0,0,0,0,0,0
00BFGC0006,E00020536,0,0,0,0,0,0
00BAGA0008,E00017075,0,0,0,0,0,0
00AYGF0002,E00015436,0,0,0,0,0,0
00ATGM0016,E00013165,0,0,0,0,0,0
00BDFZ0026,E00019200,0,0,0,0,0,0
00AYGF0006,E00015440,0,0,0,0,0,0
00AYGF0017,E00015451,0,0,0,0,0,0
00BDFX0003,E00019112,0,0,0,0,0,0
00ATGR0026,E00013303,0,0,0,0,0,0
00AJGE0009,E00006065,0,0,0,0,0,0
00BDGE0015,E00019350,0,0,0,0,0,0
00BKGH0011,E00023667,0,0,0,0,0,0
00AFGQ0003,E00003646,0,0,0,0,0,0
00BKGQ0020,E00023945,0,0,0,0,0,0
00AFGF0002,E00003186,0,0,0,0,0,0
00AHGX0022,E00005594,0,0,0,0,0,0
00AHGP0021,E00005298,0,0,0,0,0,0
00AHGP0003,E00005280,0,0,0,0,0,0
00AHGP0020,E00005297,0,0,0,0,0,0
00AFGS0019,E00003725,0,0,0,0,0,0
00AYGF0010,E00015444,0,0,0,0,0,0
00AFGZ0023,E00004013,0,0,0,0,0,0
00ATGE0012,E00012931,0,0,0,0,0,0
00AYGF0049,E00015483,0,0,0,0,0,0
00AFGQ0002,E00003645,0,0,0,0,0,0
00AFGQ0005,E00003648,0,0,0,0,0,0
00AFGH0024,E00003308,0,0,0,0,0,0
00AFGQ0015,E00003658,0,0,0,0,0,0
00BJGL0025,E00023025,0,0,0,0,0,0
00ATGL0018,E00013133,0,0,0,0,0,0
00BJGL0028,E00023028,0,0,0,0,0,0
00BJGL0024,E00023024,0,0,0,0,0,0
00AJGJ0015,E00006240,0,0,0,0,0,0
00AFGH0026,E00003310,0,0,0,0,0,0
00AFGH0007,E00003291,0,0,0,0,0,0
00AFGJ0025,E00003353,0,0,0,0,0,0
00AFGM0050,E00003542,0,0,0,0,0,0
00ADGJ0026,E00001892,0,0,0,0,0,0
00ALHB0031,E00008308,0,0,0,0,0,0
00BBGT0012,E00018207,0,0,0,0,0,0
00BBGT0001,E00018196,0,0,0,0,0,0
00AJGD0008,E00006018,0,0,0,0,0,0
00BBGB0041,E00017643,0,0,0,0,0,0
00ADGX0026,E00002300,0,0,0,0,0,0
00ADGX0022,E00002296,0,0,0,0,0,0
00AJGD0006,E00006016,0,0,0,0,0,0
00ADGM0013,E00001984,0,0,0,0,0,0
00AJGQ0023,E00006496,0,0,0,0,0,0
00AJGD0017,E00006027,0,0,0,0,0,0
00AEHA0002,E00002884,0,0,0,0,0,0
00AQGD0017,E00010743,0,0,0,0,0,0
00AXGB0017,E00014817,0,0,0,0,0,0
00AQFZ0027,E00010622,0,0,0,0,0,0
00ACGE0005,E00000926,0,0,0,0,0,0
00ACGQ0027,E00001422,0,0,0,0,0,0
00ACGL0049,E00001254,0,0,0,0,0,0
00ACGM0010,E00001264,0,0,0,0,0,0
00BJGL0018,E00023018,0,0,0,0,0,0
00BJGL0019,E00023019,0,0,0,0,0,0
00ACGP0019,E00001368,0,0,0,0,0,0
00ACGP0031,E00001380,0,0,0,0,0,0
00BAGF0023,E00017254,0,0,0,0,0,0
00AKGP0018,E00007051,0,0,0,0,0,0
00BAGA0013,E00017080,0,0,0,0,0,0
00AKGW0023,E00007315,0,0,0,0,0,0
00BBGU0011,E00018228,0,0,0,0,0,0
00ATFY0020,E00012732,0,0,0,0,0,0
00BBGB0025,E00017627,0,0,0,0,0,0
00ABGL0014,E00000464,0,0,0,0,0,0
00ABGK0015,E00000434,0,0,0,0,0,0
00ARGT0002,E00011821,0,0,0,0,0,0
00ABGB0031,E00000197,0,0,0,0,0,0
00BAGC0032,E00017167,0,0,0,0,0,0
00BCFY0005,E00018341,0,0,0,0,0,0
00ATGE0026,E00012945,0,0,0,0,0,0
00ATGE0017,E00012936,0,0,0,0,0,0
00AKGQ0012,E00007085,0,0,0,0,0,0
00AKGY0028,E00007403,0,0,0,0,0,0
00AKGR0004,E00007127,0,0,0,0,0,0
00BCGK0005,E00018715,0,0,0,0,0,0
00ARGK0004,E00011496,0,0,0,0,0,0
00ARGK0003,E00011495,0,0,0,0,0,0
00ARGK0039,E00011531,0,0,0,0,0,0
00ADGR0010,E00002117,0,0,0,0,0,0
00ARGQ0021,E00011712,0,0,0,0,0,0
00ARGQ0015,E00011706,0,0,0,0,0,0
00BFGM0016,E00020833,0,0,0,0,0,0
00AYGN0004,E00015757,0,0,0,0,0,1
00BFGM0024,E00020841,0,0,0,0,0,0
00ARGW0005,E00011905,0,0,0,0,0,0
00ARGG0007,E00011367,0,0,0,0,0,0
00ARGJ0003,E00011452,0,0,0,0,0,0
00ARGD0025,E00011269,0,0,0,0,0,0
00ATGF0002,E00012956,0,0,0,0,0,0
00AHGU0006,E00005486,0,0,0,0,0,0
00ASGQ0020,E00012228,0,0,0,0,0,0
00BFGM0028,E00020845,0,0,0,0,0,0
00AXGC0009,E00014836,0,0,0,0,0,0
00ARGG0006,E00011366,0,0,0,0,0,0
00AHGJ0006,E00005060,0,0,0,0,0,0
00ASGJ0008,E00012018,0,0,0,0,0,0
00AHGK0032,E00005125,0,0,0,0,0,0
00ATGF0004,E00012958,0,0,0,0,0,0
00ASHD0014,E00012652,0,0,0,0,0,0
00AJGY0011,E00006770,0,0,0,0,0,0
00AXGB0010,E00014810,0,0,0,0,0,0
00BFGM0030,E00020847,0,0,0,0,0,0
00BFGP0008,E00020897,0,0,0,0,0,0
00BFGT0015,E00021050,0,0,0,0,0,0
00AHGU0014,E00005494,0,0,0,0,0,0
00AHGU0013,E00005493,0,0,0,0,0,0
00AHGU0018,E00005498,0,0,0,0,0,0
00BJGL0008,E00023008,0,0,0,0,0,0
00BFGF0015,E00020645,0,0,0,0,0,0
00AJGN0031,E00006430,0,0,0,0,0,0
00BJGL0013,E00023013,0,0,0,0,0,0
00BJGL0020,E00023020,0,0,0,0,0,0
00BJGL0022,E00023022,0,0,0,0,0,0
00AHGG0027,E00004982,0,0,0,0,0,0
00BFGC0030,E00020560,0,0,0,0,0,0
00BJGL0003,E00023003,0,0,0,0,0,0
00AHGU0034,E00005514,0,0,0,0,0,0
00AHGU0009,E00005489,0,0,0,0,0,0
00AHGU0031,E00005511,0,0,0,0,0,0
00AHGU0028,E00005508,0,0,0,0,0,0
00AHGU0008,E00005488,0,0,0,0,0,0
00AHGU0016,E00005496,0,0,0,0,0,0
00AHGU0011,E00005491,0,0,0,0,0,0
00AHGU0017,E00005497,0,0,0,0,0,0
00ATGC0027,E00012884,0,0,0,0,0,0
00ATGC0025,E00012882,0,0,0,0,0,0
00ATGC0022,E00012879,0,0,0,0,0,0
00ASGJ0019,E00012029,0,0,0,0,0,0
00AHGU0022,E00005502,0,0,0,0,0,0
00AHGU0019,E00005499,0,0,0,0,0,0
00AHGU0010,E00005490,0,0,0,0,0,0
00AHGU0007,E00005487,0,0,0,0,0,0
00AHGU0035,E00005515,0,0,0,0,0,0
00AHGU0036,E00005516,0,0,0,0,0,0
00AHGU0038,E00005518,0,0,0,0,0,0
00AHGU0003,E00005483,0,0,0,0,0,0
00AHGU0033,E00005513,0,0,0,0,0,0
00ASGQ0021,E00012229,0,0,0,0,0,0
00AHGU0037,E00005517,0,0,0,0,0,0
00BFGH0014,E00020705,0,0,0,0,0,0
00AHGJ0008,E00005062,0,0,0,0,0,0
00BFGH0015,E00020706,0,0,0,0,0,0
00BFGH0013,E00020704,0,0,0,0,0,0
00BFGH0016,E00020707,0,0,0,0,0,0
00BFGH0012,E00020703,0,0,0,0,0,0
00BFGH0010,E00020701,0,0,0,0,0,0
00BFGE0029,E00020624,0,0,0,0,0,0
00BFGE0002,E00020597,0,0,0,0,0,0
00BFGE0033,E00020628,0,0,0,0,0,0
00AHGU0032,E00005512,0,0,0,0,0,0
00AHGU0002,E00005482,0,0,0,0,0,0
00AHHA0037,E00005749,0,0,0,0,0,0
00AWGC0022,E00014203,0,0,0,0,0,0
00AKGN0039,E00007029,0,0,0,0,0,0
00AFGQ0012,E00003655,0,0,0,0,0,0
00AFGQ0008,E00003651,0,0,0,0,0,0
00ASGP0006,E00012179,0,0,0,0,0,0
00ASGP0015,E00012188,0,0,0,0,0,0
00ASGN0007,E00012155,0,0,0,0,0,0
00AXGC0031,E00014858,0,0,0,0,0,0
00AHGJ0031,E00005085,0,0,0,0,0,0
00BDFZ0025,E00019199,0,0,0,0,0,0
00BFGE0024,E00020619,0,0,0,0,0,0
00BFGE0028,E00020623,0,0,0,0,0,0
00BFGE0031,E00020626,0,0,0,0,0,0
00BFGE0032,E00020627,0,0,0,0,0,0
00BFGE0030,E00020625,0,0,0,0,0,0
00AHGJ0034,E00005088,0,0,0,0,0,0
00AHGJ0036,E00005090,0,0,0,0,0,0
00AHGJ0019,E00005073,0,0,0,0,0,0
00AHGJ0021,E00005075,0,0,0,0,0,0
00AHGJ0001,E00005055,0,0,0,0,0,0
00AHGU0029,E00005509,0,0,0,0,0,0
00ATFY0033,E00012745,0,0,0,0,0,0
00ATFY0006,E00012718,0,0,0,0,0,0
00ATFY0032,E00012744,0,0,0,0,0,0
00ASGQ0023,E00012231,0,0,0,0,0,0
00ATFY0027,E00012739,0,0,0,0,0,0
00ATFY0013,E00012725,0,0,0,0,0,0
00BFGE0034,E00020629,0,0,0,0,0,0
00BFGG0002,E00020665,0,0,0,0,0,0
00AHGK0004,E00005097,0,0,0,0,0,0
00AHGJ0005,E00005059,0,0,0,0,0,0
00AHGJ0003,E00005057,0,0,0,0,0,0
00AHGJ0014,E00005068,0,0,0,0,0,0
00AHGK0015,E00005108,0,0,0,0,0,0
00AHGK0019,E00005112,0,0,0,0,0,0
00AHGK0021,E00005114,0,0,0,0,0,0
00AHGK0017,E00005110,0,0,0,0,0,0
00AHGK0018,E00005111,0,0,0,0,0,0
00AHGK0020,E00005113,0,0,0,0,0,0
00AHGJ0016,E00005070,0,0,0,0,0,0
00AHGK0010,E00005103,0,0,0,0,0,0
00AHGK0013,E00005106,0,0,0,0,0,0
00BFGG0008,E00020671,0,0,0,0,0,0
00AHGK0014,E00005107,0,0,0,0,0,0
00AHGK0008,E00005101,0,0,0,0,0,0
00AHGK0007,E00005100,0,0,0,0,0,0
00AHGK0003,E00005096,0,0,0,0,0,0
00AHGK0016,E00005109,0,0,0,0,0,0
00AHGK0009,E00005102,0,0,0,0,0,0
00AHGK0002,E00005095,0,0,0,0,0,0
00AHGK0011,E00005104,0,0,0,0,0,0
00AHGK0012,E00005105,0,0,0,0,0,0
00AHGK0006,E00005099,0,0,0,0,0,0
00AHGJ0026,E00005080,0,0,0,0,0,0
00AHGJ0038,E00005092,0,0,0,0,0,0
00AHGJ0037,E00005091,0,0,0,0,0,0
00AHGJ0023,E00005077,0,0,0,0,0,0
00AHGJ0028,E00005082,0,0,0,0,0,0
00AHGJ0010,E00005064,0,0,0,0,0,0
00AHGJ0018,E00005072,0,0,0,0,0,0
00AHGJ0011,E00005065,0,0,0,0,0,0
00AHGJ0012,E00005066,0,0,0,0,0,0
00AHGJ0004,E00005058,0,0,0,0,0,0
00AHGJ0030,E00005084,0,0,0,0,0,0
00AHGJ0032,E00005086,0,0,0,0,0,0
00AHGJ0020,E00005074,0,0,0,0,0,0
00AHGJ0024,E00005078,0,0,0,0,0,0
00AHGJ0002,E00005056,0,0,0,0,0,0
00AHGJ0035,E00005089,0,0,0,0,0,0
00AHGJ0022,E00005076,0,0,0,0,0,0
00AHGJ0029,E00005083,0,0,0,0,0,0
00AHGJ0027,E00005081,0,0,0,0,0,0
00AHGJ0025,E00005079,0,0,0,0,0,0
00AHGK0035,E00005128,0,0,0,0,0,0
00AHGK0027,E00005120,0,0,0,0,0,0
00AHGJ0017,E00005071,0,0,0,0,0,0
00AHGJ0009,E00005063,0,0,0,0,0,0
00AHGJ0015,E00005069,0,0,0,0,0,0
00AHGQ0015,E00005336,0,0,0,0,0,0
00AJGD0012,E00006022,0,0,0,0,0,0
00AHGQ0036,E00005357,0,0,0,0,0,0
00AHGQ0014,E00005335,0,0,0,0,0,0
00AHGQ0013,E00005334,0,0,0,0,0,0
00AHGQ0010,E00005331,0,0,0,0,0,0
00AHGQ0041,E00005362,0,0,0,0,0,0
00ATFZ0037,E00012782,0,0,0,0,0,0
00AHGQ0040,E00005361,0,0,0,0,0,0
00BFGG0001,E00020664,0,0,0,0,0,0
00AHGK0005,E00005098,0,0,0,0,0,0
00AHGK0036,E00005129,0,0,0,0,0,0
00AHGK0030,E00005123,0,0,0,0,0,0
00BFGG0006,E00020669,0,0,0,0,0,0
00BFGG0007,E00020670,0,0,0,0,0,0
00AHGK0034,E00005127,0,0,0,0,0,0
00AHGK0033,E00005126,0,0,0,0,0,0
00AHGK0037,E00005130,0,0,0,0,0,0
00BFGG0005,E00020668,0,0,0,0,0,0
00AHGK0001,E00005094,0,0,0,0,0,0
00BFGD0001,E00020563,0,0,0,0,0,0
00ASHC0010,E00012613,0,0,0,0,0,0
00AHGK0038,E00005131,0,0,0,0,0,0
00AHGJ0007,E00005061,0,0,0,0,0,0
00ASGS0012,E00012287,0,0,0,0,0,0
00AHGJ0013,E00005067,0,0,0,0,0,0
00AHGQ0038,E00005359,0,0,0,0,0,0
00AHGK0028,E00005121,0,0,0,0,0,0
00AHGK0029,E00005122,0,0,0,0,0,0
00ASGX0010,E00012429,0,0,0,0,0,0
00AHGT0004,E00005443,0,0,0,0,0,0
00AHGT0018,E00005457,0,0,0,0,0,0
00AHGT0028,E00005467,0,0,0,0,0,0
00AHGQ0021,E00005342,0,0,0,0,0,0
00AHGK0023,E00005116,0,0,0,0,0,0
00AHGQ0001,E00005322,0,0,0,0,0,0
00AHGQ0024,E00005345,0,0,0,0,0,0
00AHGQ0027,E00005348,0,0,0,0,0,0
00ASGX0035,E00012454,0,0,0,0,0,0
00AHGQ0028,E00005349,0,0,0,0,0,0
00AHGK0025,E00005118,0,0,0,0,0,0
00AHGQ0002,E00005323,0,0,0,0,0,0
00AHGQ0020,E00005341,0,0,0,0,0,0
00AHGQ0004,E00005325,0,0,0,0,0,0
00AHGQ0019,E00005340,0,0,0,0,0,0
00AHGQ0006,E00005327,0,0,0,0,0,0
00AXGC0020,E00014847,0,0,0,0,0,0
00AHGQ0022,E00005343,0,0,0,0,0,0
00AHGQ0030,E00005351,0,0,0,0,0,0
00AHGQ0025,E00005346,0,0,0,0,0,0
00AHGQ0026,E00005347,0,0,0,0,0,0
00AHGT0037,E00005476,0,0,0,0,0,0
00AHGT0031,E00005470,0,0,0,0,0,0
00AHGT0033,E00005472,0,0,0,0,0,0
00AHGT0040,E00005479,0,0,0,0,0,0
00AHGT0038,E00005477,0,0,0,0,0,0
00AHGT0035,E00005474,0,0,0,0,0,0
00AFGE0022,E00003176,0,0,0,0,0,0
00AFGE0020,E00003174,0,0,0,0,0,0
00AHGT0023,E00005462,0,0,0,0,0,0
00AFGE0021,E00003175,0,0,0,0,0,0
00AHGT0039,E00005478,0,0,0,0,0,0
00AHGQ0003,E00005324,0,0,0,0,0,0
00AHGK0022,E00005115,0,0,0,0,0,0
00AHGK0024,E00005117,0,0,0,0,0,0
00AHGX0013,E00005585,0,0,0,0,0,0
00AHGT0036,E00005475,0,0,0,0,0,0
00AHGT0029,E00005468,0,0,0,0,0,0
00AHGT0032,E00005471,0,0,0,0,0,0
00AHGT0019,E00005458,0,0,0,0,0,0
00AHGT0016,E00005455,0,0,0,0,0,0
00AHGT0022,E00005461,0,0,0,0,0,0
00AHGT0025,E00005464,0,0,0,0,0,0
00AHGT0013,E00005452,0,0,0,0,0,0
00AHGT0021,E00005460,0,0,0,0,0,0
00AHGT0030,E00005469,0,0,0,0,0,0
00AHGT0034,E00005473,0,0,0,0,0,0
00AHGT0027,E00005466,0,0,0,0,0,0
00AHGT0020,E00005459,0,0,0,0,0,0
00AHGT0024,E00005463,0,0,0,0,0,0
00AHGT0017,E00005456,0,0,0,0,0,0
00AHGT0026,E00005465,0,0,0,0,0,0
00AHGU0004,E00005484,0,0,0,0,0,0
00AFGE0005,E00003159,0,0,0,0,0,0
00ATGE0011,E00012930,0,0,0,0,0,0
00AHGT0003,E00005442,0,0,0,0,0,0
00AHGT0002,E00005441,0,0,0,0,0,0
00AHGQ0016,E00005337,0,0,0,0,0,0
00AHGJ0033,E00005087,0,0,0,0,0,0
00AHGQ0037,E00005358,0,0,0,0,0,0
00AHGQ0018,E00005339,0,0,0,0,0,0
00AHGQ0017,E00005338,0,0,0,0,0,0
00AHGU0025,E00005505,0,0,0,0,0,0
00AHGQ0009,E00005330,0,0,0,0,0,0
00AHGQ0032,E00005353,0,0,0,0,0,0
00AHGQ0039,E00005360,0,0,0,0,0,0
00AHGU0005,E00005485,0,0,0,0,0,0
00AHGQ0023,E00005344,0,0,0,0,0,0
00AHGU0021,E00005501,0,0,0,0,0,0
00AHGU0024,E00005504,0,0,0,0,0,0
00AHGU0015,E00005495,0,0,0,0,0,0
00AHGU0030,E00005510,0,0,0,0,0,0
00AHGX0009,E00005581,0,0,0,0,0,0
00AHGX0011,E00005583,0,0,0,0,0,0
00AHGX0010,E00005582,0,0,0,0,0,0
00AHGX0017,E00005589,0,0,0,0,0,0
00AHGX0034,E00005606,0,0,0,0,0,0
00AHGU0020,E00005500,0,0,0,0,0,0
00AHGU0023,E00005503,0,0,0,0,0,0
00AHGU0012,E00005492,0,0,0,0,0,0
00AHGX0019,E00005591,0,0,0,0,0,0
00AHGX0008,E00005580,0,0,0,0,0,0
00AHGX0006,E00005578,0,0,0,0,0,0
00AHGX0018,E00005590,0,0,0,0,0,0
00AHGX0016,E00005588,0,0,0,0,0,0
00AHGX0007,E00005579,0,0,0,0,0,0
00AHGX0004,E00005576,0,0,0,0,0,0
00AHGX0005,E00005577,0,0,0,0,0,0
00ATFY0029,E00012741,0,0,0,0,0,0
00ATFY0024,E00012736,0,0,0,0,0,0
00ASGY0023,E00012477,0,0,0,0,0,0
00AXGC0012,E00014839,0,0,0,0,0,0
00AXGB0025,E00014825,0,0,0,0,0,0
00AHGP0008,E00005285,0,0,0,0,0,0
00AHGP0009,E00005286,0,0,0,0,0,0
00AFGE0026,E00003180,0,0,0,0,0,0
00ASGS0032,E00012307,0,0,0,0,0,0
00AFGE0024,E00003178,0,0,0,0,0,0
00AFGE0019,E00003173,0,0,0,0,0,0
00AFGE0012,E00003166,0,0,0,0,0,0
00AFGE0023,E00003177,0,0,0,0,0,0
00AFGE0018,E00003172,0,0,0,0,0,0
00AFGE0025,E00003179,0,0,0,0,0,0
00AFGE0016,E00003170,0,0,0,0,0,0
00AFGE0011,E00003165,0,0,0,0,0,0
00AFGE0017,E00003171,0,0,0,0,0,0
00ATGE0014,E00012933,0,0,0,0,0,0
00AFGE0001,E00003155,0,0,0,0,0,0
00AFGE0013,E00003167,0,0,0,0,0,0
00AFGE0003,E00003157,0,0,0,0,0,0
00AFGE0006,E00003160,0,0,0,0,0,0
00AFGE0028,E00003182,0,0,0,0,0,0
00ATGK0018,E00013102,0,0,0,0,0,0
00AFGE0014,E00003168,0,0,0,0,0,0
00AFGE0007,E00003161,0,0,0,0,0,0
00AFGE0008,E00003162,0,0,0,0,0,0
00ATGG0019,E00013008,0,0,0,0,0,0
00AFGE0010,E00003164,0,0,0,0,0,0
00AFGE0004,E00003158,0,0,0,0,0,0
00ASGU0003,E00012349,0,0,0,0,0,0
00AFGE0002,E00003156,0,0,0,0,0,0
00AFGE0015,E00003169,0,0,0,0,0,0
00AHGR0010,E00005374,0,0,0,0,0,0
00AHGR0015,E00005379,0,0,0,0,0,0
00ATGC0001,E00012858,0,0,0,0,0,0
00ATGC0030,E00012887,0,0,0,0,0,0
00ASGY0004,E00012458,0,0,0,0,0,0
00AXGH0016,E00014995,0,0,0,0,0,0
00ASGY0033,E00012487,0,0,0,0,0,0
00ASGY0027,E00012481,0,0,0,0,0,0
00ATGE0001,E00012920,0,0,0,0,0,0
00ASGY0036,E00012490,0,0,0,0,0,0
00ASGY0003,E00012457,0,0,0,0,0,0
00ASGG0010,E00011950,0,0,0,0,0,0
00ASGY0032,E00012486,0,0,0,0,0,0
00AHGR0018,E00005382,0,0,0,0,0,0
00AHGR0021,E00005385,0,0,0,0,0,0
00AHGR0016,E00005380,0,0,0,0,0,0
00AHGR0005,E00005369,0,0,0,0,0,0
00AHGR0024,E00005388,0,0,0,0,0,0
00AHGR0019,E00005383,0,0,0,0,0,0
00AHGR0022,E00005386,0,0,0,0,0,0
00AHGR0012,E00005376,0,0,0,0,0,0
00AHGR0001,E00005365,0,0,0,0,0,0
00AHGR0007,E00005371,0,0,0,0,0,0
00AHGR0008,E00005372,0,0,0,0,0,0
00AHGR0009,E00005373,0,0,0,0,0,0
00AHGR0013,E00005377,0,0,0,0,0,0
00AHGR0014,E00005378,0,0,0,0,0,0
00AHGR0017,E00005381,0,0,0,0,0,0
00AHGR0020,E00005384,0,0,0,0,0,0
00AHGR0011,E00005375,0,0,0,0,0,0
00AFGQ0009,E00003652,0,0,0,0,0,0
00AFGE0009,E00003163,0,0,0,0,0,0
00AFGE0030,E00003184,0,0,0,0,0,0
00ATGT0002,E00013345,0,0,0,0,0,0
00AFGQ0013,E00003656,0,0,0,0,0,0
00AFGQ0010,E00003653,0,0,0,0,0,0
00AFGQ0004,E00003647,0,0,0,0,0,0
00ATGE0004,E00012923,0,0,0,0,0,0
00ATGE0009,E00012928,0,0,0,0,0,0
00ATGE0006,E00012925,0,0,0,0,0,0
00ATGE0005,E00012924,0,0,0,0,0,0
00ATGE0033,E00012952,0,0,0,0,0,0
00ATGG0013,E00013002,0,0,0,0,0,0
00ATGE0007,E00012926,0,0,0,0,0,0
00ATGE0035,E00012954,0,0,0,0,0,0
00ASGG0005,E00011945,0,0,0,0,0,0
00AHHA0050,E00005762,0,0,0,0,0,0
00ASGL0020,E00012098,0,0,0,0,0,0
00AHHA0012,E00005724,0,0,0,0,0,0
00ASGK0030,E00012073,0,0,0,0,0,0
00AHHA0009,E00005721,0,0,0,0,0,0
00ATGE0034,E00012953,0,0,0,0,0,0
00BJGF0036,E00022803,0,0,0,0,0,0
00ATGG0002,E00012991,0,0,0,0,0,0
00ATGD0012,E00012900,0,0,0,0,0,0
00ATGF0008,E00012962,0,0,0,0,0,0
00ASGT0021,E00012331,0,0,0,0,0,0
00ATGF0007,E00012961,0,0,0,0,0,0
00ATGF0005,E00012959,0,0,0,0,0,0
00BDGB0018,E00019258,0,0,0,0,0,0
00ATGF0006,E00012960,0,0,0,0,0,0
00ATGF0001,E00012955,0,0,0,0,0,0
00ATGG0005,E00012994,0,0,0,0,0,0
00ATGG0010,E00012999,0,0,0,0,0,0
00ATGG0012,E00013001,0,0,0,0,0,0
00ATGG0006,E00012995,0,0,0,0,0,0
00ATGG0015,E00013004,0,0,0,0,0,0
00ATGG0017,E00013006,0,0,0,0,0,0
00ATGG0004,E00012993,0,0,0,0,0,0
00ATGG0008,E00012997,0,0,0,0,0,0
00ATGG0016,E00013005,0,0,0,0,0,0
00ATGG0009,E00012998,0,0,0,0,0,0
00ATGF0003,E00012957,0,0,0,0,0,0
00ATGG0007,E00012996,0,0,0,0,0,0
00ATGG0011,E00013000,0,0,0,0,0,0
00ATGG0003,E00012992,0,0,0,0,0,0
00ATGF0033,E00012987,0,0,0,0,0,0
00ATGG0014,E00013003,0,0,0,0,0,0
00ATGF0025,E00012979,0,0,0,0,0,0
00ATGF0034,E00012988,0,0,0,0,0,0
00ATGF0035,E00012989,0,0,0,0,0,0
00ATGF0024,E00012978,0,0,0,0,0,0
00ATGF0028,E00012982,0,0,0,0,0,0
00ATGF0029,E00012983,0,0,0,0,0,0
00ATGF0023,E00012977,0,0,0,0,0,0
00ATGF0027,E00012981,0,0,0,0,0,0
00ATGF0020,E00012974,0,0,0,0,0,0
00ATGE0031,E00012950,0,0,0,0,0,0
00ATGE0027,E00012946,0,0,0,0,0,0
00ATGE0028,E00012947,0,0,0,0,0,0
00ATFY0007,E00012719,0,0,0,0,0,0
00ATGE0021,E00012940,0,0,0,0,0,0
00ATFY0030,E00012742,0,0,0,0,0,0
00ATFY0011,E00012723,0,0,0,0,0,0
00ATGE0018,E00012937,0,0,0,0,0,0
00ATGE0022,E00012941,0,0,0,0,0,0
00ATGE0025,E00012944,0,0,0,0,0,0
00AXGH0017,E00014996,0,0,0,0,0,0
00ATFY0004,E00012716,0,0,0,0,0,0
00ATFY0009,E00012721,0,0,0,0,0,0
00ATFY0010,E00012722,0,0,0,0,0,0
00ATFY0026,E00012738,0,0,0,0,0,0
00ATFY0028,E00012740,0,0,0,0,0,0
00ATFY0005,E00012717,0,0,0,0,0,0
00ATFY0012,E00012724,0,0,0,0,0,0
00ATFY0031,E00012743,0,0,0,0,0,0
00ATGD0001,E00012889,0,0,0,0,0,0
00ATFY0023,E00012735,0,0,0,0,0,0
00ATFY0021,E00012733,0,0,0,0,0,0
00ATFY0025,E00012737,0,0,0,0,0,0
00AJGG0041,E00006176,0,0,0,0,0,0
00ATFY0019,E00012731,0,0,0,0,0,0
00ATFY0022,E00012734,0,0,0,0,0,0
00AJGY0017,E00006776,0,0,0,0,0,0
00AJGY0014,E00006773,0,0,0,0,0,0
00BAGD0009,E00017176,0,0,0,0,0,0
00BJGA0034,E00022565,0,0,0,0,0,0
00AFHB0025,E00004099,0,0,0,0,0,0
00ATFY0002,E00012714,0,0,0,0,0,0
00ATGG0028,E00013017,0,0,0,0,0,0
00ATFY0016,E00012728,0,0,0,0,0,0
00ATFY0003,E00012715,0,0,0,0,0,0
00ATFY0014,E00012726,0,0,0,0,0,0
00ATFY0001,E00012713,0,0,0,0,0,0
00ATFY0018,E00012730,0,0,0,0,0,0
00ATFY0017,E00012729,0,0,0,0,0,0
00ATGG0022,E00013011,0,0,0,0,0,0
00ATGE0032,E00012951,0,0,0,0,0,0
00ATGE0029,E00012948,0,0,0,0,0,0
00AJGC0002,E00005967,0,0,0,0,0,0
00ATGG0029,E00013018,0,0,0,0,0,0
00AAFQ0007,E00000016,0,0,1,0,1,0
00ATGE0030,E00012949,0,0,0,0,0,0
00ATGG0032,E00013021,0,0,0,0,0,0
00ATGG0034,E00013023,0,0,0,0,0,0
00ATGF0019,E00012973,0,0,0,0,0,0
00ATGE0023,E00012942,0,0,0,0,0,0
00ATGE0024,E00012943,0,0,0,0,0,0
00ATGG0025,E00013014,0,0,0,0,0,0
00ATGG0026,E00013015,0,0,0,0,0,0
00ATGG0001,E00012990,0,0,0,0,0,0
00ATGD0031,E00012919,0,0,0,0,0,0
00ATGE0002,E00012921,0,0,0,0,0,0
00ATGD0004,E00012892,0,0,0,0,0,0
00ATGD0010,E00012898,0,0,0,0,0,0
00ATGE0003,E00012922,0,0,0,0,0,0
00ATGE0010,E00012929,0,0,0,0,0,0
00ATGD0026,E00012914,0,0,0,0,0,0
00ATGE0019,E00012938,0,0,0,0,0,0
00ATGE0020,E00012939,0,0,0,0,0,0
00ATGE0016,E00012935,0,0,0,0,0,0
00ATGG0023,E00013012,0,0,0,0,0,0
00AHGY0022,E00005630,0,0,0,0,0,0
00AHGY0025,E00005633,0,0,0,0,0,0
00ATGE0015,E00012934,0,0,0,0,0,0
00ATGE0013,E00012932,0,0,0,0,0,0
00ATGG0021,E00013010,0,0,0,0,0,0
00ATGD0025,E00012913,0,0,0,0,0,0
00BAGS0028,E00017599,0,0,0,0,0,0
00ATGD0013,E00012901,0,0,0,0,0,0
00ATGD0014,E00012902,0,0,0,0,0,0
00ATGD0027,E00012915,0,0,0,0,0,0
00ATGD0011,E00012899,0,0,0,0,0,0
00ATGD0007,E00012895,0,0,0,0,0,0
00AJGZ0026,E00006814,0,0,0,0,0,0
00ATGD0005,E00012893,0,0,0,0,0,0
00ATGG0020,E00013009,0,0,0,0,0,0
00AFGY0026,E00003973,0,0,0,0,0,0
00ATGG0027,E00013016,0,0,0,0,0,0
00ATGG0024,E00013013,0,0,0,0,0,0
00ATGG0033,E00013022,0,0,0,0,0,0
00BAGS0029,E00017600,0,0,0,0,0,0
00ATGG0030,E00013019,0,0,0,0,0,0
00ATGG0031,E00013020,0,0,0,0,0,0
00ATGD0009,E00012897,0,0,0,0,0,0
00ATGG0018,E00013007,0,0,0,0,0,0
00ATGD0006,E00012894,0,0,0,0,0,0
00ATGD0008,E00012896,0,0,0,0,0,0
00ATGD0002,E00012890,0,0,0,0,0,0
00ASGL0003,E00012081,0,0,0,0,0,0
00ATGD0028,E00012916,0,0,0,0,0,0
00ATGD0022,E00012910,0,0,0,0,0,0
00ATGD0023,E00012911,0,0,0,0,0,0
00ATGD0003,E00012891,0,0,0,0,0,0
00ATGD0024,E00012912,0,0,0,0,0,0
00ATGD0029,E00012917,0,0,0,0,0,0
00ATGD0020,E00012908,0,0,0,0,0,0
00ATGD0018,E00012906,0,0,0,0,0,0
00ATGD0021,E00012909,0,0,0,0,0,0
00ASGP0022,E00012195,0,0,0,0,0,0
00ATGD0017,E00012905,0,0,0,0,0,0
00ATGD0019,E00012907,0,0,0,0,0,0
00BAFX0032,E00017003,0,0,0,0,0,0
00ATGD0030,E00012918,0,0,0,0,0,0
00ATGM0013,E00013162,0,0,0,0,0,0
00ATFY0015,E00012727,0,0,0,0,0,0
00ASGP0025,E00012198,0,0,0,0,0,0
00ASGP0018,E00012191,0,0,0,0,0,0
00ASHE0012,E00012687,0,0,0,0,0,0
00ASHE0015,E00012690,0,0,0,0,0,0
00ASHE0019,E00012694,0,0,0,0,0,0
00AHGY0017,E00005625,0,0,0,0,0,0
00AHGY0027,E00005635,0,0,0,0,0,0
00AHGY0018,E00005626,0,0,0,0,0,0
00AHGY0016,E00005624,0,0,0,0,0,0
00ASGP0026,E00012199,0,0,0,0,0,0
00ASGP0019,E00012192,0,0,0,0,0,0
00ATGK0002,E00013086,0,0,0,0,0,0
00ASHA0019,E00012545,0,0,0,0,0,0
00ASHA0020,E00012546,0,0,0,0,0,0
00ASGP0024,E00012197,0,0,0,0,0,0
00ASGP0016,E00012189,0,0,0,0,0,0
00ATGD0015,E00012903,0,0,0,0,0,0
00ATGD0016,E00012904,0,0,0,0,0,0
00ATGP0017,E00013230,0,0,0,0,0,0
00ATGP0014,E00013227,0,0,0,0,0,0
00ATGC0012,E00012869,0,0,0,0,0,0
00ATGC0021,E00012878,0,0,0,0,0,0
00BAFX0034,E00017005,0,0,0,0,0,0
00ATGP0011,E00013224,0,0,0,0,0,0
00ATGP0001,E00013214,0,0,0,0,0,0
00AQGP0017,E00011036,0,0,0,0,0,0
00ATGP0012,E00013225,0,0,0,0,0,0
00ASGP0028,E00012201,0,0,0,0,0,0
00ATGC0019,E00012876,0,0,0,0,0,0
00BAGP0013,E00017490,0,0,0,0,0,0
00ATGC0003,E00012860,0,0,0,0,0,0
00ATGC0002,E00012859,0,0,0,0,0,0
00ATGC0017,E00012874,0,0,0,0,0,0
00ATGC0006,E00012863,0,0,0,0,0,0
00ATGP0007,E00013220,0,0,0,0,0,0
00ASGH0036,E00012009,0,0,0,0,0,0
00ASGH0023,E00011996,0,0,0,0,0,0
00ASGH0024,E00011997,0,0,0,0,0,0
00ATGC0009,E00012866,0,0,0,0,0,0
00ASGH0025,E00011998,0,0,0,0,0,0
00ASGH0017,E00011990,0,0,0,0,0,0
00ASGH0020,E00011993,0,0,0,0,0,0
00ASGH0034,E00012007,0,0,0,0,0,0
00ASGH0032,E00012005,0,0,0,0,0,0
00ASGH0002,E00011975,0,0,0,0,0,0
00ASGH0033,E00012006,0,0,0,0,0,0
00ATGC0018,E00012875,0,0,0,0,0,0
00ATGC0010,E00012867,0,0,0,0,0,0
00ATGC0020,E00012877,0,0,0,0,0,0
00ATGP0016,E00013229,0,0,0,0,0,0
00ATGC0013,E00012870,0,0,0,0,0,0
00ATGP0010,E00013223,0,0,0,0,0,0
00ATGC0014,E00012871,0,0,0,0,0,0
00ATGC0016,E00012873,0,0,0,0,0,0
00ATGC0015,E00012872,0,0,0,0,0,0
00ATGP0024,E00013237,0,0,0,0,0,0
00ATGP0019,E00013232,0,0,0,0,0,0
00ASGJ0018,E00012028,0,0,0,0,0,0
00ASHA0017,E00012543,0,0,0,0,0,0
00ATGC0004,E00012861,0,0,0,0,0,0
00AHGY0012,E00005620,0,0,0,0,0,0
00AFGS0007,E00003713,0,0,0,0,0,0
00ATGP0018,E00013231,0,0,0,0,0,0
00ATGP0021,E00013234,0,0,0,0,0,0
00ATGH0001,E00013024,0,0,0,0,0,0
00ATGC0031,E00012888,0,0,0,0,0,0
00ATGC0028,E00012885,0,0,0,0,0,0
00ATGC0029,E00012886,0,0,0,0,0,0
00ATGC0005,E00012862,0,0,0,0,0,0
00ATGC0024,E00012881,0,0,0,0,0,0
00ATGC0026,E00012883,0,0,0,0,0,0
00ATGK0006,E00013090,0,0,0,0,0,0
00ATGK0007,E00013091,0,0,0,0,0,0
00ASGQ0035,E00012243,0,0,0,0,0,0
00ATGK0022,E00013106,0,0,0,0,0,0
00ATGK0024,E00013108,0,0,0,0,0,0
00ATGK0023,E00013107,0,0,0,0,0,0
00ATGK0021,E00013105,0,0,0,0,0,0
00ATGK0019,E00013103,0,0,0,0,0,0
00ASGQ0026,E00012234,0,0,0,0,0,0
00AHGF0038,E00004951,0,0,0,0,0,0
00AHGF0036,E00004949,0,0,0,0,0,0
00AHGY0002,E00005610,0,0,0,0,0,0
00AFGP0002,E00003600,0,0,0,0,0,0
00AFGD0030,E00003139,0,0,0,0,0,0
00ATGH0003,E00013026,0,0,0,0,0,0
00ATGH0020,E00013043,0,0,0,0,0,0
00ATGH0021,E00013044,0,0,0,0,0,0
00ATGH0024,E00013047,0,0,0,0,0,0
00ATGH0026,E00013049,0,0,0,0,0,0
00ASGP0011,E00012184,0,0,0,0,0,0
00ATGK0020,E00013104,0,0,0,0,0,0
00ATGH0028,E00013051,0,0,0,0,0,0
00ASGP0012,E00012185,0,0,0,0,0,0
00ATGK0017,E00013101,0,0,0,0,0,0
00ATGK0015,E00013099,0,0,0,0,0,0
00ASGP0034,E00012207,0,0,0,0,0,0
00ATGK0013,E00013097,0,0,0,0,0,0
00ATGK0014,E00013098,0,0,0,0,0,0
00ASGP0035,E00012208,0,0,0,0,0,0
00ATGK0016,E00013100,0,0,0,0,0,0
00ATGH0015,E00013038,0,0,0,0,0,0
00ASHB0011,E00012576,0,0,0,0,0,0
00ATGH0016,E00013039,0,0,0,0,0,0
00ATGK0001,E00013085,0,0,0,0,0,0
00ATGK0009,E00013093,0,0,0,0,0,0
00ASGP0008,E00012181,0,0,0,0,0,0
00ASHB0001,E00012566,0,0,0,0,0,0
00ASHB0035,E00012600,0,0,0,0,0,0
00ASHB0013,E00012578,0,0,0,0,0,0
00ASHB0015,E00012580,0,0,0,0,0,0
00ASHB0014,E00012579,0,0,0,0,0,0
00ASGP0001,E00012174,0,0,0,0,0,0
00ASGP0031,E00012204,0,0,0,0,0,0
00ASHB0012,E00012577,0,0,0,0,0,0
00ASGR0014,E00012258,0,0,0,0,0,0
00ASGR0020,E00012264,0,0,0,0,0,0
00ASGR0025,E00012269,0,0,0,0,0,0
00ASGR0021,E00012265,0,0,0,0,0,0
00ASGP0032,E00012205,0,0,0,0,0,0
00ASHB0016,E00012581,0,0,0,0,0,0
00ASHB0004,E00012569,0,0,0,0,0,0
00ASHB0034,E00012599,0,0,0,0,0,0
00ASHB0006,E00012571,0,0,0,0,0,0
00ASHB0005,E00012570,0,0,0,0,0,0
00ASHB0031,E00012596,0,0,0,0,0,0
00ASHB0003,E00012568,0,0,0,0,0,0
00ASHB0017,E00012582,0,0,0,0,0,0
00ASHB0022,E00012587,0,0,0,0,0,0
00ASHB0019,E00012584,0,0,0,0,0,0
00ASHB0018,E00012583,0,0,0,0,0,0
00ASHB0027,E00012592,0,0,0,0,0,0
00ASHB0024,E00012589,0,0,0,0,0,0
00BEGG0011,E00019859,0,0,0,0,0,0
00ASGR0006,E00012250,0,0,0,0,0,0
00ASGR0010,E00012254,0,0,0,0,0,0
00AFGD0024,E00003133,0,0,0,0,0,0
00ASHB0029,E00012594,0,0,0,0,0,0
00ASHB0009,E00012574,0,0,0,0,0,0
00ASGP0030,E00012203,0,0,0,0,0,0
00ASHB0036,E00012601,0,0,0,0,0,0
00ASHB0007,E00012572,0,0,0,0,0,0
00ASHB0010,E00012575,0,0,0,0,0,0
00ASHB0037,E00012602,0,0,0,0,0,0
00ASHB0002,E00012567,0,0,0,0,0,0
00ASHB0038,E00012603,0,0,0,0,0,0
00ASHE0028,E00012703,0,0,0,0,0,0
00ASHB0030,E00012595,0,0,0,0,0,0
00ASHB0032,E00012597,0,0,0,0,0,0
00ASHB0020,E00012585,0,0,0,0,0,0
00ASHB0023,E00012588,0,0,0,0,0,0
00ASHB0025,E00012590,0,0,0,0,0,0
00ASHB0021,E00012586,0,0,0,0,0,0
00ASHE0027,E00012702,0,0,0,0,0,0
00ASHE0020,E00012695,0,0,0,0,0,0
00ASHE0026,E00012701,0,0,0,0,0,0
00ASHE0023,E00012698,0,0,0,0,0,0
00ASHE0022,E00012697,0,0,0,0,0,0
00BJGL0004,E00023004,0,0,0,0,0,0
00ASHE0025,E00012700,0,0,0,0,0,0
00ASHA0006,E00012532,0,0,0,0,0,0
00ASHC0009,E00012612,0,0,0,0,0,0
00ASHA0010,E00012536,0,0,0,0,0,0
00ASHE0013,E00012688,0,0,0,0,0,0
00ASHE0016,E00012691,0,0,0,0,0,0
00ASHA0013,E00012539,0,0,0,0,0,0
00ASHA0014,E00012540,0,0,0,0,0,0
00ASGJ0030,E00012040,0,0,0,0,0,0
00ASGJ0031,E00012041,0,0,0,0,0,0
00ASGJ0029,E00012039,0,0,0,0,0,0
00ASHE0034,E00012709,0,0,0,0,0,0
00ASGJ0026,E00012036,0,0,0,0,0,0
00ASGJ0028,E00012038,0,0,0,0,0,0
00ASHC0006,E00012609,0,0,0,0,0,0
00ASHE0010,E00012685,0,0,0,0,0,0
00ASGJ0027,E00012037,0,0,0,0,0,0
00ASHE0021,E00012696,0,0,0,0,0,0
00ASHE0017,E00012692,0,0,0,0,0,0
00ASHE0018,E00012693,0,0,0,0,0,0
00ASHE0001,E00012676,0,0,0,0,0,0
00ASHE0004,E00012679,0,0,0,0,0,0
00ASHE0014,E00012689,0,0,0,0,0,0
00ASHE0011,E00012686,0,0,0,0,0,0
00ASHE0003,E00012678,0,0,0,0,0,0
00ASHE0031,E00012706,0,0,0,0,0,0
00ASHE0007,E00012682,0,0,0,0,0,0
00ASHA0004,E00012530,0,0,0,0,0,0
00ASHA0012,E00012538,0,0,0,0,0,0
00ASGJ0007,E00012017,0,0,0,0,0,0
00ASHA0011,E00012537,0,0,0,0,0,0
00ASHA0009,E00012535,0,0,0,0,0,0
00ASHC0004,E00012607,0,0,0,0,0,0
00ASGJ0013,E00012023,0,0,0,0,0,0
00ASGJ0006,E00012016,0,0,0,0,0,0
00BDGA0030,E00019238,0,0,0,0,0,0
00ASGJ0020,E00012030,0,0,0,0,0,0
00ASGJ0023,E00012033,0,0,0,0,0,0
00ASHA0008,E00012534,0,0,0,0,0,0
00ASHA0007,E00012533,0,0,0,0,0,0
00ASHA0005,E00012531,0,0,0,0,0,0
00ASHA0039,E00012565,0,0,0,0,0,0
00ASHC0032,E00012635,0,0,0,0,0,0
00ASHA0037,E00012563,0,0,0,0,0,0
00ASGP0010,E00012183,0,0,0,0,0,0
00ASGJ0016,E00012026,0,0,0,0,0,0
00ASGJ0011,E00012021,0,0,0,0,0,0
00ASHE0029,E00012704,0,0,0,0,0,0
00ASGJ0012,E00012022,0,0,0,0,0,0
00ASHE0037,E00012712,0,0,0,0,0,0
00ASGJ0017,E00012027,0,0,0,0,0,0
00ASGP0021,E00012194,0,0,0,0,0,0
00ASGP0002,E00012175,0,0,0,0,0,0
00ASHC0031,E00012634,0,0,0,0,0,0
00ASHC0035,E00012638,0,0,0,0,0,0
00ASGP0004,E00012177,0,0,0,0,0,0
00ASGP0009,E00012182,0,0,0,0,0,0
00ASGP0007,E00012180,0,0,0,0,0,0
00ASGP0033,E00012206,0,0,0,0,0,0
00ASHB0008,E00012573,0,0,0,0,0,0
00ASHB0033,E00012598,0,0,0,0,0,0
00BDGC0003,E00019275,0,0,0,0,0,0
00ASHB0026,E00012591,0,0,0,0,0,0
00ASHB0028,E00012593,0,0,0,0,0,0
00ASGM0019,E00012131,0,0,0,0,0,0
00ASHC0033,E00012636,0,0,0,0,0,0
00ASGM0015,E00012127,0,0,0,0,0,0
00ASGP0005,E00012178,0,0,0,0,0,0
00ASGW0016,E00012399,0,0,0,0,0,0
00ASGW0021,E00012404,0,0,0,0,0,0
00BJGL0043,E00023043,0,0,0,0,0,0
00ASGW0032,E00012415,0,0,0,0,0,0
00ASGW0027,E00012410,0,0,0,0,0,0
00ASGW0003,E00012386,0,0,0,0,0,0
00ASGW0028,E00012411,0,0,0,0,0,0
00ASGW0020,E00012403,0,0,0,0,0,0
00AFGD0011,E00003120,0,0,0,0,0,0
00BJGL0040,E00023040,0,0,0,0,0,0
00AFGD0013,E00003122,0,0,0,0,0,0
00AFGD0021,E00003130,0,0,0,0,0,0
00AFGD0025,E00003134,0,0,0,0,0,0
00ASGW0004,E00012387,0,0,0,0,0,0
00ASGW0036,E00012419,0,0,0,0,0,0
00ASGW0002,E00012385,0,0,0,0,0,0
00ATGK0028,E00013112,0,0,0,0,0,0
00ASGW0023,E00012406,0,0,0,0,0,0
00ASGW0001,E00012384,0,0,0,0,0,0
00ASGW0029,E00012412,0,0,0,0,0,0
00BKGP0018,E00023897,0,0,0,0,0,0
00ASGW0005,E00012388,0,0,0,0,0,0
00BJGK0040,E00022991,0,0,0,0,0,0
00ASGW0012,E00012395,0,0,0,0,0,0
00ASGW0008,E00012391,0,0,0,0,0,0
00ASGW0011,E00012394,0,0,0,0,0,0
00ASGW0006,E00012389,0,0,0,0,0,0
00ASGW0007,E00012390,0,0,0,0,0,0
00ASGW0010,E00012393,0,0,0,0,0,0
00ASGW0018,E00012401,0,0,0,0,0,0
00ASGW0013,E00012396,0,0,0,0,0,0
00ASGW0014,E00012397,0,0,0,0,0,0
00ASGW0015,E00012398,0,0,0,0,0,0
00ASGW0009,E00012392,0,0,0,0,0,0
00ASGH0007,E00011980,0,0,0,0,0,0
00ASGW0019,E00012402,0,0,0,0,0,0
00ASGH0009,E00011982,0,0,0,0,0,0
00ASGY0022,E00012476,0,0,0,0,0,0
00ASGW0017,E00012400,0,0,0,0,0,0
00BAGC0018,E00017153,0,0,0,0,0,0
00ASGH0001,E00011974,0,0,0,0,0,0
00ASGY0025,E00012479,0,0,0,0,0,0
00ASGP0023,E00012196,0,0,0,0,0,0
00ATGK0010,E00013094,0,0,0,0,0,0
00BJGL0009,E00023009,0,0,0,0,0,0
00ATGC0023,E00012880,0,0,0,0,0,0
00ATGK0011,E00013095,0,0,0,0,0,0
00BJGL0039,E00023039,0,0,0,0,0,0
00ATGK0005,E00013089,0,0,0,0,0,0
00ATGK0012,E00013096,0,0,0,0,0,0
00ATGK0008,E00013092,0,0,0,0,0,0
00ASGW0034,E00012417,0,0,0,0,0,0
00ASGW0026,E00012409,0,0,0,0,0,0
00ASGW0030,E00012413,0,0,0,0,0,0
00ASGU0031,E00012377,0,0,0,0,0,0
00ASGW0033,E00012416,0,0,0,0,0,0
00ASGW0022,E00012405,0,0,0,0,0,0
00ASGH0008,E00011981,0,0,0,0,0,0
00ASGY0021,E00012475,0,0,0,0,0,0
00ASGH0010,E00011983,0,0,0,0,0,0
00ASGY0024,E00012478,0,0,0,0,0,0
00ASGW0025,E00012408,0,0,0,0,0,0
00ASGW0031,E00012414,0,0,0,0,0,0
00AJGZ0008,E00006796,0,0,0,0,0,0
00ATGK0025,E00013109,0,0,0,0,0,0
00ATGK0003,E00013087,0,0,0,0,0,0
00ATGK0030,E00013114,0,0,0,0,0,0
00ATGK0026,E00013110,0,0,0,0,0,0
00ATGK0031,E00013115,0,0,0,0,0,0
00ATGK0027,E00013111,0,0,0,0,0,0
00AJGZ0014,E00006802,0,0,0,0,0,0
00AJGZ0011,E00006799,0,0,0,0,0,0
00ATGK0029,E00013113,0,0,0,0,0,0
00AXGH0015,E00014994,0,0,0,0,0,0
00AJGZ0009,E00006797,0,0,0,0,0,0
00ATGJ0024,E00013077,0,0,0,0,0,0
00ASGY0017,E00012471,0,0,0,0,0,0
00AJGZ0015,E00006803,0,0,0,0,0,0
00AJGZ0031,E00006819,0,0,0,0,0,0
00AJGZ0022,E00006810,0,0,0,0,0,0
00AJGZ0013,E00006801,0,0,0,0,0,0
00AJGZ0012,E00006800,0,0,0,0,0,0
00AJGZ0025,E00006813,0,0,0,0,0,0
00ASGY0018,E00012472,0,0,0,0,0,0
00ASGY0020,E00012474,0,0,0,0,0,0
00ASGY0019,E00012473,0,0,0,0,0,0
00ASGU0032,E00012378,0,0,0,0,0,0
00AJGZ0003,E00006791,0,0,0,0,0,0
00AJGZ0018,E00006806,0,0,0,0,0,0
00AJGZ0005,E00006793,0,0,0,0,0,0
00AJGZ0004,E00006792,0,0,0,0,0,0
00AJGZ0021,E00006809,0,0,0,0,0,0
00AJGZ0027,E00006815,0,0,0,0,0,0
00ASGL0022,E00012100,0,0,0,0,0,0
00AXGH0011,E00014990,0,0,0,0,0,0
00AXGJ0005,E00015012,0,0,0,0,0,0
00AXGJ0010,E00015017,0,0,0,0,0,0
00AXGJ0008,E00015015,0,0,0,0,0,0
00AXGH0009,E00014988,0,0,0,0,0,0
00BDGA0025,E00019233,0,0,0,0,0,0
00BDGA0026,E00019234,0,0,0,0,0,0
00BFGC0013,E00020543,0,0,0,0,0,0
00BDGA0024,E00019232,0,0,0,0,0,0
00BAGC0003,E00017138,0,0,0,0,0,0
00BAGC0016,E00017151,0,0,0,0,0,0
00BAGC0010,E00017145,0,0,0,0,0,0
00AJGZ0024,E00006812,0,0,0,0,0,0
00AJGZ0001,E00006789,0,0,0,0,0,0
00AHHC0049,E00005860,0,0,0,0,0,0
00AJGZ0028,E00006816,0,0,0,0,0,0
00AJGZ0016,E00006804,0,0,0,0,0,0
00AJGZ0019,E00006807,0,0,0,0,0,0
00AJGZ0020,E00006808,0,0,0,0,0,0
00AJGZ0023,E00006811,0,0,0,0,0,0
00AJGY0006,E00006765,0,0,0,0,0,0
00ASHE0024,E00012699,0,0,0,0,0,0
00ASGJ0022,E00012032,0,0,0,0,0,0
00ASGH0003,E00011976,0,0,0,0,0,0
00ASGH0006,E00011979,0,0,0,0,0,0
00ASGH0005,E00011978,0,0,0,0,0,0
00AHGW0001,E00005519,0,0,0,0,0,0
00ASGH0027,E00012000,0,0,0,0,0,0
00ASGH0035,E00012008,0,0,0,0,0,0
00ASGH0004,E00011977,0,0,0,0,0,0
00ASGH0037,E00012010,0,0,0,0,0,0
00AHHD0008,E00005868,0,0,0,0,0,0
00ASHE0008,E00012683,0,0,0,0,0,0
00ASHE0030,E00012705,0,0,0,0,0,0
00ASGJ0010,E00012020,0,0,0,0,0,0
00ASGJ0009,E00012019,0,0,0,0,0,0
00ASGJ0005,E00012015,0,0,0,0,0,0
00ASHE0005,E00012680,0,0,0,0,0,0
00ASHE0006,E00012681,0,0,0,0,0,0
00ASGY0034,E00012488,0,0,0,0,0,0
00ASGH0016,E00011989,0,0,0,0,0,0
00ASGH0030,E00012003,0,0,0,0,0,0
00ASGH0029,E00012002,0,0,0,0,0,0
00ASGH0019,E00011992,0,0,0,0,0,0
00ASGY0007,E00012461,0,0,0,0,0,0
00ASGY0010,E00012464,0,0,0,0,0,0
00ASGH0028,E00012001,0,0,0,0,0,0
00ASGH0022,E00011995,0,0,0,0,0,0
00ASGH0018,E00011991,0,0,0,0,0,0
00ASGH0026,E00011999,0,0,0,0,0,0
00ASGH0021,E00011994,0,0,0,0,0,0
00ASGH0031,E00012004,0,0,0,0,0,0
00ASGY0030,E00012484,0,0,0,0,0,0
00ASGY0026,E00012480,0,0,0,0,0,0
00BJGC0050,E00022675,0,0,0,0,0,0
00ASHE0033,E00012708,0,0,0,0,0,0
00ASGJ0024,E00012034,0,0,0,0,0,0
00ASGH0015,E00011988,0,0,0,0,0,0
00ASGJ0025,E00012035,0,0,0,0,0,0
00ASGJ0015,E00012025,0,0,0,0,0,0
00ASGJ0014,E00012024,0,0,0,0,0,0
00ASGH0011,E00011984,0,0,0,0,0,0
00ASGJ0001,E00012011,0,0,0,0,0,0
00BJGC0014,E00022639,0,0,0,0,0,0
00ASGQ0024,E00012232,0,0,0,0,0,0
00ASGQ0025,E00012233,0,0,0,0,0,0
00ASGL0007,E00012085,0,0,0,0,0,0
00ASGL0014,E00012092,0,0,0,0,0,0
00ASGH0012,E00011985,0,0,0,0,0,0
00BJGC0043,E00022668,0,0,0,0,0,0
00ASGL0006,E00012084,0,0,0,0,0,0
00ASGL0018,E00012096,0,0,0,0,0,0
00ASGH0014,E00011987,0,0,0,0,0,0
00ASGH0013,E00011986,0,0,0,0,0,0
00ASGL0021,E00012099,0,0,0,0,0,0
00ASGL0001,E00012079,0,0,0,0,0,0
00ASGL0017,E00012095,0,0,0,0,0,0
00ASGG0031,E00011971,0,0,0,0,0,0
00ASGL0016,E00012094,0,0,0,0,0,0
00ASGL0019,E00012097,0,0,0,0,0,0
00ASGL0013,E00012091,0,0,0,0,0,0
00ASGL0015,E00012093,0,0,0,0,0,0
00ASGL0005,E00012083,0,0,0,0,0,0
00ASGL0004,E00012082,0,0,0,0,0,0
00ASGL0010,E00012088,0,0,0,0,0,0
00ASGL0011,E00012089,0,0,0,0,0,0
00AJGY0002,E00006761,0,0,0,0,0,0
00ASGL0008,E00012086,0,0,0,0,0,0
00ASGY0002,E00012456,0,0,0,0,0,0
00AJGY0004,E00006763,0,0,0,0,0,0
00ASGY0009,E00012463,0,0,0,0,0,0
00ASGY0016,E00012470,0,0,0,0,0,0
00ASGY0001,E00012455,0,0,0,0,0,0
00AJGY0008,E00006767,0,0,0,0,0,0
00AJGY0027,E00006786,0,0,0,0,0,0
00AJGY0028,E00006787,0,0,0,0,0,0
00ASGY0012,E00012466,0,0,0,0,0,0
00AJGY0023,E00006782,0,0,0,0,0,0
00ASHD0011,E00012649,0,0,0,0,0,0
00ASGY0014,E00012468,0,0,0,0,0,0
00ASGY0015,E00012469,0,0,0,0,0,0
00ASGY0013,E00012467,0,0,0,0,0,0
00AJGY0020,E00006779,0,0,0,0,0,0
00AJGY0016,E00006775,0,0,0,0,0,0
00AJGY0021,E00006780,0,0,0,0,0,0
00AJGY0026,E00006785,0,0,0,0,0,0
00ASGG0004,E00011944,0,0,0,0,0,0
00ASGL0009,E00012087,0,0,0,0,0,0
00ASGG0007,E00011947,0,0,0,0,0,0
00ASGG0002,E00011942,0,0,0,0,0,0
00ASGY0029,E00012483,0,0,0,0,0,0
00ASGG0032,E00011972,0,0,0,0,0,0
00ASGL0002,E00012080,0,0,0,0,0,0
00ASGY0011,E00012465,0,0,0,0,0,0
00ASGY0005,E00012459,0,0,0,0,0,0
00ASGY0008,E00012462,0,0,0,0,0,0
00ASGY0035,E00012489,0,0,0,0,0,0
00ASGY0006,E00012460,0,0,0,0,0,0
00ASGG0018,E00011958,0,0,0,0,0,0
00ASGY0028,E00012482,0,0,0,0,0,0
00ASGY0031,E00012485,0,0,0,0,0,0
00ASGG0016,E00011956,0,0,0,0,0,0
00ASGG0019,E00011959,0,0,0,0,0,0
00ASGG0015,E00011955,0,0,0,0,0,0
00ASGG0020,E00011960,0,0,0,0,0,0
00AJGY0013,E00006772,0,0,0,0,0,0
00AJGY0018,E00006777,0,0,0,0,0,0
00ASHD0012,E00012650,0,0,0,0,0,0
00ASHD0004,E00012642,0,0,0,0,0,0
00ASHD0008,E00012646,0,0,0,0,0,0
00ASHD0010,E00012648,0,0,0,0,0,0
00ASHD0005,E00012643,0,0,0,0,0,0
00ASHD0037,E00012675,0,0,0,0,0,0
00BDGA0011,E00019219,0,0,0,0,0,0
00BAGC0005,E00017140,0,0,0,0,0,0
00BAGC0001,E00017136,0,0,0,0,0,0
00AQGL0005,E00010935,0,0,0,0,0,0
00BAGD0004,E00017171,0,0,0,0,0,0
00BAGG0001,E00017265,0,0,0,0,0,0
00AJGY0012,E00006771,0,0,0,0,0,0
00ASGG0006,E00011946,0,0,0,0,0,0
00ASGG0033,E00011973,0,0,0,0,0,0
00ASGT0011,E00012321,0,0,0,0,0,0
00ASGG0008,E00011948,0,0,0,0,0,0
00ASGG0011,E00011951,0,0,0,0,0,0
00ASGG0012,E00011952,0,0,0,0,0,0
00ASGG0014,E00011954,0,0,0,0,0,0
00ASGG0009,E00011949,0,0,0,0,0,0
00ASHD0029,E00012667,0,0,0,0,0,0
00ASGG0013,E00011953,0,0,0,0,0,0
00ASGG0030,E00011970,0,0,0,0,0,0
00ASHD0018,E00012656,0,0,0,0,0,0
00ASGG0001,E00011941,0,0,0,0,0,0
00ASGG0003,E00011943,0,0,0,0,0,0
00BDGB0010,E00019250,0,0,0,0,0,0
00ASGG0029,E00011969,0,0,0,0,0,0
00ASHD0031,E00012669,0,0,0,0,0,0
00ASHA0030,E00012556,0,0,0,0,0,0
00ASGG0024,E00011964,0,0,0,0,0,0
00ASGG0025,E00011965,0,0,0,0,0,0
00ASGG0027,E00011967,0,0,0,0,0,0
00ASGG0028,E00011968,0,0,0,0,0,0
00ASHD0032,E00012670,0,0,0,0,0,0
00ASHD0034,E00012672,0,0,0,0,0,0
00ASHD0001,E00012639,0,0,0,0,0,0
00ASHD0027,E00012665,0,0,0,0,0,0
00BDGB0014,E00019254,0,0,0,0,0,0
00AFGD0008,E00003117,0,0,0,0,0,0
00AFGL0009,E00003440,0,0,0,0,0,0
00ASHD0022,E00012660,0,0,0,0,0,0
00AFGY0029,E00003976,0,0,0,0,0,0
00ASHD0026,E00012664,0,0,0,0,0,0
00ASHD0033,E00012671,0,0,0,0,0,0
00ASHD0028,E00012666,0,0,0,0,0,0
00ASHD0025,E00012663,0,0,0,0,0,0
00ASHA0038,E00012564,0,0,0,0,0,0
00ASHD0019,E00012657,0,0,0,0,0,0
00ASHD0021,E00012659,0,0,0,0,0,0
00ASHD0023,E00012661,0,0,0,0,0,0
00AJGT0039,E00006635,0,0,0,0,0,0
00ASHD0002,E00012640,0,0,0,0,0,0
00ASHD0016,E00012654,0,0,0,0,0,0
00ASHA0032,E00012558,0,0,0,0,0,0
00ASHA0016,E00012542,0,0,0,0,0,0
00AJGT0043,E00006639,0,0,0,0,0,0
00ASHD0003,E00012641,0,0,0,0,0,0
00ASHD0024,E00012662,0,0,0,0,0,0
00AJGT0042,E00006638,0,0,0,0,0,0
00AJGT0040,E00006636,0,0,0,0,0,0
00AJGT0044,E00006640,0,0,0,0,0,0
00ASHA0001,E00012527,0,0,0,0,0,0
00ASHA0036,E00012562,0,0,0,0,0,0
00ASGJ0004,E00012014,0,0,0,0,0,0
00ASGJ0003,E00012013,0,0,0,0,0,0
00ASHA0023,E00012549,0,0,0,0,0,0
00ASHA0034,E00012560,0,0,0,0,0,0
00ASGJ0033,E00012043,0,0,0,0,0,0
00ASHA0033,E00012559,0,0,0,0,0,0
00ASHA0028,E00012554,0,0,0,0,0,0
00ASHA0029,E00012555,0,0,0,0,0,0
00AZGX0040,E00016967,0,0,0,0,0,0
00AZGG0018,E00016273,0,0,0,0,0,0
00AZGX0032,E00016959,0,0,0,0,0,0
00AFGY0001,E00003948,0,0,0,0,0,0
00ASHA0002,E00012528,0,0,0,0,0,0
00ASHA0024,E00012550,0,0,0,0,0,0
00ASHA0018,E00012544,0,0,0,0,0,0
00ASHA0027,E00012553,0,0,0,0,0,0
00ASHA0026,E00012552,0,0,0,0,0,0
00ASHA0003,E00012529,0,0,0,0,0,0
00ASGJ0002,E00012012,0,0,0,0,0,0
00ASGJ0032,E00012042,0,0,0,0,0,0
00ASHA0031,E00012557,0,0,0,0,0,0
00ASHA0035,E00012561,0,0,0,0,0,0
00AFGY0032,E00003979,0,0,0,0,0,0
00ASHA0021,E00012547,0,0,0,0,0,0
00ASHA0025,E00012551,0,0,0,0,0,0
00ASGZ0010,E00012500,0,0,0,0,0,0
00ASGZ0033,E00012523,0,0,0,0,0,0
00ASGZ0036,E00012526,0,0,0,0,0,0
00ASHA0022,E00012548,0,0,0,0,0,0
00ASGZ0013,E00012503,0,0,0,0,0,0
00ASGZ0008,E00012498,0,0,0,0,0,0
00ASGZ0003,E00012493,0,0,0,0,0,0
00ASGZ0006,E00012496,0,0,0,0,0,0
00ASGZ0009,E00012499,0,0,0,0,0,0
00ASGZ0007,E00012497,0,0,0,0,0,0
00ASGZ0002,E00012492,0,0,0,0,0,0
00ASGZ0035,E00012525,0,0,0,0,0,0
00ASHA0015,E00012541,0,0,0,0,0,0
00ASGZ0019,E00012509,0,0,0,0,0,0
00ATFZ0004,E00012749,0,0,0,0,0,0
00ASGZ0020,E00012510,0,0,0,0,0,0
00ASGZ0031,E00012521,0,0,0,0,0,0
00ASGZ0026,E00012516,0,0,0,0,0,0
00ASGZ0024,E00012514,0,0,0,0,0,0
00ASGZ0016,E00012506,0,0,0,0,0,0
00ASGZ0018,E00012508,0,0,0,0,0,0
00ASGZ0030,E00012520,0,0,0,0,0,0
00ASGZ0025,E00012515,0,0,0,0,0,0
00ASGZ0032,E00012522,0,0,0,0,0,0
00ASGZ0004,E00012494,0,0,0,0,0,0
00ASGZ0022,E00012512,0,0,0,0,0,0
00ASGZ0014,E00012504,0,0,0,0,0,0
00ASGR0024,E00012268,0,0,0,0,0,0
00ASGR0030,E00012274,0,0,0,0,0,0
00ASGR0008,E00012252,0,0,0,0,0,0
00ASGR0019,E00012263,0,0,0,0,0,0
00ASGR0023,E00012267,0,0,0,0,0,0
00ASGR0018,E00012262,0,0,0,0,0,0
00ATFZ0003,E00012748,0,0,0,0,0,0
00ASGR0011,E00012255,0,0,0,0,0,0
00ASGR0015,E00012259,0,0,0,0,0,0
00ASGQ0019,E00012227,0,0,0,0,0,0
00ASGR0013,E00012257,0,0,0,0,0,0
00ASGR0003,E00012247,0,0,0,0,0,0
00ASGZ0012,E00012502,0,0,0,0,0,0
00ASGQ0017,E00012225,0,0,0,0,0,0
00AFGY0030,E00003977,0,0,0,0,0,0
00ASGQ0018,E00012226,0,0,0,0,0,0
00ASGL0034,E00012112,0,0,0,0,0,0
00ASGQ0015,E00012223,0,0,0,0,0,0
00ASGQ0022,E00012230,0,0,0,0,0,0
00BDGC0027,E00019299,0,0,0,0,0,0
00ASGL0012,E00012090,0,0,0,0,0,0
00ASGL0032,E00012110,0,0,0,0,0,0
00ASGL0033,E00012111,0,0,0,0,0,0
00ASGZ0011,E00012501,0,0,0,0,0,0
00ASGZ0005,E00012495,0,0,0,0,0,0
00ASGZ0021,E00012511,0,0,0,0,0,0
00ASGZ0034,E00012524,0,0,0,0,0,0
00ASGZ0027,E00012517,0,0,0,0,0,0
00ASGZ0028,E00012518,0,0,0,0,0,0
00ASGZ0029,E00012519,0,0,0,0,0,0
00ASGZ0015,E00012505,0,0,0,0,0,0
00ASGQ0012,E00012220,0,0,0,0,0,0
00ASGL0026,E00012104,0,0,0,0,0,0
00ASGQ0014,E00012222,0,0,0,0,0,0
00ASGQ0016,E00012224,0,0,0,0,0,0
00ASGL0028,E00012106,0,0,0,0,0,0
00ASGQ0005,E00012213,0,0,0,0,0,0
00ASGL0024,E00012102,0,0,0,0,0,0
00ASGQ0007,E00012215,0,0,0,0,0,0
00ASGQ0010,E00012218,0,0,0,0,0,0
00ASGQ0013,E00012221,0,0,0,0,0,0
00ASGQ0009,E00012217,0,0,0,0,0,0
00AFGY0033,E00003980,0,0,0,0,0,0
00ASGL0025,E00012103,0,0,0,0,0,0
00AFGF0019,E00003203,0,0,0,0,0,0
00ASGQ0011,E00012219,0,0,0,0,0,0
00ASGQ0001,E00012209,0,0,0,0,0,0
00ASGQ0008,E00012216,0,0,0,0,0,0
00ASGQ0002,E00012210,0,0,0,0,0,0
00ASGQ0028,E00012236,0,0,0,0,0,0
00ASGQ0006,E00012214,0,0,0,0,0,0
00ASGQ0004,E00012212,0,0,0,0,0,0
00AJGH0031,E00006211,0,0,0,0,0,0
00ASGL0023,E00012101,0,0,0,0,0,0
00ASGL0030,E00012108,0,0,0,0,0,0
00ASGQ0034,E00012242,0,0,0,0,0,0
00ASGL0027,E00012105,0,0,0,0,0,0
00ASGQ0031,E00012239,0,0,0,0,0,0
00ASGQ0033,E00012241,0,0,0,0,0,0
00ASGQ0036,E00012244,0,0,0,0,0,0
00ASGQ0032,E00012240,0,0,0,0,0,0
00ASGL0031,E00012109,0,0,0,0,0,0
00ASGQ0003,E00012211,0,0,0,0,0,0
00ASGQ0030,E00012238,0,0,0,0,0,0
00ASGG0022,E00011962,0,0,0,0,0,0
00ASGQ0027,E00012235,0,0,0,0,0,0
00ASGZ0023,E00012513,0,0,0,0,0,0
00ASGL0029,E00012107,0,0,0,0,0,0
00ASGG0021,E00011961,0,0,0,0,0,0
00ASGG0023,E00011963,0,0,0,0,0,0
00AJGT0041,E00006637,0,0,0,0,0,0
00AJGT0035,E00006631,0,0,0,0,0,0
00AJGT0031,E00006627,0,0,0,0,0,0
00AJGT0034,E00006630,0,0,0,0,0,0
00AJGT0030,E00006626,0,0,0,0,0,0
00AHHD0049,E00005909,0,0,0,0,0,0
00AJGT0024,E00006620,0,0,0,0,0,0
00AJGT0029,E00006625,0,0,0,0,0,0
00AJGT0033,E00006629,0,0,0,0,0,0
00AJGT0027,E00006623,0,0,0,0,0,0
00AJGT0028,E00006624,0,0,0,0,0,0
00AJGT0025,E00006621,0,0,0,0,0,0
00AJGT0015,E00006611,0,0,0,0,0,0
00AJGT0026,E00006622,0,0,0,0,0,0
00AJGT0017,E00006613,0,0,0,0,0,0
00AJGT0023,E00006619,0,0,0,0,0,0
00AJGT0019,E00006615,0,0,0,0,0,0
00AJGT0018,E00006614,0,0,0,0,0,0
00AJGT0016,E00006612,0,0,0,0,0,0
00AJGT0020,E00006616,0,0,0,0,0,0
00ASGX0011,E00012430,0,0,0,0,0,0
00ASGX0012,E00012431,0,0,0,0,0,0
00ASGX0014,E00012433,0,0,0,0,0,0
00AJGT0021,E00006617,0,0,0,0,0,0
00AJGT0014,E00006610,0,0,0,0,0,0
00AJGT0003,E00006599,0,0,0,0,0,0
00AJGT0011,E00006607,0,0,0,0,0,0
00AJGT0006,E00006602,0,0,0,0,0,0
00AJGT0007,E00006603,0,0,0,0,0,0
00AJGT0002,E00006598,0,0,0,0,0,0
00AJGT0012,E00006608,0,0,0,0,0,0
00ASGX0032,E00012451,0,0,0,0,0,0
00ASGK0010,E00012053,0,0,0,0,0,0
00ASGX0025,E00012444,0,0,0,0,0,0
00ASGK0011,E00012054,0,0,0,0,0,0
00AJGS0034,E00006588,0,0,0,0,0,0
00ASGK0017,E00012060,0,0,0,0,0,0
00ASGX0027,E00012446,0,0,0,0,0,0
00AXGC0021,E00014848,0,0,0,0,0,0
00AXGG0014,E00014963,0,0,0,0,0,0
00ASGX0016,E00012435,0,0,0,0,0,0
00ASGX0017,E00012436,0,0,0,0,0,0
00ASGX0018,E00012437,0,0,0,0,0,0
00AJGS0017,E00006571,0,0,0,0,0,0
00AJGS0036,E00006590,0,0,0,0,0,0
00ASGX0019,E00012438,0,0,0,0,0,0
00ASGX0020,E00012439,0,0,0,0,0,0
00ASGX0003,E00012422,0,0,0,0,0,0
00BDGB0027,E00019267,0,0,0,0,0,0
00ASGR0031,E00012275,0,0,0,0,0,0
00ASGR0029,E00012273,0,0,0,0,0,0
00ASGR0026,E00012270,0,0,0,0,0,0
00ASGR0028,E00012272,0,0,0,0,0,0
00ASGR0027,E00012271,0,0,0,0,0,0
00ASGR0007,E00012251,0,0,0,0,0,0
00ASGR0012,E00012256,0,0,0,0,0,0
00ASGR0004,E00012248,0,0,0,0,0,0
00ASGR0009,E00012253,0,0,0,0,0,0
00ASGR0005,E00012249,0,0,0,0,0,0
00AHGW0002,E00005520,0,0,0,0,0,0
00ASGR0001,E00012245,0,0,0,0,0,0
00ASGR0002,E00012246,0,0,0,0,0,0
00ASHC0003,E00012606,0,0,0,0,0,0
00ASGR0022,E00012266,0,0,0,0,0,0
00ASGR0016,E00012260,0,0,0,0,0,0
00ASHC0017,E00012620,0,0,0,0,0,0
00ASGX0004,E00012423,0,0,0,0,0,0
00ASGS0019,E00012294,0,0,0,0,0,0
00ASGS0031,E00012306,0,0,0,0,0,0
00ASGS0024,E00012299,0,0,0,0,0,0
00ASGS0022,E00012297,0,0,0,0,0,0
00ASGS0030,E00012305,0,0,0,0,0,0
00ASHC0015,E00012618,0,0,0,0,0,0
00ASHC0012,E00012615,0,0,0,0,0,0
00AJGH0015,E00006195,0,0,0,0,0,0
00ASHC0013,E00012616,0,0,0,0,0,0
00ASHC0029,E00012632,0,0,0,0,0,0
00ASHC0014,E00012617,0,0,0,0,0,0
00AFGN0010,E00003554,0,0,0,0,0,0
00BDGL0025,E00019574,0,0,0,0,0,0
00AFGN0049,E00003593,0,0,0,0,0,0
00ASHC0030,E00012633,0,0,0,0,0,0
00ASHC0011,E00012614,0,0,0,0,0,0
00ASHC0001,E00012604,0,0,0,0,0,0
00ASHC0002,E00012605,0,0,0,0,0,0
00ASHC0034,E00012637,0,0,0,0,0,0
00ASGS0010,E00012285,0,0,0,0,0,0
00ASGS0016,E00012291,0,0,0,0,0,0
00ASGX0013,E00012432,0,0,0,0,0,0
00ASGX0005,E00012424,0,0,0,0,0,0
00ASGX0006,E00012425,0,0,0,0,0,0
00ASGS0002,E00012277,0,0,0,0,0,0
00ASGS0025,E00012300,0,0,0,0,0,0
00ASGS0023,E00012298,0,0,0,0,0,0
00AXGG0019,E00014968,0,0,0,0,0,0
00ANGC0025,E00009339,0,0,0,0,0,0
00ASGS0011,E00012286,0,0,0,0,0,0
00ASGS0006,E00012281,0,0,0,0,0,0
00ASGS0007,E00012282,0,0,0,0,0,0
00ASGN0016,E00012164,0,0,0,0,0,0
00ASGS0028,E00012303,0,0,0,0,0,0
00ASGS0015,E00012290,0,0,0,0,0,0
00ASGS0009,E00012284,0,0,0,0,0,0
00ASGS0005,E00012280,0,0,0,0,0,0
00ASGX0009,E00012428,0,0,0,0,0,0
00ASGK0019,E00012062,0,0,0,0,0,0
00ASGX0031,E00012450,0,0,0,0,0,0
00ASGS0035,E00012310,0,0,0,0,0,0
00ASGS0034,E00012309,0,0,0,0,0,0
00ASGS0027,E00012302,0,0,0,0,0,0
00ASGS0029,E00012304,0,0,0,0,0,0
00ASGX0008,E00012427,0,0,0,0,0,0
00ASGK0008,E00012051,0,0,0,0,0,0
00ASGS0001,E00012276,0,0,0,0,0,0
00ASGS0033,E00012308,0,0,0,0,0,0
00ASGK0016,E00012059,0,0,0,0,0,0
00ASGK0012,E00012055,0,0,0,0,0,0
00ASGK0015,E00012058,0,0,0,0,0,0
00ASGX0033,E00012452,0,0,0,0,0,0
00ASGK0018,E00012061,0,0,0,0,0,0
00ASGS0026,E00012301,0,0,0,0,0,0
00ASGX0002,E00012421,0,0,0,0,0,0
00ASGX0034,E00012453,0,0,0,0,0,0
00ASGX0007,E00012426,0,0,0,0,0,0
00ASGK0014,E00012057,0,0,0,0,0,0
00ASGX0026,E00012445,0,0,0,0,0,0
00ASGX0028,E00012447,0,0,0,0,0,0
00ASGX0029,E00012448,0,0,0,0,0,0
00ASGX0024,E00012443,0,0,0,0,0,0
00AQGP0026,E00011045,0,0,0,0,0,0
00AQGP0028,E00011047,0,0,0,0,0,0
00ASGS0017,E00012292,0,0,0,0,0,0
00ASGS0020,E00012295,0,0,0,0,0,0
00ASGS0013,E00012288,0,0,0,0,0,0
00ASGS0014,E00012289,0,0,0,0,0,0
00ASGS0008,E00012283,0,0,0,0,0,0
00ASGK0035,E00012078,0,0,0,0,0,0
00ASGS0018,E00012293,0,0,0,0,0,0
00ASGK0034,E00012077,0,0,0,0,0,0
00ASGN0021,E00012169,0,0,0,0,0,0
00ASGK0006,E00012049,0,0,0,0,0,0
00ASGK0032,E00012075,0,0,0,0,0,0
00ASGS0004,E00012279,0,0,0,0,0,0
00ASGS0003,E00012278,0,0,0,0,0,0
00ASGK0001,E00012044,0,0,0,0,0,0
00ASGK0002,E00012045,0,0,0,0,0,0
00ASGK0020,E00012063,0,0,0,0,0,0
00BDGC0011,E00019283,0,0,0,0,0,0
00ASGK0021,E00012064,0,0,0,0,0,0
00ASGK0022,E00012065,0,0,0,0,0,0
00ASGK0027,E00012070,0,0,0,0,0,0
00ASGN0005,E00012153,0,0,0,0,0,0
00ASGK0009,E00012052,0,0,0,0,0,0
00ASGK0029,E00012072,0,0,0,0,0,0
00BAGJ0021,E00017342,0,0,0,0,0,0
00ASGK0003,E00012046,0,0,0,0,0,0
00ASGK0004,E00012047,0,0,0,0,0,0
00AXFX0001,E00014675,0,0,0,0,0,0
00ASGK0007,E00012050,0,0,0,0,0,0
00ASGK0033,E00012076,0,0,0,0,0,0
00ASGK0005,E00012048,0,0,0,0,0,0
00ASGN0019,E00012167,0,0,0,0,0,0
00ASGN0011,E00012159,0,0,0,0,0,0
00AXFY0036,E00014737,0,0,0,0,0,0
00ASGX0023,E00012442,0,0,0,0,0,0
00ASGK0023,E00012066,0,0,0,0,0,0
00AQGP0018,E00011037,0,0,0,0,0,0
00AQGP0024,E00011043,0,0,0,0,0,0
00ASGK0025,E00012068,0,0,0,0,0,0
00ASGK0028,E00012071,0,0,0,0,0,0
00ASGK0024,E00012067,0,0,0,0,0,0
00BJGC0013,E00022638,0,0,0,0,0,0
00ASGK0026,E00012069,0,0,0,0,0,0
00AQGM0005,E00010967,0,0,0,0,0,0
00AQGM0006,E00010968,0,0,0,0,0,0
00ASGN0017,E00012165,0,0,0,0,0,0
00ASGN0014,E00012162,0,0,0,0,0,0
00ASGN0015,E00012163,0,0,0,0,0,0
00ASGN0013,E00012161,0,0,0,0,0,0
00ASGN0010,E00012158,0,0,0,0,0,0
00ASGN0003,E00012151,0,0,0,0,0,0
00ASGN0006,E00012154,0,0,0,0,0,0
00ASHC0028,E00012631,0,0,0,0,0,0
00ASGN0008,E00012156,0,0,0,0,0,0
00ASGN0022,E00012170,0,0,0,0,0,0
00ASGN0018,E00012166,0,0,0,0,0,0
00ASGN0023,E00012171,0,0,0,0,0,0
00ASGN0001,E00012149,0,0,0,0,0,0
00ASGN0024,E00012172,0,0,0,0,0,0
00ASHC0025,E00012628,0,0,0,0,0,0
00ASGN0025,E00012173,0,0,0,0,0,0
00ASGN0020,E00012168,0,0,0,0,0,0
00ASHC0026,E00012629,0,0,0,0,0,0
00ASGN0002,E00012150,0,0,0,0,0,0
00ASHC0024,E00012627,0,0,0,0,0,0
00ASHC0022,E00012625,0,0,0,0,0,0
00ASGM0012,E00012124,0,0,0,0,0,0
00BAGN0015,E00017461,0,0,0,0,0,0
00ASGM0017,E00012129,0,0,0,0,0,0
00ASGM0010,E00012122,0,0,0,0,0,0
00ASHC0008,E00012611,0,0,0,0,0,0
00ASHC0021,E00012624,0,0,0,0,0,0
00ASHC0007,E00012610,0,0,0,0,0,0
00ASHC0023,E00012626,0,0,0,0,0,0
00ASHC0019,E00012622,0,0,0,0,0,0
00ASGU0030,E00012376,0,0,0,0,0,0
00ASHC0020,E00012623,0,0,0,0,0,0
00ASHC0005,E00012608,0,0,0,0,0,0
00ASGM0016,E00012128,0,0,0,0,0,0
00ASHC0018,E00012621,0,0,0,0,0,0
00ASGM0035,E00012147,0,0,0,0,0,0
00ASGU0004,E00012350,0,0,0,0,0,0
00ASGM0011,E00012123,0,0,0,0,0,0
00BDGK0030,E00019548,0,0,0,0,0,0
00ASGM0005,E00012117,0,0,0,0,0,0
00ASGM0006,E00012118,0,0,0,0,0,0
00BDGK0029,E00019547,0,0,0,0,0,0
00ASGM0014,E00012126,0,0,0,0,0,0
00ASGM0018,E00012130,0,0,0,0,0,0
00AXGK0008,E00015042,0,0,0,0,0,0
00ASGT0023,E00012333,0,0,0,0,0,0
00AXGC0029,E00014856,0,0,0,0,0,0
00ANGM0019,E00009662,0,0,0,0,0,0
00AXGC0028,E00014855,0,0,0,0,0,0
00AXGC0030,E00014857,0,0,0,0,0,0
00ASGM0013,E00012125,0,0,0,0,0,0
00ASGM0009,E00012121,0,0,0,0,0,0
00ASGM0003,E00012115,0,0,0,0,0,0
00AXGK0021,E00015055,0,0,0,0,0,0
00ASGM0008,E00012120,0,0,0,0,0,0
00ASGM0002,E00012114,0,0,0,0,0,0
00AQGM0004,E00010966,0,0,0,0,0,0
00ASGM0007,E00012119,0,0,0,0,0,0
00AQGM0002,E00010964,0,0,0,0,0,0
00ASGM0033,E00012145,0,0,0,0,0,0
00ASGM0032,E00012144,0,0,0,0,0,0
00AXGB0006,E00014806,0,0,0,0,0,0
00ASGM0027,E00012139,0,0,0,0,0,0
00AXGB0002,E00014802,0,0,0,0,0,0
00AXGG0006,E00014955,0,0,0,0,0,0
00AXGC0014,E00014841,0,0,0,0,0,0
00AXGC0016,E00014843,0,0,0,0,0,0
00AXGB0007,E00014807,0,0,0,0,0,0
00AXGB0015,E00014815,0,0,0,0,0,0
00ASGU0011,E00012357,0,0,0,0,0,0
00ASGU0036,E00012382,0,0,0,0,0,0
00ASGU0037,E00012383,0,0,0,0,0,0
00ASGU0014,E00012360,0,0,0,0,0,0
00ASGU0035,E00012381,0,0,0,0,0,0
00ASGU0034,E00012380,0,0,0,0,0,0
00ASGM0034,E00012146,0,0,0,0,0,0
00ASGM0030,E00012142,0,0,0,0,0,0
00ASGM0029,E00012141,0,0,0,0,0,0
00ASGM0036,E00012148,0,0,0,0,0,0
00ANGM0021,E00009664,0,0,0,0,0,0
00ASGM0001,E00012113,0,0,0,0,0,0
00ASGM0024,E00012136,0,0,0,0,0,0
00ASGM0021,E00012133,0,0,0,0,0,0
00ASGM0022,E00012134,0,0,0,0,0,0
00ASGU0012,E00012358,0,0,0,0,0,0
00ASGM0023,E00012135,0,0,0,0,0,0
00AQGM0001,E00010963,0,0,0,0,0,0
00ASGM0025,E00012137,0,0,0,0,0,0
00ASGM0020,E00012132,0,0,0,0,0,0
00ASGM0004,E00012116,0,0,0,0,0,0
00ASGM0031,E00012143,0,0,0,0,0,0
00AXGB0019,E00014819,0,0,0,0,0,0
00AXGB0016,E00014816,0,0,0,0,0,0
00AQGM0020,E00010982,0,0,0,0,0,0
00AXGG0024,E00014973,0,0,0,0,0,0
00ANGF0019,E00009441,0,0,0,0,0,0
00AQGM0027,E00010989,0,0,0,0,0,0
00AQGM0016,E00010978,0,0,0,0,0,0
00AQGM0023,E00010985,0,0,0,0,0,0
00AQGM0026,E00010988,0,0,0,0,0,0
00AQGM0029,E00010991,0,0,0,0,0,0
00ASGM0026,E00012138,0,0,0,0,0,0
00AQGM0018,E00010980,0,0,0,0,0,0
00AQGM0022,E00010984,0,0,0,0,0,0
00AQGM0028,E00010990,0,0,0,0,0,0
00AQGM0019,E00010981,0,0,0,0,0,0
00AFGN0053,E00003597,0,0,0,0,0,0
00AFGN0011,E00003555,0,0,0,0,0,0
00ASGU0013,E00012359,0,0,0,0,0,0
00AJGS0040,E00006594,0,0,0,0,0,0
00AJGS0030,E00006584,0,0,0,0,0,0
00AQGM0015,E00010977,0,0,0,0,0,0
00ASGU0008,E00012354,0,0,0,0,0,0
00ASGU0010,E00012356,0,0,0,0,0,0
00ASGU0005,E00012351,0,0,0,0,0,0
00ASGU0009,E00012355,0,0,0,0,0,0
00ASGU0007,E00012353,0,0,0,0,0,0
00ASGU0006,E00012352,0,0,0,0,0,0
00ASGU0028,E00012374,0,0,0,0,0,0
00ASGU0002,E00012348,0,0,0,0,0,0
00ASGU0033,E00012379,0,0,0,0,0,0
00AQGL0007,E00010937,0,0,0,0,0,0
00AFGN0035,E00003579,0,0,0,0,0,0
00ASGU0023,E00012369,0,0,0,0,0,0
00AFGN0034,E00003578,0,0,0,0,0,0
00AQGL0030,E00010960,0,0,0,0,0,0
00AQGL0004,E00010934,0,0,0,0,0,0
00AXGK0028,E00015062,0,0,0,0,0,0
00AQGL0008,E00010938,0,0,0,0,0,0
00AQGL0031,E00010961,0,0,0,0,0,0
00AQGM0010,E00010972,0,0,0,0,0,0
00AQGM0014,E00010976,0,0,0,0,0,0
00AQGM0008,E00010970,0,0,0,0,0,0
00AXGK0024,E00015058,0,0,0,0,0,0
00AQGM0007,E00010969,0,0,0,0,0,0
00AQGL0013,E00010943,0,0,0,0,0,0
00AQGL0001,E00010931,0,0,0,0,0,0
00AQGM0013,E00010975,0,0,0,0,0,0
00AQGM0009,E00010971,0,0,0,0,0,0
00AQGM0011,E00010973,0,0,0,0,0,0
00AQGL0009,E00010939,0,0,0,0,0,0
00ASGT0001,E00012311,0,0,0,0,0,0
00AXFY0025,E00014726,0,0,0,0,0,0
00ASGT0019,E00012329,0,0,0,0,0,0
00ASGT0018,E00012328,0,0,0,0,0,0
00ASGT0014,E00012324,0,0,0,0,0,0
00ASGT0002,E00012312,0,0,0,0,0,0
00ASGT0005,E00012315,0,0,0,0,0,0
00ASGT0026,E00012336,0,0,0,0,0,0
00ASGT0007,E00012317,0,0,0,0,0,0
00ASGT0015,E00012325,0,0,0,0,0,0
00ASGT0036,E00012346,0,0,0,0,0,0
00ASGT0033,E00012343,0,0,0,0,0,0
00AXGC0006,E00014833,0,0,0,0,0,0
00ASGT0008,E00012318,0,0,0,0,0,0
00ASGT0017,E00012327,0,0,0,0,0,0
00ASGT0012,E00012322,0,0,0,0,0,0
00AXFY0026,E00014727,0,0,0,0,0,0
00ASGT0013,E00012323,0,0,0,0,0,0
00ASGT0035,E00012345,0,0,0,0,0,0
00AXGC0017,E00014844,0,0,0,0,0,0
00ASGT0016,E00012326,0,0,0,0,0,0
00ASGT0010,E00012320,0,0,0,0,0,0
00ASGT0027,E00012337,0,0,0,0,0,0
00ASGT0031,E00012341,0,0,0,0,0,0
00ASGT0025,E00012335,0,0,0,0,0,0
00ASGT0034,E00012344,0,0,0,0,0,0
00ASGT0003,E00012313,0,0,0,0,0,0
00BEGN0023,E00020116,0,0,0,1,0,1
00ASGT0028,E00012338,0,0,0,0,0,0
00ASGT0032,E00012342,0,0,0,0,0,0
00ASGT0006,E00012316,0,0,0,0,0,0
00ASGT0029,E00012339,0,0,0,0,0,0
00AXGC0027,E00014854,0,0,0,0,0,0
00AXGK0019,E00015053,0,0,0,0,0,0
00AXGC0025,E00014852,0,0,0,0,0,0
00AXGC0005,E00014832,0,0,0,0,0,0
00AXGC0026,E00014853,0,0,0,0,0,0
00AXGC0024,E00014851,0,0,0,0,0,0
00AXGC0003,E00014830,0,0,0,0,0,0
00AXFY0023,E00014724,0,0,0,0,0,0
00AXGC0019,E00014846,0,0,0,0,0,0
00AXGC0001,E00014828,0,0,0,0,0,0
00AHHA0002,E00005714,0,0,0,0,0,0
00ASGT0024,E00012334,0,0,0,0,0,0
00ASGU0026,E00012372,0,0,0,0,0,0
00ASGU0029,E00012375,0,0,0,0,0,0
00AQGL0024,E00010954,0,0,0,0,0,0
00AQGL0028,E00010958,0,0,0,0,0,0
00AQGL0032,E00010962,0,0,0,0,0,0
00AQGL0026,E00010956,0,0,0,0,0,0
00AQGL0010,E00010940,0,0,0,0,0,0
00AQGL0029,E00010959,0,0,0,0,0,0
00ASGU0025,E00012371,0,0,0,0,0,0
00AXGC0015,E00014842,0,0,0,0,0,0
00AXGB0024,E00014824,0,0,0,0,0,0
00AXGB0026,E00014826,0,0,0,0,0,0
00AXGC0018,E00014845,0,0,0,0,0,0
00AXGB0008,E00014808,0,0,0,0,0,0
00AXGB0009,E00014809,0,0,0,0,0,0
00AHGH0012,E00005017,0,0,0,0,0,0
00AXGB0022,E00014822,0,0,0,0,0,0
00AXGC0002,E00014829,0,0,0,0,0,0
00ASGU0027,E00012373,0,0,0,0,0,0
00AQGL0025,E00010955,0,0,0,0,0,0
00AQGL0022,E00010952,0,0,0,0,0,0
00AQGL0019,E00010949,0,0,0,0,0,0
00AQGL0023,E00010953,0,0,0,0,0,0
00ASGU0001,E00012347,0,0,0,0,0,0
00ASGU0024,E00012370,0,0,0,0,0,0
00ASGU0020,E00012366,0,0,0,0,0,0
00ASGU0018,E00012364,0,0,0,0,0,0
00ASGU0017,E00012363,0,0,0,0,0,0
00ASGU0019,E00012365,0,0,0,0,0,0
00ASGT0004,E00012314,0,0,0,0,0,0
00AQGE0027,E00010786,0,0,0,0,0,0
00ASGU0015,E00012361,0,0,0,0,0,0
00ASGU0021,E00012367,0,0,0,0,0,0
00ASGU0022,E00012368,0,0,0,0,0,0
00AQGL0002,E00010932,0,0,0,0,0,0
00ASGU0016,E00012362,0,0,0,0,0,0
00AXGC0008,E00014835,0,0,0,0,0,0
00AQGL0016,E00010946,0,0,0,0,0,0
00AQGL0017,E00010947,0,0,0,0,0,0
00BDFX0006,E00019115,0,0,0,0,0,0
00AQGL0020,E00010950,0,0,0,0,0,0
00AQGL0018,E00010948,0,0,0,0,0,0
00AQGE0030,E00010789,0,0,0,0,0,0
00AQGE0001,E00010760,0,0,0,0,0,0
00AXGC0010,E00014837,0,0,0,0,0,0
00AQGE0015,E00010774,0,0,0,0,0,0
00AQGL0015,E00010945,0,0,0,0,0,0
00AQGE0031,E00010790,0,0,0,0,0,0
00AXGC0013,E00014840,0,0,0,0,0,0
00AXGB0021,E00014821,0,0,0,0,0,0
00AXGB0020,E00014820,0,0,0,0,0,0
00AXGB0012,E00014812,0,0,0,0,0,0
00AXGB0004,E00014804,0,0,0,0,0,0
00AXGB0013,E00014813,0,0,0,0,0,0
00AXGB0018,E00014818,0,0,0,0,0,0
00AXGB0005,E00014805,0,0,0,0,0,0
00AXGB0027,E00014827,0,0,0,0,0,0
00AXGC0022,E00014849,0,0,0,0,0,0
00AXGC0011,E00014838,0,0,0,0,0,0
00AXGC0007,E00014834,0,0,0,0,0,0
00AXGB0001,E00014801,0,0,0,0,0,0
00AXGB0023,E00014823,0,0,0,0,0,0
00AXGB0014,E00014814,0,0,0,0,0,0
00BFGJ0017,E00020738,0,0,0,0,0,0
00AXGB0011,E00014811,0,0,0,0,0,0
00AXGB0003,E00014803,0,0,0,0,0,0
00AXGM0007,E00015114,0,0,0,0,0,0
00AXGM0004,E00015111,0,0,0,0,0,0
00AXGM0002,E00015109,0,0,0,0,0,0
00AXGM0008,E00015115,0,0,0,0,0,0
00AXGM0003,E00015110,0,0,0,0,0,0
00AXGM0006,E00015113,0,0,0,0,0,0
00AXGM0005,E00015112,0,0,0,0,0,0
00AXGM0026,E00015133,0,0,0,0,0,0
00AXGK0002,E00015036,0,0,0,0,0,0
00AXGK0001,E00015035,0,0,0,0,0,0
00AXGM0020,E00015127,0,0,0,0,0,0
00AXGL0014,E00015083,0,0,0,0,0,0
00AXGL0038,E00015107,0,0,0,0,0,0
00AXGK0027,E00015061,0,0,0,0,0,0
00AXGL0024,E00015093,0,0,0,0,0,0
00AXGL0021,E00015090,0,0,0,0,0,0
00AXGL0016,E00015085,0,0,0,0,0,0
00AXGL0026,E00015095,0,0,0,0,0,0
00AXGL0022,E00015091,0,0,0,0,0,0
00AXGL0030,E00015099,0,0,0,0,0,0
00AXGM0023,E00015130,0,0,0,0,0,0
00AXGL0023,E00015092,0,0,0,0,0,0
00AXGM0018,E00015125,0,0,0,0,0,0
00AXGF0016,E00014933,0,0,0,0,0,0
00AXGL0028,E00015097,0,0,0,0,0,0
00AXGM0017,E00015124,0,0,0,0,0,0
00AXGM0025,E00015132,0,0,0,0,0,0
00AXGL0031,E00015100,0,0,0,0,0,0
00AJGS0016,E00006570,0,0,0,0,0,0
00AXGM0029,E00015136,0,0,0,0,0,0
00AJGW0023,E00006695,0,0,0,0,0,0
00AXGK0032,E00015066,0,0,0,0,0,0
00AXGK0034,E00015068,0,0,0,0,0,0
00AXGM0022,E00015129,0,0,0,0,0,0
00AXGM0015,E00015122,0,0,0,0,0,0
00AXGM0030,E00015137,0,0,0,0,0,0
00AXGM0001,E00015108,0,0,0,0,0,0
00AJGW0028,E00006700,0,0,0,0,0,0
00AJGW0030,E00006702,0,0,0,0,0,0
00AXGM0024,E00015131,0,0,0,0,0,0
00AXGM0027,E00015134,0,0,0,0,0,0
00AXGM0019,E00015126,0,0,0,0,0,0
00AXGM0021,E00015128,0,0,0,0,0,0
00AXGM0028,E00015135,0,0,0,0,0,0
00AXGL0025,E00015094,0,0,0,0,0,0
00AXGM0011,E00015118,0,0,0,0,0,0
00AXGM0014,E00015121,0,0,0,0,0,0
00AXGL0027,E00015096,0,0,0,0,0,0
00AXGL0029,E00015098,0,0,0,0,0,0
00AXGL0001,E00015070,0,0,0,0,0,0
00AXGM0012,E00015119,0,0,0,0,0,0
00AXGM0013,E00015120,0,0,0,0,0,0
00AXGL0020,E00015089,0,0,0,0,0,0
00AXGM0010,E00015117,0,0,0,0,0,0
00AXGL0003,E00015072,0,0,0,0,0,0
00AXGM0016,E00015123,0,0,0,0,0,0
00AXFX0011,E00014685,0,0,0,0,0,0
00AXFX0015,E00014689,0,0,0,0,0,0
00AXGL0012,E00015081,0,0,0,0,0,0
00AXGL0006,E00015075,0,0,0,0,0,0
00BBGS0009,E00018166,0,0,0,0,0,0
00AXGL0005,E00015074,0,0,0,0,0,0
00AXGL0009,E00015078,0,0,0,0,0,0
00AHHA0003,E00005715,0,0,0,0,0,0
00AXGL0004,E00015073,0,0,0,0,0,0
00AXFY0006,E00014707,0,0,0,0,0,0
00AXGL0017,E00015086,0,0,0,0,0,0
00AXGL0019,E00015088,0,0,0,0,0,0
00AXGL0011,E00015080,0,0,0,0,0,0
00AXGL0007,E00015076,0,0,0,0,0,0
00AXGL0008,E00015077,0,0,0,0,0,0
00AXGL0015,E00015084,0,0,0,0,0,0
00AXFY0013,E00014714,0,0,0,0,0,0
00AXGL0034,E00015103,0,0,0,0,0,0
00AXGK0033,E00015067,0,0,0,0,0,0
00AXGL0035,E00015104,0,0,0,0,0,0
00AXGK0029,E00015063,0,0,0,0,0,0
00AXGL0032,E00015101,0,0,0,0,0,0
00AXFY0001,E00014702,0,0,0,0,0,0
00AXFY0003,E00014704,0,0,0,0,0,0
00AXFY0027,E00014728,0,0,0,0,0,0
00AXFY0029,E00014730,0,0,0,0,0,0
00AXFX0027,E00014701,0,0,0,0,0,0
00AXFY0009,E00014710,0,0,0,0,0,0
00AXFY0030,E00014731,0,0,0,0,0,0
00AXFX0006,E00014680,0,0,0,0,0,0
00AXGL0018,E00015087,0,0,0,0,0,0
00AXFY0014,E00014715,0,0,0,0,0,0
00AXFY0015,E00014716,0,0,0,0,0,0
00AXFY0011,E00014712,0,0,0,0,0,0
00AJGM0025,E00006376,0,0,0,0,0,0
00AXFX0007,E00014681,0,0,0,0,0,0
00BBGS0037,E00018194,0,0,0,0,0,0
00AJGW0009,E00006681,0,0,0,0,0,0
00AJGM0024,E00006375,0,0,0,0,0,0
00AXFY0022,E00014723,0,0,0,0,0,0
00AXFY0005,E00014706,0,0,0,0,0,0
00AXFY0002,E00014703,0,0,0,0,0,0
00AXFY0004,E00014705,0,0,0,0,0,0
00AXFY0033,E00014734,0,0,0,0,0,0
00AXFY0035,E00014736,0,0,0,0,0,0
00AXFX0020,E00014694,0,0,0,0,0,0
00AXFX0023,E00014697,0,0,0,0,0,0
00AXGH0020,E00014999,0,0,0,0,0,0
00AXGH0023,E00015002,0,0,0,0,0,0
00AJGM0023,E00006374,0,0,0,0,0,0
00BFGJ0018,E00020739,0,0,0,0,0,0
00AXFX0013,E00014687,0,0,0,0,0,0
00AXFX0016,E00014690,0,0,0,0,0,0
00AXGH0006,E00014985,0,0,0,0,0,0
00AXFX0002,E00014676,0,0,0,0,0,0
00AXFX0004,E00014678,0,0,0,0,0,0
00AXFX0026,E00014700,0,0,0,0,0,0
00AXFX0024,E00014698,0,0,0,0,0,0
00AXGG0030,E00014979,0,0,0,0,0,0
00AXFX0022,E00014696,0,0,0,0,0,0
00AXFX0005,E00014679,0,0,0,0,0,0
00BFGJ0002,E00020723,0,0,0,0,0,0
00AXFX0003,E00014677,0,0,0,0,0,0
00AXFX0021,E00014695,0,0,0,0,0,0
00AXGH0026,E00015005,0,0,0,0,0,0
00AXFX0014,E00014688,0,0,0,0,0,0
00AXFX0010,E00014684,0,0,0,0,0,0
00AXFX0009,E00014683,0,0,0,0,0,0
00BFGJ0005,E00020726,0,0,0,0,0,0
00BFGJ0009,E00020730,0,0,0,0,0,0
00AXGH0004,E00014983,0,0,0,0,0,0
00AXGH0008,E00014987,0,0,0,0,0,0
00AXGH0007,E00014986,0,0,0,0,0,0
00AXGH0005,E00014984,0,0,0,0,0,0
00BFGW0021,E00021128,0,0,0,0,0,0
00AXGH0002,E00014981,0,0,0,0,0,0
00AXGH0013,E00014992,0,0,0,0,0,0
00AXFX0008,E00014682,0,0,0,0,0,0
00AXFX0025,E00014699,0,0,0,0,0,0
00AXGH0003,E00014982,0,0,0,0,0,0
00AXGH0024,E00015003,0,0,0,0,0,0
00AXGH0027,E00015006,0,0,0,0,0,0
00AXGH0014,E00014993,0,0,0,0,0,0
00AXGH0019,E00014998,0,0,0,0,0,0
00AJGM0021,E00006372,0,0,0,0,0,0
00AXGJ0023,E00015030,0,0,0,0,0,0
00AXGH0012,E00014991,0,0,0,0,0,0
00AXGH0001,E00014980,0,0,0,0,0,0
00AXGH0010,E00014989,0,0,0,0,0,0
00BDGA0022,E00019230,0,0,0,0,0,0
00AXGJ0011,E00015018,0,0,0,0,0,0
00AXGH0028,E00015007,0,0,0,0,0,0
00AXGJ0002,E00015009,0,0,0,0,0,0
00AXGH0025,E00015004,0,0,0,0,0,0
00BDGA0017,E00019225,0,0,0,0,0,0
00AXGH0021,E00015000,0,0,0,0,0,0
00AXGH0022,E00015001,0,0,0,0,0,0
00AJGW0036,E00006708,0,0,0,0,0,0
00BDGA0020,E00019228,0,0,0,0,0,0
00BDGA0021,E00019229,0,0,0,0,0,0
00ATGA0012,E00012794,0,0,0,0,0,0
00BDGA0019,E00019227,0,0,0,0,0,0
00BDGA0027,E00019235,0,0,0,0,0,0
00AYGM0015,E00015723,0,0,0,0,0,0
00BDGA0029,E00019237,0,0,0,0,0,0
00BDGA0004,E00019212,0,0,0,0,0,0
00AJGW0037,E00006709,0,0,0,0,0,0
00BDGA0015,E00019223,0,0,0,0,0,0
00BDGA0023,E00019231,0,0,0,0,0,0
00AJGW0029,E00006701,0,0,0,0,0,0
00AJGW0001,E00006673,0,0,0,0,0,0
00AQGK0004,E00010905,0,0,0,0,0,0
00BDGC0031,E00019303,0,0,0,0,0,0
00BDGC0032,E00019304,0,0,0,0,0,0
00BDGA0001,E00019209,0,0,0,0,0,0
00BDGA0007,E00019215,0,0,0,0,0,0
00BDGA0016,E00019224,0,0,0,0,0,0
00BDGA0008,E00019216,0,0,0,0,0,0
00BDGA0003,E00019211,0,0,0,0,0,0
00AYGM0011,E00015719,0,0,0,0,0,0
00BDGA0013,E00019221,0,0,0,0,0,0
00BDGA0014,E00019222,0,0,0,0,0,0
00BDGB0002,E00019242,0,0,0,0,0,0
00BDGA0012,E00019220,0,0,0,0,0,0
00BDGA0005,E00019213,0,0,0,0,0,0
00BDGA0002,E00019210,0,0,0,0,0,0
00AYGM0006,E00015714,0,0,0,0,0,0
00BDGA0018,E00019226,0,0,0,0,0,0
00BDGA0032,E00019240,0,0,0,0,0,0
00AYGM0007,E00015715,0,0,0,0,0,0
00BDGB0015,E00019255,0,0,0,0,0,0
00AQGD0015,E00010741,0,0,0,0,0,0
00BDGB0029,E00019269,0,0,0,0,0,0
00AQGT0007,E00011150,0,0,0,0,0,0
00BDGB0013,E00019253,0,0,0,0,0,0
00BDGB0030,E00019270,0,0,0,0,0,0
00BDGB0019,E00019259,0,0,0,0,0,0
00BDGB0026,E00019266,0,0,0,0,0,0
00ATGF0032,E00012986,0,0,0,0,0,0
00AYGR0012,E00015901,0,0,0,0,0,0
00BDGB0004,E00019244,0,0,0,0,0,0
00ATGF0031,E00012985,0,0,0,0,0,0
00ATGF0030,E00012984,0,0,0,0,0,0
00ATGF0022,E00012976,0,0,0,0,0,0
00ATGF0016,E00012970,0,0,0,0,0,0
00BDGA0006,E00019214,0,0,0,0,0,0
00BDGB0031,E00019271,0,0,0,0,0,0
00BDGA0010,E00019218,0,0,0,0,0,0
00BDGB0028,E00019268,0,0,0,0,0,0
00AYGM0019,E00015727,0,0,0,0,0,0
00BDGA0009,E00019217,0,0,0,0,0,0
00BDGB0023,E00019263,0,0,0,0,0,0
00BDGB0024,E00019264,0,0,0,0,0,0
00BDGB0025,E00019265,0,0,0,0,0,0
00BDGB0020,E00019260,0,0,0,0,0,0
00BDGB0021,E00019261,0,0,0,0,0,0
00BDGB0008,E00019248,0,0,0,0,0,0
00BDGB0016,E00019256,0,0,0,0,0,0
00BDGB0011,E00019251,0,0,0,0,0,0
00BDFY0019,E00019160,0,0,0,0,0,0
00BDGB0022,E00019262,0,0,0,0,0,0
00BDGB0017,E00019257,0,0,0,0,0,0
00BDFY0008,E00019149,0,0,0,0,0,0
00BDGB0032,E00019272,0,0,0,0,0,0
00BDFY0011,E00019152,0,0,0,0,0,0
00BDFY0021,E00019162,0,0,0,0,0,0
00BDFY0018,E00019159,0,0,0,0,0,0
00BJGF0037,E00022804,0,0,0,0,0,0
00AQGE0012,E00010771,0,0,0,0,0,0
00AQGE0005,E00010764,0,0,0,0,0,0
00ATGF0014,E00012968,0,0,0,0,0,0
00AQGN0026,E00011018,0,0,0,0,0,0
00AQGN0001,E00010993,0,0,0,0,0,0
00BDFY0009,E00019150,0,0,0,0,0,0
00BDFY0022,E00019163,0,0,0,0,0,0
00BDFY0017,E00019158,0,0,0,0,0,0
00BDFY0012,E00019153,0,0,0,0,0,0
00BDGB0006,E00019246,0,0,0,0,0,0
00BDGB0005,E00019245,0,0,0,0,0,0
00ATGF0018,E00012972,0,0,0,0,0,0
00BDGB0007,E00019247,0,0,0,0,0,0
00ATGF0026,E00012980,0,0,0,0,0,0
00BDGB0003,E00019243,0,0,0,0,0,0
00BDFY0033,E00019174,0,0,0,0,0,0
00BDGB0009,E00019249,0,0,0,0,0,0
00AQGA0009,E00010638,0,0,0,0,0,0
00AQGA0008,E00010637,0,0,0,0,0,0
00BDGN0023,E00019644,0,0,0,0,0,0
00BDGN0022,E00019643,0,0,0,0,0,0
00BDGL0003,E00019552,0,0,0,0,0,0
00BDGN0021,E00019642,0,0,0,0,0,0
00BDFY0007,E00019148,0,0,0,0,0,0
00BDFY0029,E00019170,0,0,0,0,0,0
00BDGN0003,E00019624,0,0,0,0,0,0
00BDFY0027,E00019168,0,0,0,0,0,0
00ATGA0010,E00012792,0,0,0,0,0,0
00BDFY0031,E00019172,0,0,0,0,0,0
00BDFY0001,E00019142,0,0,0,0,0,0
00BDGN0019,E00019640,0,0,0,0,0,0
00BDFW0017,E00019093,0,0,0,0,0,0
00AQGA0013,E00010642,0,0,0,0,0,0
00BDGN0020,E00019641,0,0,0,0,0,0
00BDGN0024,E00019645,0,0,0,0,0,0
00BDGN0015,E00019636,0,0,0,0,0,0
00BDGL0004,E00019553,0,0,0,0,0,0
00BDGL0008,E00019557,0,0,0,0,0,0
00BDGL0018,E00019567,0,0,0,0,0,0
00BDGC0030,E00019302,0,0,0,0,0,0
00BDGC0022,E00019294,0,0,0,0,0,0
00BDGL0020,E00019569,0,0,0,0,0,0
00BDGC0028,E00019300,0,0,0,0,0,0
00BDGC0002,E00019274,0,0,0,0,0,0
00BDFY0020,E00019161,0,0,0,0,0,0
00BDFY0006,E00019147,0,0,0,0,0,0
00BDFY0026,E00019167,0,0,0,0,0,0
00BDFY0015,E00019156,0,0,0,0,0,0
00BDFY0023,E00019164,0,0,0,0,0,0
00BDFY0028,E00019169,0,0,0,0,0,0
00BDGK0028,E00019546,0,0,0,0,0,0
00BDGK0005,E00019523,0,0,0,0,0,0
00AHGH0013,E00005018,0,0,0,0,0,0
00BDFY0025,E00019166,0,0,0,0,0,0
00BDGK0027,E00019545,0,0,0,0,0,0
00BDGL0013,E00019562,0,0,0,0,0,0
00BDGL0016,E00019565,0,0,0,0,0,0
00BDGL0017,E00019566,0,0,0,0,0,0
00ATGA0009,E00012791,0,0,0,0,0,0
00BDGL0012,E00019561,0,0,0,0,0,0
00BDFY0005,E00019146,0,0,0,0,0,0
00BDGL0032,E00019581,0,0,0,0,0,0
00BDGL0006,E00019555,0,0,0,0,0,0
00BDGL0002,E00019551,0,0,0,0,0,0
00BDGL0010,E00019559,0,0,0,0,0,0
00BDGL0015,E00019564,0,0,0,0,0,0
00BDGL0001,E00019550,0,0,0,0,0,0
00AXGK0022,E00015056,0,0,0,0,0,0
00BDGL0011,E00019560,0,0,0,0,0,0
00AXFY0008,E00014709,0,0,0,0,0,0
00BDGL0009,E00019558,0,0,0,0,0,0
00BDGL0031,E00019580,0,0,0,0,0,0
00BDGL0034,E00019583,0,0,0,0,0,0
00BDGC0023,E00019295,0,0,0,0,0,0
00BDGC0017,E00019289,0,0,0,0,0,0
00BDGC0015,E00019287,0,0,0,0,0,0
00BAGQ0002,E00017513,0,0,0,0,0,0
00BDGC0016,E00019288,0,0,0,0,0,0
00BDGC0024,E00019296,0,0,0,0,0,0
00AXFY0028,E00014729,0,0,0,0,0,0
00AXFY0007,E00014708,0,0,0,0,0,0
00ACFZ0007,E00000674,0,0,0,0,0,0
00AXFX0018,E00014692,0,0,0,0,0,0
00AXGK0023,E00015057,0,0,0,0,0,0
00BDGC0019,E00019291,0,0,0,0,0,0
00BDGC0009,E00019281,0,0,0,0,0,0
00BDGC0013,E00019285,0,0,0,0,0,0
00BDGC0014,E00019286,0,0,0,0,0,0
00BDGL0005,E00019554,0,0,0,0,0,0
00BDGC0010,E00019282,0,0,0,0,0,0
00AGGH0014,E00004295,0,0,0,0,0,0
00ACFZ0020,E00000687,0,0,0,0,0,0
00BDGL0024,E00019573,0,0,0,0,0,0
00ACGS0032,E00001525,0,0,0,0,0,0
00BDGC0007,E00019279,0,0,0,0,0,0
00BDGC0008,E00019280,0,0,0,0,0,0
00BDFY0010,E00019151,0,0,0,0,0,0
00BDFY0030,E00019171,0,0,0,0,0,0
00BDFY0004,E00019145,0,0,0,0,0,0
00BDFY0024,E00019165,0,0,0,0,0,0
00BDFY0032,E00019173,0,0,0,0,0,0
00BDGL0033,E00019582,0,0,0,0,0,0
00BDGL0023,E00019572,0,0,0,0,0,0
00BDGL0028,E00019577,0,0,0,0,0,0
00BJGL0030,E00023030,0,0,0,0,0,0
00BDGL0029,E00019578,0,0,0,0,0,0
00BDGL0022,E00019571,0,0,0,0,0,0
00BDGL0026,E00019575,0,0,0,0,0,0
00BDGK0031,E00019549,0,0,0,0,0,0
00BDGK0026,E00019544,0,0,0,0,0,0
00BDGK0025,E00019543,0,0,0,0,0,0
00BDGK0023,E00019541,0,0,0,0,0,0
00BAGE0004,E00017199,0,0,0,0,0,0
00BDFZ0008,E00019182,0,0,0,0,0,0
00BDGL0030,E00019579,0,0,0,0,0,0
00BDGL0027,E00019576,0,0,0,0,0,0
00AHGH0001,E00005006,0,0,0,0,0,0
00BDFZ0016,E00019190,0,0,0,0,0,0
00BDFZ0014,E00019188,0,0,0,0,0,0
00BDFZ0015,E00019189,0,0,0,0,0,0
00AHGH0048,E00005053,0,0,0,0,0,0
00ACGS0008,E00001501,0,0,0,0,0,0
00BDFZ0017,E00019191,0,0,0,0,0,0
00BDFZ0010,E00019184,0,0,0,0,0,0
00BDFZ0005,E00019179,0,0,0,0,0,0
00BDFZ0011,E00019185,0,0,0,0,0,0
00AHHD0046,E00005906,0,0,0,0,0,0
00BDFZ0032,E00019206,0,0,0,0,0,0
00BDFZ0006,E00019180,0,0,0,0,0,0
00BDFZ0033,E00019207,0,0,0,0,0,0
00BAGE0005,E00017200,0,0,0,0,0,0
00BDFZ0003,E00019177,0,0,0,0,0,0
00BDFZ0034,E00019208,0,0,0,0,0,0
00AXFY0021,E00014722,0,0,0,0,0,0
00AXGK0030,E00015064,0,0,0,0,0,0
00AXGK0025,E00015059,0,0,0,0,0,0
00AXGK0020,E00015054,0,0,0,0,0,0
00AXFY0019,E00014720,0,0,0,0,0,0
00AXFY0024,E00014725,0,0,0,0,0,0
00AXGF0030,E00014947,0,0,0,0,0,0
00AXGF0005,E00014922,0,0,0,0,0,0
00BDGC0005,E00019277,0,0,0,0,0,0
00BDGC0033,E00019305,0,0,0,0,0,0
00AXGF0024,E00014941,0,0,0,0,0,0
00AXGF0027,E00014944,0,0,0,0,0,0
00AXGF0026,E00014943,0,0,0,0,0,0
00AXGF0025,E00014942,0,0,0,0,0,0
00AXGF0028,E00014945,0,0,0,0,0,0
00AXGF0023,E00014940,0,0,0,0,0,0
00ACGS0041,E00001534,0,0,0,0,0,0
00AKHD0005,E00007586,0,0,0,0,0,0
00AXGK0005,E00015039,0,0,0,0,0,0
00AXGK0016,E00015050,0,0,0,0,0,0
00AXGK0010,E00015044,0,0,0,0,0,0
00AXGK0015,E00015049,0,0,0,0,0,0
00AXGK0004,E00015038,0,0,0,0,0,0
00AXGK0035,E00015069,0,0,0,0,0,0
00AXGK0014,E00015048,0,0,0,0,0,0
00AXGK0009,E00015043,0,0,0,0,0,0
00BAGM0033,E00017445,0,0,0,0,0,0
00BFGH0007,E00020698,0,0,0,0,0,0
00BFGH0009,E00020700,0,0,0,0,0,0
00BAGM0032,E00017444,0,0,0,0,0,0
00BFGH0008,E00020699,0,0,0,0,0,0
00BFGH0006,E00020697,0,0,0,0,0,0
00AXGK0013,E00015047,0,0,0,0,0,0
00AXGF0015,E00014932,0,0,0,0,0,0
00AXGF0002,E00014919,0,0,0,0,0,0
00AXGF0022,E00014939,0,0,0,0,0,0
00AXGF0021,E00014938,0,0,0,0,0,0
00AXGF0004,E00014921,0,0,0,0,0,0
00AXGF0017,E00014934,0,0,0,0,0,0
00AXGF0020,E00014937,0,0,0,0,0,0
00AXGF0014,E00014931,0,0,0,0,0,0
00AXGF0019,E00014936,0,0,0,0,0,0
00AXGF0018,E00014935,0,0,0,0,0,0
00BAGQ0001,E00017512,0,0,0,0,0,0
00AXGF0003,E00014920,0,0,0,0,0,0
00AXGF0010,E00014927,0,0,0,0,0,0
00AXGF0012,E00014929,0,0,0,0,0,0
00BFGJ0028,E00020749,0,0,0,0,0,0
00BFGJ0024,E00020745,0,0,0,0,0,0
00AXGE0002,E00014890,0,0,0,0,0,0
00BFGH0004,E00020695,0,0,0,0,0,0
00AXGK0003,E00015037,0,0,0,0,0,0
00AXFY0017,E00014718,0,0,0,0,0,0
00AXGK0011,E00015045,0,0,0,0,0,0
00AXGK0006,E00015040,0,0,0,0,0,0
00ATGA0008,E00012790,0,0,0,0,0,0
00AXFY0018,E00014719,0,0,0,0,0,0
00AXFY0016,E00014717,0,0,0,0,0,0
00AXFY0020,E00014721,0,0,0,0,0,0
00AXGF0001,E00014918,0,0,0,0,0,0
00AXGG0028,E00014977,0,0,0,0,0,0
00AXGG0022,E00014971,0,0,0,0,0,0
00AXFZ0004,E00014741,0,0,0,0,0,0
00AXGA0008,E00014775,0,0,0,0,0,0
00AXGF0008,E00014925,0,0,0,0,0,0
00AXGA0009,E00014776,0,0,0,0,0,0
00BFGH0005,E00020696,0,0,0,0,0,0
00AXGG0004,E00014953,0,0,0,0,0,0
00AXGF0007,E00014924,0,0,0,0,0,0
00AXGF0032,E00014949,0,0,0,0,0,0
00AXGG0011,E00014960,0,0,0,0,0,0
00AXGF0009,E00014926,0,0,0,0,0,0
00AXGF0006,E00014923,0,0,0,0,0,0
00AXGF0011,E00014928,0,0,0,0,0,0
00AXGF0031,E00014948,0,0,0,0,0,0
00AXGG0002,E00014951,0,0,0,0,0,0
00AXGG0017,E00014966,0,0,0,0,0,0
00AXGA0033,E00014800,0,0,0,0,0,0
00AXGA0026,E00014793,0,0,0,0,0,0
00AXGA0010,E00014777,0,0,0,0,0,0
00AXGA0029,E00014796,0,0,0,0,0,0
00AXGA0032,E00014799,0,0,0,0,0,0
00AXGA0031,E00014798,0,0,0,0,0,0
00AXGG0015,E00014964,0,0,0,0,0,0
00AXGG0026,E00014975,0,0,0,0,0,0
00AXFZ0001,E00014738,0,0,0,0,0,0
00AXGG0027,E00014976,0,0,0,0,0,0
00AXGG0025,E00014974,0,0,0,0,0,0
00BFGH0002,E00020693,0,0,0,0,0,0
00AXFZ0012,E00014749,0,0,0,0,0,0
00BFGH0028,E00020719,0,0,0,0,0,0
00BFGH0026,E00020717,0,0,0,0,0,0
00BFGJ0027,E00020748,0,0,0,0,0,0
00ACFX0020,E00000595,0,0,0,0,0,0
00AXGG0010,E00014959,0,0,0,0,0,0
00AXGG0005,E00014954,0,0,0,0,0,0
00BFGJ0019,E00020740,0,0,0,0,0,0
00ACFX0016,E00000591,0,0,0,0,0,0
00BAGE0007,E00017202,0,0,0,0,0,0
00AXGG0018,E00014967,0,0,0,0,0,0
00AXGE0020,E00014908,0,0,0,0,0,0
00AXGA0005,E00014772,0,0,0,0,0,0
00AXGG0001,E00014950,0,0,0,0,0,0
00AXGG0012,E00014961,0,0,0,0,0,0
00AXGE0018,E00014906,0,0,0,0,0,0
00AXGA0006,E00014773,0,0,0,0,0,0
00AXGA0003,E00014770,0,0,0,0,0,0
00AXGA0004,E00014771,0,0,0,0,0,0
00AXGA0030,E00014797,0,0,0,0,0,0
00BFGE0017,E00020612,0,0,0,0,0,0
00AXGA0028,E00014795,0,0,0,0,0,0
00AXGD0010,E00014868,0,0,0,0,0,0
00AXGD0007,E00014865,0,0,0,0,0,0
00AXGD0009,E00014867,0,0,0,0,0,0
00AXGJ0018,E00015025,0,0,0,0,0,0
00AXFX0019,E00014693,0,0,0,0,0,0
00AXGJ0021,E00015028,0,0,0,0,0,0
00AXGJ0006,E00015013,0,0,0,0,0,0
00AXGJ0026,E00015033,0,0,0,0,0,0
00BAGR0024,E00017565,0,0,0,0,0,0
00AXGJ0009,E00015016,0,0,0,0,0,0
00AXGJ0001,E00015008,0,0,0,0,0,0
00AXGJ0027,E00015034,0,0,0,0,0,0
00AXGJ0007,E00015014,0,0,0,0,0,0
00AXGJ0024,E00015031,0,0,0,0,0,0
00AXGJ0022,E00015029,0,0,0,0,0,0
00AXGJ0025,E00015032,0,0,0,0,0,0
00AXGG0029,E00014978,0,0,0,0,0,0
00AXFZ0022,E00014759,0,0,0,0,0,0
00AXFZ0010,E00014747,0,0,0,0,0,0
00AXFZ0013,E00014750,0,0,0,0,0,0
00AXGE0006,E00014894,0,0,0,0,0,0
00AXFZ0030,E00014767,0,0,0,0,0,0
00AXGE0021,E00014909,0,0,0,0,0,0
00AXGE0007,E00014895,0,0,0,0,0,0
00AXGE0015,E00014903,0,0,0,0,0,0
00AXGE0025,E00014913,0,0,0,0,0,0
00AXGE0010,E00014898,0,0,0,0,0,0
00AXGE0003,E00014891,0,0,0,0,0,0
00AXGE0014,E00014902,0,0,0,0,0,0
00AXGJ0016,E00015023,0,0,0,0,0,0
00AXFZ0006,E00014743,0,0,0,0,0,0
00AXFZ0011,E00014748,0,0,0,0,0,0
00AXGJ0012,E00015019,0,0,0,0,0,0
00AXFZ0014,E00014751,0,0,0,0,0,0
00BFGE0035,E00020630,0,0,0,0,0,0
00BFGE0025,E00020620,0,0,0,0,0,0
00AXGJ0004,E00015011,0,0,0,0,0,0
00AXFZ0008,E00014745,0,0,0,0,0,0
00AXGJ0015,E00015022,0,0,0,0,0,0
00AXGE0011,E00014899,0,0,0,0,0,0
00AXFZ0028,E00014765,0,0,0,0,0,0
00AXFZ0029,E00014766,0,0,0,0,0,0
00AXGE0008,E00014896,0,0,0,0,0,0
00AXFZ0027,E00014764,0,0,0,0,0,0
00AXGE0029,E00014917,0,0,0,0,0,0
00AXGE0027,E00014915,0,0,0,0,0,0
00AXFZ0024,E00014761,0,0,0,0,0,0
00AXFZ0026,E00014763,0,0,0,0,0,0
00AXFZ0005,E00014742,0,0,0,0,0,0
00AXFZ0009,E00014746,0,0,0,0,0,0
00AXGE0004,E00014892,0,0,0,0,0,0
00AXGE0022,E00014910,0,0,0,0,0,0
00AXGE0005,E00014893,0,0,0,0,0,0
00AXGE0012,E00014900,0,0,0,0,0,0
00AXGE0013,E00014901,0,0,0,0,0,0
00AXGE0009,E00014897,0,0,0,0,0,0
00AXGJ0019,E00015026,0,0,0,0,0,0
00AXGJ0003,E00015010,0,0,0,0,0,0
00AXGJ0013,E00015020,0,0,0,0,0,0
00AXFZ0007,E00014744,0,0,0,0,0,0
00AXGJ0014,E00015021,0,0,0,0,0,0
00AXGJ0020,E00015027,0,0,0,0,0,0
00AXGJ0017,E00015024,0,0,0,0,0,0
00BAGR0001,E00017542,0,0,0,0,0,0
00BAGR0014,E00017555,0,0,0,0,0,0
00BAGR0020,E00017561,0,0,0,0,0,0
00BAGR0021,E00017562,0,0,0,0,0,0
00BAGR0011,E00017552,0,0,0,0,0,0
00AXFZ0018,E00014755,0,0,0,0,0,0
00AXFZ0021,E00014758,0,0,0,0,0,0
00AXFZ0002,E00014739,0,0,0,0,0,0
00BAGE0008,E00017203,0,0,0,0,0,0
00AXFZ0020,E00014757,0,0,0,0,0,0
00AXFZ0023,E00014760,0,0,0,0,0,0
00BAGE0036,E00017231,0,0,0,0,0,0
00AXFZ0003,E00014740,0,0,0,0,0,0
00AXFZ0025,E00014762,0,0,0,0,0,0
00BAGR0008,E00017549,0,0,0,0,0,0
00BAGM0030,E00017442,0,0,0,0,0,0
00AXGE0019,E00014907,0,0,0,0,0,0
00AXGE0028,E00014916,0,0,0,0,0,0
00AXGE0016,E00014904,0,0,0,0,0,0
00AXGE0023,E00014911,0,0,0,0,0,0
00ACFX0010,E00000585,0,0,0,0,0,0
00AXGE0024,E00014912,0,0,0,0,0,0
00AXGE0017,E00014905,0,0,0,0,0,0
00AXGE0026,E00014914,0,0,0,0,0,0
00BFGE0026,E00020621,0,0,0,0,0,0
00AXFZ0016,E00014753,0,0,0,0,0,0
00BFGE0027,E00020622,0,0,0,0,0,0
00BFGE0016,E00020611,0,0,0,0,0,0
00ACFX0018,E00000593,0,0,0,0,0,0
00AXFZ0019,E00014756,0,0,0,0,0,0
00AXFZ0015,E00014752,0,0,0,0,0,0
00AXFZ0017,E00014754,0,0,0,0,0,0
00BAGM0021,E00017433,0,0,0,0,0,0
00AXGD0008,E00014866,0,0,0,0,0,0
00BDGC0020,E00019292,0,0,0,0,0,0
00BAGQ0012,E00017523,0,0,0,0,0,0
00BAGM0011,E00017423,0,0,0,0,0,0
00BDGC0001,E00019273,0,0,0,0,0,0
00BAGM0013,E00017425,0,0,0,0,0,0
00BDGC0004,E00019276,0,0,0,0,0,0
00AXGA0025,E00014792,0,0,0,0,0,0
00BFGQ0018,E00020946,0,0,0,0,0,0
00ACFX0013,E00000588,0,0,0,0,0,0
00ACFX0026,E00000601,0,0,0,0,0,0
00ACFX0021,E00000596,0,0,0,0,0,0
00AXGA0001,E00014768,0,0,0,0,0,0
00AXGA0024,E00014791,0,0,0,0,0,0
00AXGA0022,E00014789,0,0,0,0,0,0
00AXGA0023,E00014790,0,0,0,0,0,0
00AXGN0018,E00015155,0,0,0,0,0,0
00AMGK0012,E00008875,0,1,0,1,0,1
00AXGD0002,E00014860,0,0,0,0,0,0
00AXGA0002,E00014769,0,0,0,0,0,0
00AXGN0023,E00015160,0,0,0,0,0,0
00AXGN0026,E00015163,0,0,0,0,0,0
00AXGA0019,E00014786,0,0,0,0,0,0
00AXGA0020,E00014787,0,0,0,0,0,0
00AXGA0015,E00014782,0,0,0,0,0,0
00AXGD0027,E00014885,0,0,0,0,0,0
00AXGD0029,E00014887,0,0,0,0,0,0
00BDGC0012,E00019284,0,0,0,0,0,0
00AXGN0001,E00015138,0,0,0,0,0,0
00BDGC0025,E00019297,0,0,0,0,0,0
00AXGD0004,E00014862,0,0,0,0,0,0
00AXGD0005,E00014863,0,0,0,0,0,0
00AXGN0027,E00015164,0,0,0,0,0,0
00AXGD0012,E00014870,0,0,0,0,0,0
00BDGC0026,E00019298,0,0,0,0,0,0
00AXGN0007,E00015144,0,0,0,0,0,0
00BDFZ0012,E00019186,0,0,0,0,0,0
00AXGN0021,E00015158,0,0,0,0,0,0
00AXGN0024,E00015161,0,0,0,0,0,0
00AXGN0002,E00015139,0,0,0,0,0,0
00AXGN0022,E00015159,0,0,0,0,0,0
00AXGN0025,E00015162,0,0,0,0,0,0
00AXGA0018,E00014785,0,0,0,0,0,0
00AXGA0013,E00014780,0,0,0,0,0,0
00AXGA0014,E00014781,0,0,0,0,0,0
00AXGA0016,E00014783,0,0,0,0,0,0
00AWGL0009,E00014479,0,0,0,0,0,0
00AXGN0019,E00015156,0,0,0,0,0,0
00AXGN0012,E00015149,0,0,0,0,0,0
00AXGN0003,E00015140,0,0,0,0,0,0
00AXGN0009,E00015146,0,0,0,0,0,0
00AXGN0015,E00015152,0,0,0,0,0,0
00AXGN0017,E00015154,0,0,0,0,0,0
00AXGD0011,E00014869,0,0,0,0,0,0
00AXGD0014,E00014872,0,0,0,0,0,0
00AMGK0029,E00008892,0,1,0,1,0,1
00BAGE0031,E00017226,0,0,0,0,0,0
00AXGN0014,E00015151,0,0,0,0,0,0
00AXGN0010,E00015147,0,0,0,0,0,0
00AXGD0021,E00014879,0,0,0,0,0,0
00AXGN0008,E00015145,0,0,0,0,0,0
00AXGN0016,E00015153,0,0,0,0,0,0
00AXGN0013,E00015150,0,0,0,0,0,0
00AXGA0011,E00014778,0,0,0,0,0,0
00AXGN0020,E00015157,0,0,0,0,0,0
00AXGA0012,E00014779,0,0,0,0,0,0
00AXGA0017,E00014784,0,0,0,0,0,0
00AXGD0026,E00014884,0,0,0,0,0,0
00AXGD0017,E00014875,0,0,0,0,0,0
00AKHD0022,E00007603,0,0,0,0,0,0
00AKHD0024,E00007605,0,0,0,0,0,0
00AXGN0011,E00015148,0,0,0,0,0,0
00AXGN0006,E00015143,0,0,0,0,0,0
00AXGN0028,E00015165,0,0,0,0,0,0
00AXGN0004,E00015141,0,0,0,0,0,0
00ANGJ0011,E00009548,0,0,0,0,0,0
00BDFZ0013,E00019187,0,0,0,0,0,0
00BDFZ0018,E00019192,0,0,0,0,0,0
00AXGD0019,E00014877,0,0,0,0,0,0
00AXGN0005,E00015142,0,0,0,0,0,0
00AXGD0030,E00014888,0,0,0,0,0,0
00AXGD0020,E00014878,0,0,0,0,0,0
00AXGD0003,E00014861,0,0,0,0,0,0
00BAGQ0013,E00017524,0,0,0,0,0,0
00AXGD0023,E00014881,0,0,0,0,0,0
00BAGQ0010,E00017521,0,0,0,0,0,0
00AXGD0016,E00014874,0,0,0,0,0,0
00AXGD0018,E00014876,0,0,0,0,0,0
00AXGD0006,E00014864,0,0,0,0,0,0
00AXGD0013,E00014871,0,0,0,0,0,0
00BFGH0030,E00020721,0,0,0,0,0,0
00BFGH0003,E00020694,0,0,0,0,0,0
00BFGH0029,E00020720,0,0,0,0,0,0
00BFGE0005,E00020600,0,0,0,0,0,0
00BFGQ0037,E00020965,0,0,0,0,0,0
00BFGQ0024,E00020952,0,0,0,0,0,0
00BFGQ0010,E00020938,0,0,0,0,0,0
00BFGQ0038,E00020966,0,0,0,0,0,0
00BFGH0023,E00020714,0,0,0,0,0,0
00BFGJ0030,E00020751,0,0,0,0,0,0
00BFGJ0001,E00020722,0,0,0,0,0,0
00BFGJ0029,E00020750,0,0,0,0,0,0
00BFGJ0004,E00020725,0,0,0,0,0,0
00BFGJ0023,E00020744,0,0,0,0,0,0
00BFGM0036,E00020853,0,0,0,0,0,0
00BFGJ0025,E00020746,0,0,0,0,0,0
00BFGJ0026,E00020747,0,0,0,0,0,0
00BFGJ0020,E00020741,0,0,0,0,0,0
00BFGQ0021,E00020949,0,0,0,0,0,0
00BFGH0027,E00020718,0,0,0,0,0,0
00BFGH0024,E00020715,0,0,0,0,0,0
00BFGQ0008,E00020936,0,0,0,0,0,0
00BFGH0025,E00020716,0,0,0,0,0,0
00BFGH0022,E00020713,0,0,0,0,0,0
00BFGQ0035,E00020963,0,0,0,0,0,0
00BEGF0019,E00019826,1,0,1,0,1,0
00BFGQ0003,E00020931,0,0,0,0,0,0
00BFGQ0027,E00020955,0,0,0,0,0,0
00BFGQ0029,E00020957,0,0,0,0,0,0
00BFGH0019,E00020710,0,0,0,0,0,0
00BFGH0020,E00020711,0,0,0,0,0,0
00BFGQ0028,E00020956,0,0,0,0,0,0
00BFGQ0020,E00020948,0,0,0,0,0,0
00BFGH0021,E00020712,0,0,0,0,0,0
00BFGQ0023,E00020951,0,0,0,0,0,0
00BFGJ0022,E00020743,0,0,0,0,0,0
00BFGQ0001,E00020929,0,0,0,0,0,0
00BFGQ0019,E00020947,0,0,0,0,0,0
00BFGQ0002,E00020930,0,0,0,0,0,0
00BFGH0011,E00020702,0,0,0,0,0,0
00BFGE0011,E00020606,0,0,0,0,0,0
00BFGE0001,E00020596,0,0,0,0,0,0
00BFGE0018,E00020613,0,0,0,0,0,0
00BFGE0019,E00020614,0,0,0,0,0,0
00BFGE0015,E00020610,0,0,0,0,0,0
00BFGE0021,E00020616,0,0,0,0,0,0
00BFGE0022,E00020617,0,0,0,0,0,0
00BFGE0023,E00020618,0,0,0,0,0,0
00BFGG0025,E00020688,0,0,0,0,0,0
00BFGQ0013,E00020941,0,0,0,0,0,0
00BFGM0027,E00020844,0,0,0,0,0,0
00BFGQ0014,E00020942,0,0,0,0,0,0
00BFGE0003,E00020598,0,0,0,0,0,0
00BFGQ0015,E00020943,0,0,0,0,0,0
00BFGQ0031,E00020959,0,0,0,0,0,0
00BFGQ0022,E00020950,0,0,0,0,0,0
00BFGQ0007,E00020935,0,0,0,0,0,0
00BFGQ0026,E00020954,0,0,0,0,0,0
00BFGP0036,E00020925,0,0,0,0,0,0
00ABGH0023,E00000381,0,0,0,0,0,0
00ABGC0010,E00000208,0,0,0,0,0,0
00ABGC0011,E00000209,0,0,0,0,0,0
00BFGE0020,E00020615,0,0,0,0,0,0
00ABGC0016,E00000214,0,0,0,0,0,0
00BFGE0009,E00020604,0,0,0,0,0,0
00BFGE0012,E00020607,0,0,0,0,0,0
00BFGE0008,E00020603,0,0,0,0,0,0
00ABGC0004,E00000202,0,0,0,0,0,0
00BFGP0014,E00020903,0,0,0,0,0,0
00BFGQ0009,E00020937,0,0,0,0,0,0
00BFGQ0004,E00020932,0,0,0,0,0,0
00ABGC0005,E00000203,0,0,0,0,0,0
00ABGC0006,E00000204,0,0,0,0,0,0
00BFGQ0025,E00020953,0,0,0,0,0,0
00ABGH0002,E00000360,0,0,0,0,0,0
00ABGH0005,E00000363,0,0,0,0,0,0
00BFGP0022,E00020911,0,0,0,0,0,0
00BFGP0023,E00020912,0,0,0,0,0,0
00BFGR0029,E00020995,0,0,0,0,0,0
00BFGL0021,E00020807,0,0,0,0,0,0
00BFGQ0036,E00020964,0,0,0,0,0,0
00BFGL0004,E00020790,0,0,0,0,0,0
00BFGL0024,E00020810,0,0,0,0,0,0
00BFGN0022,E00020879,0,0,0,0,0,0
00BFGN0027,E00020884,0,0,0,0,0,0
00BFGP0009,E00020898,0,0,0,0,0,0
00BFGN0016,E00020873,0,0,0,0,0,0
00BFGN0010,E00020867,0,0,0,0,0,0
00BAGB0016,E00017117,0,0,0,0,0,0
00BFGL0015,E00020801,0,0,0,0,0,0
00BFGN0011,E00020868,0,0,0,0,0,0
00BFGE0004,E00020599,0,0,0,0,0,0
00BFGP0030,E00020919,0,0,0,0,0,0
00BFGE0014,E00020609,0,0,0,0,0,0
00BFGG0020,E00020683,0,0,0,0,0,0
00BFGG0022,E00020685,0,0,0,0,0,0
00BFGP0027,E00020916,0,0,0,0,0,0
00BFGP0001,E00020890,0,0,0,0,0,0
00BFGP0007,E00020896,0,0,0,0,0,0
00BFGP0024,E00020913,0,0,0,0,0,0
00BFGP0016,E00020905,0,0,0,0,0,0
00BFGP0018,E00020907,0,0,0,0,0,0
00BFGL0014,E00020800,0,0,0,0,0,0
00BFGP0011,E00020900,0,0,0,0,0,0
00BFGL0012,E00020798,0,0,0,0,0,0
00BAGN0018,E00017464,0,0,0,0,0,0
00BAGF0032,E00017263,0,0,0,0,0,0
00BAGF0009,E00017240,0,0,0,0,0,0
00BFGG0014,E00020677,0,0,0,0,0,0
00ABGJ0016,E00000405,0,0,0,0,0,0
00ABGJ0022,E00000411,0,0,0,0,0,0
00BCGM0018,E00018806,0,0,0,0,0,0
00BFGP0012,E00020901,0,0,0,0,0,0
00BFGG0016,E00020679,0,0,0,0,0,0
00BFGF0025,E00020655,0,0,0,0,0,0
00BFGQ0034,E00020962,0,0,0,0,0,0
00BFGQ0033,E00020961,0,0,0,0,0,0
00BAGE0027,E00017222,0,0,0,0,0,0
00BFGN0020,E00020877,0,0,0,0,0,0
00BFGN0012,E00020869,0,0,0,0,0,0
00BFGM0007,E00020824,0,0,0,0,0,0
00BCGM0011,E00018799,0,0,0,0,0,0
00BCGM0005,E00018793,0,0,0,0,0,0
00BCGM0031,E00018819,0,0,0,0,0,0
00BCGM0032,E00018820,0,0,0,0,0,0
00BCGM0022,E00018810,0,0,0,0,0,0
00AUGJ0020,E00013847,0,0,0,0,0,0
00BFGQ0006,E00020934,0,0,0,0,0,0
00BFGM0012,E00020829,0,0,0,0,0,0
00BFGM0009,E00020826,0,0,0,0,0,0
00BFGM0010,E00020827,0,0,0,0,0,0
00BFGP0010,E00020899,0,0,0,0,0,0
00BFGM0038,E00020855,0,0,0,0,0,0
00BFGM0011,E00020828,0,0,0,0,0,0
00BFGM0040,E00020857,0,0,0,0,0,0
00BFGM0004,E00020821,0,0,0,0,0,0
00BFGM0034,E00020851,0,0,0,0,0,0
00BCGJ0017,E00018694,0,0,0,0,0,0
00BFGM0035,E00020852,0,0,0,0,0,0
00BFGM0026,E00020843,0,0,0,0,0,0
00BFGM0031,E00020848,0,0,0,0,0,0
00BFGM0033,E00020850,0,0,0,0,0,0
00BFGM0021,E00020838,0,0,0,0,0,0
00BFGM0032,E00020849,0,0,0,0,0,0
00BFGM0037,E00020854,0,0,0,0,0,0
00BFGM0003,E00020820,0,0,0,0,0,0
00BFGM0014,E00020831,0,0,0,0,0,0
00BFGM0015,E00020832,0,0,0,0,0,0
00BCGR0008,E00018935,0,0,0,0,0,0
00BFGM0018,E00020835,0,0,0,0,0,0
00BFGM0019,E00020836,0,0,0,0,0,0
00BFGM0022,E00020839,0,0,0,0,0,0
00BFGM0023,E00020840,0,0,0,0,0,0
00BFGF0022,E00020652,0,0,0,0,0,0
00BFGP0038,E00020927,0,0,0,0,0,0
00BCGR0024,E00018951,0,0,0,0,0,0
00BFGP0039,E00020928,0,0,0,0,0,0
00BFGM0001,E00020818,0,0,0,0,0,0
00BFGM0013,E00020830,0,0,0,0,0,0
00BFGF0017,E00020647,0,0,0,0,0,0
00BFGM0005,E00020822,0,0,0,0,0,0
00BFGF0011,E00020641,0,0,0,0,0,0
00BFGM0008,E00020825,0,0,0,0,0,0
00BFGF0010,E00020640,0,0,0,0,0,0
00BAGF0031,E00017262,0,0,0,0,0,0
00BFGF0012,E00020642,0,0,0,0,0,0
00BFGF0016,E00020646,0,0,0,0,0,0
00BFGF0023,E00020653,0,0,0,0,0,0
00BFGF0018,E00020648,0,0,0,0,0,0
00BFGF0009,E00020639,0,0,0,0,0,0
00BFGM0025,E00020842,0,0,0,0,0,0
00BFGF0006,E00020636,0,0,0,0,0,0
00BFGF0028,E00020658,0,0,0,0,0,0
00BCGJ0007,E00018684,0,0,0,0,0,0
00BFGF0008,E00020638,0,0,0,0,0,0
00BCGR0010,E00018937,0,0,0,0,0,0
00BFGM0017,E00020834,0,0,0,0,0,0
00BAGE0030,E00017225,0,0,0,0,0,0
00BFGM0029,E00020846,0,0,0,0,0,0
00BFGF0004,E00020634,0,0,0,0,0,0
00BFGF0031,E00020661,0,0,0,0,0,0
00BFGF0030,E00020660,0,0,0,0,0,0
00BFGJ0014,E00020735,0,0,0,0,0,0
00BFGJ0013,E00020734,0,0,0,0,0,0
00BFGJ0011,E00020732,0,0,0,0,0,0
00BFGJ0012,E00020733,0,0,0,0,0,0
00BFGW0014,E00021121,0,0,0,0,0,0
00BFGH0001,E00020692,0,0,0,0,0,0
00BFGH0017,E00020708,0,0,0,0,0,0
00BAGE0024,E00017219,0,0,0,0,0,0
00BFGH0018,E00020709,0,0,0,0,0,0
00BFGQ0017,E00020945,0,0,0,0,0,0
00AHHD0050,E00005910,0,0,0,0,0,0
00BFGJ0021,E00020742,0,0,0,0,0,0
00BFGJ0016,E00020737,0,0,0,0,0,0
00BFGW0013,E00021120,0,0,0,0,0,0
00BFGL0007,E00020793,0,0,0,0,0,0
00BFGJ0003,E00020724,0,0,0,0,0,0
00BFGL0008,E00020794,0,0,0,0,0,0
00BFGJ0031,E00020752,0,0,0,0,0,0
00BFGJ0015,E00020736,0,0,0,0,0,0
00BFGW0032,E00021139,0,0,0,0,0,0
00AHGH0049,E00005054,0,0,0,0,0,0
00BFGL0010,E00020796,0,0,0,0,0,0
00BFGJ0010,E00020731,0,0,0,0,0,0
00BFGN0009,E00020866,0,0,0,0,0,0
00BFGW0020,E00021127,0,0,0,0,0,0
00BFGW0027,E00021134,0,0,0,0,0,0
00BFGN0001,E00020858,0,0,0,0,0,0
00BFGJ0008,E00020729,0,0,0,0,0,0
00BFGW0025,E00021132,0,0,0,0,0,0
00BFGW0028,E00021135,0,0,0,0,0,0
00BFGW0016,E00021123,0,0,0,0,0,0
00BFGW0015,E00021122,0,0,0,0,0,0
00BFGW0010,E00021117,0,0,0,0,0,0
00BFGW0022,E00021129,0,0,0,0,0,0
00BFGJ0007,E00020728,0,0,0,0,0,0
00BFGW0012,E00021119,0,0,0,0,0,0
00BFGW0009,E00021116,0,0,0,0,0,0
00BFGW0008,E00021115,0,0,0,0,0,0
00BFGJ0006,E00020727,0,0,0,0,0,0
00BFGW0011,E00021118,0,0,0,0,0,0
00BFGW0007,E00021114,0,0,0,0,0,0
00BFGW0002,E00021109,0,0,0,0,0,0
00BFGW0005,E00021112,0,0,0,0,0,0
00BFGW0004,E00021111,0,0,0,0,0,0
00BFGW0031,E00021138,0,0,0,0,0,0
00BFGW0023,E00021130,0,0,0,0,0,0
00BFGW0033,E00021140,0,0,0,0,0,0
00BFGW0024,E00021131,0,0,0,0,0,0
00BFGW0019,E00021126,0,0,0,0,0,0
00BFGW0006,E00021113,0,0,0,0,0,0
00BFGW0003,E00021110,0,0,0,0,0,0
00BFGW0029,E00021136,0,0,0,0,0,0
00BFGW0026,E00021133,0,0,0,0,0,0
00BFGW0030,E00021137,0,0,0,0,0,0
00BFGW0017,E00021124,0,0,0,0,0,0
00BFGL0031,E00020817,0,0,0,0,0,0
00BAGE0026,E00017221,0,0,0,0,0,0
00BFGL0002,E00020788,0,0,0,0,0,0
00BFGL0005,E00020791,0,0,0,0,0,0
00BFGL0029,E00020815,0,0,0,0,0,0
00BFGN0008,E00020865,0,0,0,0,0,0
00BFGN0003,E00020860,0,0,0,0,0,0
00BFGL0025,E00020811,0,0,0,0,0,0
00BFGR0012,E00020978,0,0,0,0,0,0
00BFGR0017,E00020983,0,0,0,0,0,0
00BFGR0022,E00020988,0,0,0,0,0,0
00BAGC0019,E00017154,0,0,0,0,0,0
00ABFZ0016,E00000116,0,0,0,0,0,0
00BFGD0003,E00020565,0,0,0,0,0,0
00ABFZ0015,E00000115,0,0,0,0,0,0
00ABGM0015,E00000495,0,0,0,0,0,0
00BFGL0006,E00020792,0,0,0,0,0,0
00BFGL0030,E00020816,0,0,0,0,0,0
00BFGL0003,E00020789,0,0,0,0,0,0
00BFGL0022,E00020808,0,0,0,0,0,0
00BFGL0009,E00020795,0,0,0,0,0,0
00BFGL0001,E00020787,0,0,0,0,0,0
00BAGH0009,E00017303,0,0,0,0,0,0
00BFGL0023,E00020809,0,0,0,0,0,0
00BAGH0018,E00017312,0,0,0,0,0,0
00BFGL0027,E00020813,0,0,0,0,0,0
00BFGL0028,E00020814,0,0,0,0,0,0
00BFGL0026,E00020812,0,0,0,0,0,0
00BFGL0019,E00020805,0,0,0,0,0,0
00BAGH0024,E00017318,0,0,0,0,0,0
00BFGW0001,E00021108,0,0,0,0,0,0
00BAGH0010,E00017304,0,0,0,0,0,0
00BAGE0029,E00017224,0,0,0,0,0,0
00BAGH0017,E00017311,0,0,0,0,0,0
00BFGW0018,E00021125,0,0,0,0,0,0
00BAGH0008,E00017302,0,0,0,0,0,0
00BAGH0011,E00017305,0,0,0,0,0,0
00BAGH0004,E00017298,0,0,0,0,0,0
00AHHC0035,E00005846,0,0,0,0,0,0
00BFGK0010,E00020762,0,0,0,0,0,0
00BFGK0026,E00020778,0,0,0,0,0,0
00BFGK0008,E00020760,0,0,0,0,0,0
00BFGK0030,E00020782,0,0,0,0,0,0
00BAGC0009,E00017144,0,0,0,0,0,0
00BAGH0001,E00017295,0,0,0,0,0,0
00BAGH0002,E00017296,0,0,0,0,0,0
00BAGH0005,E00017299,0,0,0,0,0,0
00BAGH0016,E00017310,0,0,0,0,0,0
00BAGH0014,E00017308,0,0,0,0,0,0
00BAGH0012,E00017306,0,0,0,0,0,0
00BAGH0013,E00017307,0,0,0,0,0,0
00BAGH0015,E00017309,0,0,0,0,0,0
00BFGL0020,E00020806,0,0,0,0,0,0
00BFGL0016,E00020802,0,0,0,0,0,0
00BAGH0003,E00017297,0,0,0,0,0,0
00BAGH0006,E00017300,0,0,0,0,0,0
00BAGH0007,E00017301,0,0,0,0,0,0
00BFGL0018,E00020804,0,0,0,0,0,0
00BFGL0013,E00020799,0,0,0,0,0,0
00BFGL0011,E00020797,0,0,0,0,0,0
00BFGU0012,E00021082,0,0,0,0,0,0
00BFGT0024,E00021059,0,0,0,0,0,0
00BFGL0017,E00020803,0,0,0,0,0,0
00BFGN0018,E00020875,0,0,0,0,0,0
00BAGN0025,E00017471,0,0,0,0,0,0
00BAGH0026,E00017320,0,0,0,0,0,0
00BFGR0026,E00020992,0,0,0,0,0,0
00BAGH0027,E00017321,0,0,0,0,0,0
00BAGN0001,E00017447,0,0,0,0,0,0
00BAGH0025,E00017319,0,0,0,0,0,0
00BFGQ0016,E00020944,0,0,0,0,0,0
00BFGN0006,E00020863,0,0,0,0,0,0
00BFGN0023,E00020880,0,0,0,0,0,0
00AHGH0010,E00005015,0,0,0,0,0,0
00BFGN0029,E00020886,0,0,0,0,0,0
00BFGN0030,E00020887,0,0,0,0,0,0
00BFGN0007,E00020864,0,0,0,0,0,0
00BFGF0032,E00020662,0,0,0,0,0,0
00BFGF0026,E00020656,0,0,0,0,0,0
00BFGN0026,E00020883,0,0,0,0,0,0
00BFGN0031,E00020888,0,0,0,0,0,0
00BFGN0028,E00020885,0,0,0,0,0,0
00BFGN0032,E00020889,0,0,0,0,0,0
00BFGN0005,E00020862,0,0,0,0,0,0
00AHHC0034,E00005845,0,0,0,0,0,0
00BFGN0024,E00020881,0,0,0,0,0,0
00BAGN0021,E00017467,0,0,0,0,0,0
00BFGU0004,E00021074,0,0,0,0,0,0
00BAGN0016,E00017462,0,0,0,0,0,0
00BFGN0004,E00020861,0,0,0,0,0,0
00BFGN0021,E00020878,0,0,0,0,0,0
00BFGN0015,E00020872,0,0,0,0,0,0
00BFGN0014,E00020871,0,0,0,0,0,0
00BFGN0013,E00020870,0,0,0,0,0,0
00BFGN0017,E00020874,0,0,0,0,0,0
00BFGN0025,E00020882,0,0,0,0,0,0
00BFGN0019,E00020876,0,0,0,0,0,0
00BFGR0025,E00020991,0,0,0,0,0,0
00BFGR0013,E00020979,0,0,0,0,0,0
00BFGR0007,E00020973,0,0,0,0,0,0
00BFGR0027,E00020993,0,0,0,0,0,0
00BFGR0016,E00020982,0,0,0,0,0,0
00BFGR0021,E00020987,0,0,0,0,0,0
00BFGR0014,E00020980,0,0,0,0,0,0
00BFGN0002,E00020859,0,0,0,0,0,0
00BFGK0019,E00020771,0,0,0,0,0,0
00BFGK0006,E00020758,0,0,0,0,0,0
00BFGK0020,E00020772,0,0,0,0,0,0
00BFGK0023,E00020775,0,0,0,0,0,0
00BFGK0024,E00020776,0,0,0,0,0,0
00BFGK0027,E00020779,0,0,0,0,0,0
00BFGK0017,E00020769,0,0,0,0,0,0
00BFGK0021,E00020773,0,0,0,0,0,0
00BFGK0022,E00020774,0,0,0,0,0,0
00BFGK0014,E00020766,0,0,0,0,0,0
00BFGK0004,E00020756,0,0,0,0,0,0
00BFGU0017,E00021087,0,0,0,0,0,0
00BFGK0005,E00020757,0,0,0,0,0,0
00BFGT0025,E00021060,0,0,0,0,0,0
00BFGK0011,E00020763,0,0,0,0,0,0
00BFGR0006,E00020972,0,0,0,0,0,0
00BFGK0015,E00020767,0,0,0,0,0,0
00BFGK0018,E00020770,0,0,0,0,0,0
00BFGK0025,E00020777,0,0,0,0,0,0
00BFGR0033,E00020999,0,0,0,0,0,0
00BFGU0030,E00021100,0,0,0,0,0,0
00BFGK0009,E00020761,0,0,0,0,0,0
00BFGK0029,E00020781,0,0,0,0,0,0
00BFGK0031,E00020783,0,0,0,0,0,0
00BFGK0032,E00020784,0,0,0,0,0,0
00BFGK0003,E00020755,0,0,0,0,0,0
00BFGG0015,E00020678,0,0,0,0,0,0
00BAGN0022,E00017468,0,0,0,0,0,0
00BAGN0026,E00017472,0,0,0,0,0,0
00BAGN0024,E00017470,0,0,0,0,0,0
00BFGK0001,E00020753,0,0,0,0,0,0
00BFGK0016,E00020768,0,0,0,0,0,0
00BAGN0023,E00017469,0,0,0,0,0,0
00BFGK0012,E00020764,0,0,0,0,0,0
00BAGN0019,E00017465,0,0,0,0,0,0
00BAGN0013,E00017459,0,0,0,0,0,0
00BFGT0001,E00021036,0,0,0,0,0,0
00BAGN0014,E00017460,0,0,0,0,0,0
00BAGN0020,E00017466,0,0,0,0,0,0
00BFGK0034,E00020786,0,0,0,0,0,0
00BAGL0004,E00017385,0,0,0,0,0,0
00BAGL0010,E00017391,0,0,0,0,0,0
00BFGT0010,E00021045,0,0,0,0,0,0
00BAGN0017,E00017463,0,0,0,0,0,0
00BAGL0009,E00017390,0,0,0,0,0,0
00BFGU0032,E00021102,0,0,0,0,0,0
00BAGL0007,E00017388,0,0,0,0,0,0
00BAGL0006,E00017387,0,0,0,0,0,0
00AHGL0029,E00005160,0,0,0,0,0,0
00BFGK0013,E00020765,0,0,0,0,0,0
00BFGU0018,E00021088,0,0,0,0,0,0
00AHGL0033,E00005164,0,0,0,0,0,0
00BFGK0007,E00020759,0,0,0,0,0,0
00BFGK0033,E00020785,0,0,0,0,0,0
00AHHC0011,E00005822,0,0,0,0,0,0
00BFGU0006,E00021076,0,0,0,0,0,0
00BFGK0028,E00020780,0,0,0,0,0,0
00BFGT0026,E00021061,0,0,0,0,0,0
00BFGK0002,E00020754,0,0,0,0,0,0
00BFGU0020,E00021090,0,0,0,0,0,0
00BAGD0016,E00017183,0,0,0,0,0,0
00ABFY0031,E00000100,0,0,0,0,0,0
00BFGU0005,E00021075,0,0,0,0,0,0
00BFGU0007,E00021077,0,0,0,0,0,0
00BFGU0021,E00021091,0,0,0,0,0,0
00BFGU0026,E00021096,0,0,0,0,0,0
00BFGU0019,E00021089,0,0,0,0,0,0
00BFGU0013,E00021083,0,0,0,0,0,0
00BAGL0008,E00017389,0,0,0,0,0,0
00BAGL0011,E00017392,0,0,0,0,0,0
00BFGU0016,E00021086,0,0,0,0,0,0
00BFGU0014,E00021084,0,0,0,0,0,0
00BFGU0015,E00021085,0,0,0,0,0,0
00BFGG0003,E00020666,0,0,0,0,0,0
00BFGG0028,E00020691,0,0,0,0,0,0
00BFGD0030,E00020592,0,0,0,0,0,0
00BFGT0002,E00021037,0,0,0,0,0,0
00BFGD0031,E00020593,0,0,0,0,0,0
00BFGT0006,E00021041,0,0,0,0,0,0
00BFGT0029,E00021064,0,0,0,0,0,0
00BFGD0021,E00020583,0,0,0,0,0,0
00BFGD0027,E00020589,0,0,0,0,0,0
00BFGD0028,E00020590,0,0,0,0,0,0
00BFGD0029,E00020591,0,0,0,0,0,0
00BFGT0011,E00021046,0,0,0,0,0,0
00BFGG0027,E00020690,0,0,0,0,0,0
00BFGG0019,E00020682,0,0,0,0,0,0
00AHGL0032,E00005163,0,0,0,0,0,0
00BFGG0011,E00020674,0,0,0,0,0,0
00BFGG0026,E00020689,0,0,0,0,0,0
00BFGG0021,E00020684,0,0,0,0,0,0
00BFGG0013,E00020676,0,0,0,0,0,0
00BFGG0018,E00020681,0,0,0,0,0,0
00BFGG0010,E00020673,0,0,0,0,0,0
00BFGF0019,E00020649,0,0,0,0,0,0
00BFGF0020,E00020650,0,0,0,0,0,0
00BFGF0013,E00020643,0,0,0,0,0,0
00ABFY0001,E00000070,0,0,0,0,0,0
00ABGF0029,E00000326,0,0,0,0,0,0
00BFGT0014,E00021049,0,0,0,0,0,0
00ABGB0007,E00000173,0,0,0,0,0,0
00BFGF0003,E00020633,0,0,0,0,0,0
00BFGF0021,E00020651,0,0,0,0,0,0
00BFGF0007,E00020637,0,0,0,0,0,0
00BFGF0029,E00020659,0,0,0,0,0,0
00BFGF0033,E00020663,0,0,0,0,0,0
00BFGS0004,E00021004,0,0,0,0,0,0
00BFGG0023,E00020686,0,0,0,0,0,0
00BFGG0024,E00020687,0,0,0,0,0,0
00BFGT0023,E00021058,0,0,0,0,0,0
00BFGG0017,E00020680,0,0,0,0,0,0
00BFGT0012,E00021047,0,0,0,0,0,0
00BFGG0012,E00020675,0,0,0,0,0,0
00AYGN0008,E00015761,0,0,0,0,0,0
00BFGT0008,E00021043,0,0,0,0,0,0
00BFGT0021,E00021056,0,0,0,0,0,0
00BFGD0014,E00020576,0,0,0,0,0,0
00BFGT0018,E00021053,0,0,0,0,0,0
00BFGT0004,E00021039,0,0,0,0,0,0
00BFGT0022,E00021057,0,0,0,0,0,0
00BFGT0017,E00021052,0,0,0,0,0,0
00BFGT0005,E00021040,0,0,0,0,0,0
00BFGD0024,E00020586,0,0,0,0,0,0
00BFGD0004,E00020566,0,0,0,0,0,0
00BFGD0026,E00020588,0,0,0,0,0,0
00BFGD0020,E00020582,0,0,0,0,0,0
00BFGD0010,E00020572,0,0,0,0,0,0
00BFGT0016,E00021051,0,0,0,0,0,0
00BFGT0019,E00021054,0,0,0,0,0,0
00BFGD0012,E00020574,0,0,0,0,0,0
00BFGT0009,E00021044,0,0,0,0,0,0
00BFGT0003,E00021038,0,0,0,0,0,0
00BFGT0020,E00021055,0,0,0,0,0,0
00BFGT0013,E00021048,0,0,0,0,0,0
00BFGT0007,E00021042,0,0,0,0,0,0
00BFGT0034,E00021069,0,0,0,0,0,0
00BFGT0033,E00021068,0,0,0,0,0,0
00BFGG0009,E00020672,0,0,0,0,0,0
00BFGF0001,E00020631,0,0,0,0,0,0
00BFGF0014,E00020644,0,0,0,0,0,0
00BFGS0026,E00021026,0,0,0,0,0,0
00BFGS0003,E00021003,0,0,0,0,0,0
00BFGS0005,E00021005,0,0,0,0,0,0
00BFGS0010,E00021010,0,0,0,0,0,0
00BFGT0035,E00021070,0,0,0,0,0,0
00BFGF0005,E00020635,0,0,0,0,0,0
00BFGS0023,E00021023,0,0,0,0,0,0
00BFGS0021,E00021021,0,0,0,0,0,0
00BFGS0015,E00021015,0,0,0,0,0,0
00BFGS0012,E00021012,0,0,0,0,0,0
00BFGS0017,E00021017,0,0,0,0,0,0
00BFGS0018,E00021018,0,0,0,0,0,0
00BFGS0028,E00021028,0,0,0,0,0,0
00BFGS0002,E00021002,0,0,0,0,0,0
00BFGS0029,E00021029,0,0,0,0,0,0
00BFGS0001,E00021001,0,0,0,0,0,0
00BFGT0028,E00021063,0,0,0,0,0,0
00AYGN0014,E00015767,0,0,0,0,0,0
00BFGT0030,E00021065,0,0,0,0,0,0
00BFGD0007,E00020569,0,0,0,0,0,0
00BFGC0032,E00020562,0,0,0,0,0,0
00BFGT0027,E00021062,0,0,0,0,0,0
00BFGC0003,E00020533,0,0,0,0,0,0
00BFGS0019,E00021019,0,0,0,0,0,0
00BFGC0026,E00020556,0,0,0,0,0,0
00AWGE0018,E00014275,0,0,0,0,0,0
00BFGS0027,E00021027,0,0,0,0,0,0
00BJGT0004,E00023323,0,0,0,0,0,0
00BFGS0016,E00021016,0,0,0,0,0,0
00BFGS0022,E00021022,0,0,0,0,0,0
00BFGD0023,E00020585,0,0,0,0,0,0
00BFGC0004,E00020534,0,0,0,0,0,0
00BFGC0029,E00020559,0,0,0,0,0,0
00BFGC0022,E00020552,0,0,0,0,0,0
00AHGT0015,E00005454,0,0,0,0,0,0
00BFGD0025,E00020587,0,0,0,0,0,0
00BJGT0014,E00023333,0,0,0,0,0,0
00AHGT0014,E00005453,0,0,0,0,0,0
00AHGT0012,E00005451,0,0,0,0,0,0
00BFGD0005,E00020567,0,0,0,0,0,0
00AHGT0001,E00005440,0,0,0,0,0,0
00AHGT0011,E00005450,0,0,0,0,0,0
00BFGD0011,E00020573,0,0,0,0,0,0
00AHGT0008,E00005447,0,0,0,0,0,0
00AHHC0037,E00005848,0,0,0,0,0,0
00BFGC0031,E00020561,0,0,0,0,0,0
00AHGT0005,E00005444,0,0,0,0,0,0
00AHGT0006,E00005445,0,0,0,0,0,0
00BFGD0009,E00020571,0,0,0,0,0,0
00AHGT0009,E00005448,0,0,0,0,0,0
00AHGT0010,E00005449,0,0,0,0,0,0
00AHGT0041,E00005480,0,0,0,0,0,0
00BFGD0006,E00020568,0,0,0,0,0,0
00BFGD0022,E00020584,0,0,0,0,0,0
00BFGD0017,E00020579,0,0,0,0,0,0
00BFGD0002,E00020564,0,0,0,0,0,0
00BFGD0019,E00020581,0,0,0,0,0,0
00AYGK0027,E00015646,0,1,0,1,0,1
00BFGC0024,E00020554,0,0,0,0,0,0
00BFGC0001,E00020531,0,0,0,0,0,0
00BFGD0015,E00020577,0,0,0,0,0,0
00BFGD0032,E00020594,0,0,0,0,0,0
00BFGC0023,E00020553,0,0,0,0,0,0
00AHHC0032,E00005843,0,0,0,0,0,0
00AHHC0036,E00005847,0,0,0,0,0,0
00AHGL0001,E00005132,0,0,0,0,0,0
00BFGC0025,E00020555,0,0,0,0,0,0
00BFGD0018,E00020580,0,0,0,0,0,0
00AHHC0005,E00005816,0,0,0,0,0,0
00AHHC0008,E00005819,0,0,0,0,0,0
00AHHC0026,E00005837,0,0,0,0,0,0
00AHHC0029,E00005840,0,0,0,0,0,0
00AHGL0046,E00005177,0,0,0,0,0,0
00AHGL0051,E00005182,0,0,0,0,0,0
00AHGL0050,E00005181,0,0,0,0,0,0
00AHGL0047,E00005178,0,0,0,0,0,0
00AHHC0033,E00005844,0,0,0,0,0,0
00AHGL0042,E00005173,0,0,0,0,0,0
00AHGL0040,E00005171,0,0,0,0,0,0
00AHGL0041,E00005172,0,0,0,0,0,0
00AHHC0006,E00005817,0,0,0,0,0,0
00AYGK0040,E00015659,0,0,0,1,0,1
00ACGK0008,E00001162,0,0,0,0,0,0
00AHGL0044,E00005175,0,0,0,0,0,0
00ACGH0044,E00001104,0,0,0,0,0,0
00AHGL0037,E00005168,0,0,0,0,0,0
00AHGL0038,E00005169,0,0,0,0,0,0
00AHGL0031,E00005162,0,0,0,0,0,0
00AHGL0034,E00005165,0,0,0,0,0,0
00BFGC0002,E00020532,0,0,0,0,0,0
00AUGE0017,E00013679,0,0,0,0,0,0
00BAGE0018,E00017213,0,0,0,0,0,0
00AHHC0007,E00005818,0,0,0,0,0,0
00AHHC0030,E00005841,0,0,0,0,0,0
00AHHC0031,E00005842,0,0,0,0,0,0
00AHHC0025,E00005836,0,0,0,0,0,0
00AHHC0028,E00005839,0,0,0,0,0,0
00BFGC0028,E00020558,0,0,0,0,0,0
00BFGC0027,E00020557,0,0,0,0,0,0
00AHHC0012,E00005823,0,0,0,0,0,0
00AHHC0022,E00005833,0,0,0,0,0,0
00AHHC0023,E00005834,0,0,0,0,0,0
00AHHC0004,E00005815,0,0,0,0,0,0
00AHHC0013,E00005824,0,0,0,0,0,0
00AHHC0009,E00005820,0,0,0,0,0,0
00BAGE0022,E00017217,0,0,0,0,0,0
00AHGL0022,E00005153,0,0,0,0,0,0
00AHGL0024,E00005155,0,0,0,0,0,0
00AHHC0027,E00005838,0,0,0,0,0,0
00AHHC0019,E00005830,0,0,0,0,0,0
00AHHC0024,E00005835,0,0,0,0,0,0
00BFGR0002,E00020968,0,0,0,0,0,0
00AHHC0018,E00005829,0,0,0,0,0,0
00AHHC0014,E00005825,0,0,0,0,0,0
00AHHC0020,E00005831,0,0,0,0,0,0
00AHHC0017,E00005828,0,0,0,0,0,0
00AHHC0015,E00005826,0,0,0,0,0,0
00AHGM0028,E00005214,0,0,0,0,0,0
00AHHC0021,E00005832,0,0,0,0,0,0
00AHGM0036,E00005222,0,0,0,0,0,0
00BFGU0033,E00021103,0,0,0,0,0,0
00BFGU0008,E00021078,0,0,0,0,0,0
00BFGC0016,E00020546,0,0,0,0,0,0
00AHHC0003,E00005814,0,0,0,0,0,0
00AHGM0007,E00005193,0,0,0,0,0,0
00AHGM0029,E00005215,0,0,0,0,0,0
00AHGM0030,E00005216,0,0,0,0,0,0
00AHGM0031,E00005217,0,0,0,0,0,0
00BFGR0001,E00020967,0,0,0,0,0,0
00BFGR0024,E00020990,0,0,0,0,0,0
00BFGF0002,E00020632,0,0,0,0,0,0
00BFGF0027,E00020657,0,0,0,0,0,0
00BFGS0009,E00021009,0,0,0,0,0,0
00BFGS0035,E00021035,0,0,0,0,0,0
00BFGS0034,E00021034,0,0,0,0,0,0
00BFGS0013,E00021013,0,0,0,0,0,0
00BFGS0006,E00021006,0,0,0,0,0,0
00BFGC0018,E00020548,0,0,0,0,0,0
00BFGC0020,E00020550,0,0,0,0,0,0
00BFGC0014,E00020544,0,0,0,0,0,0
00BFGC0019,E00020549,0,0,0,0,0,0
00BFGU0035,E00021105,0,0,0,0,0,0
00BFGC0021,E00020551,0,0,0,0,0,0
00BFGR0028,E00020994,0,0,0,0,0,0
00BFGR0020,E00020986,0,0,0,0,0,0
00BFGS0008,E00021008,0,0,0,0,0,0
00BFGU0028,E00021098,0,0,0,0,0,0
00BFGS0033,E00021033,0,0,0,0,0,0
00BFGC0017,E00020547,0,0,0,0,0,0
00BFGC0009,E00020539,0,0,0,0,0,0
00BFGC0011,E00020541,0,0,0,0,0,0
00BFGR0019,E00020985,0,0,0,0,0,0
00BFGR0009,E00020975,0,0,0,0,0,0
00BFGR0023,E00020989,0,0,0,0,0,0
00BFGR0003,E00020969,0,0,0,0,0,0
00BFGR0004,E00020970,0,0,0,0,0,0
00BAGQ0017,E00017528,0,0,0,0,0,0
00BFGR0015,E00020981,0,0,0,0,0,0
00BFGR0030,E00020996,0,0,0,0,0,0
00BFGU0001,E00021071,0,0,0,0,0,0
00BFGU0022,E00021092,0,0,0,0,0,0
00BFGU0011,E00021081,0,0,0,0,0,0
00BFGU0025,E00021095,0,0,0,0,0,0
00BFGU0027,E00021097,0,0,0,0,0,0
00BFGR0010,E00020976,0,0,0,0,0,0
00BFGR0018,E00020984,0,0,0,0,0,0
00AHGM0042,E00005228,0,0,0,0,0,0
00AHGH0016,E00005021,0,0,0,0,0,0
00BJGT0015,E00023334,0,0,0,0,0,0
00BFGS0007,E00021007,0,0,0,0,0,0
00BFGR0008,E00020974,0,0,0,0,0,0
00BFGR0011,E00020977,0,0,0,0,0,0
00BFGS0031,E00021031,0,0,0,0,0,0
00BFGS0030,E00021030,0,0,0,0,0,0
00BFGS0032,E00021032,0,0,0,0,0,0
00BFGR0005,E00020971,0,0,0,0,0,0
00BFGR0031,E00020997,0,0,0,0,0,0
00AHGH0042,E00005047,0,0,0,0,0,0
00AHGH0018,E00005023,0,0,0,0,0,0
00AHGH0047,E00005052,0,0,0,0,0,0
00AHGH0037,E00005042,0,0,0,0,0,0
00BFGR0032,E00020998,0,0,0,0,0,0
00AHGH0039,E00005044,0,0,0,0,0,0
00BFGR0034,E00021000,0,0,0,0,0,0
00BFGU0036,E00021106,0,0,0,0,0,0
00BFGU0037,E00021107,0,0,0,0,0,0
00BFGU0034,E00021104,0,0,0,0,0,0
00BFGC0007,E00020537,0,0,0,0,0,0
00BFGU0023,E00021093,0,0,0,0,0,0
00AHGW0010,E00005528,0,0,0,0,0,0
00BFGU0029,E00021099,0,0,0,0,0,0
00BFGU0002,E00021072,0,0,0,0,0,0
00AHGM0024,E00005210,0,0,0,0,0,0
00BFGU0003,E00021073,0,0,0,0,0,0
00BFGU0024,E00021094,0,0,0,0,0,0
00AHHD0019,E00005879,0,0,0,0,0,0
00AHGH0004,E00005009,0,0,0,0,0,0
00AHGH0017,E00005022,0,0,0,0,0,0
00AHGH0008,E00005013,0,0,0,0,0,0
00AHGH0007,E00005012,0,0,0,0,0,0
00AHGH0046,E00005051,0,0,0,0,0,0
00AHGH0009,E00005014,0,0,0,0,0,0
00BFGC0012,E00020542,0,0,0,0,0,0
00BFGC0015,E00020545,0,0,0,0,0,0
00AHHC0016,E00005827,0,0,0,0,0,0
00AHHC0002,E00005813,0,0,0,0,0,0
00AHHC0010,E00005821,0,0,0,0,0,0
00AHHC0047,E00005858,0,0,0,0,0,0
00AHGM0023,E00005209,0,0,0,0,0,0
00AHGM0018,E00005204,0,0,0,0,0,0
00AHHC0041,E00005852,0,0,0,0,0,0
00AHGM0027,E00005213,0,0,0,0,0,0
00AHHC0001,E00005812,0,0,0,0,0,0
00AHHC0044,E00005855,0,0,0,0,0,0
00AHGM0020,E00005206,0,0,0,0,0,0
00AHGM0021,E00005207,0,0,0,0,0,0
00AHGM0005,E00005191,0,0,0,0,0,0
00BFGC0008,E00020538,0,0,0,0,0,0
00AHGH0019,E00005024,0,0,0,0,0,0
00BFGC0005,E00020535,0,0,0,0,0,0
00AHGH0034,E00005039,0,0,0,0,0,0
00AHHD0013,E00005873,0,0,0,0,0,0
00AHGH0038,E00005043,0,0,0,0,0,0
00AHGH0024,E00005029,0,0,0,0,0,0
00AHGH0035,E00005040,0,0,0,0,0,0
00BFGC0010,E00020540,0,0,0,0,0,0
00AHHC0048,E00005859,0,0,0,0,0,0
00AHGH0032,E00005037,0,0,0,0,0,0
00AHHC0042,E00005853,0,0,0,0,0,0
00AHHD0011,E00005871,0,0,0,0,0,0
00AHHC0045,E00005856,0,0,0,0,0,0
00AHHC0038,E00005849,0,0,0,0,0,0
00AHGH0021,E00005026,0,0,0,0,0,0
00AHGH0005,E00005010,0,0,0,0,0,0
00AHGM0016,E00005202,0,0,0,0,0,0
00AHHC0039,E00005850,0,0,0,0,0,0
00AHGM0058,E00005244,0,0,0,0,0,0
00AHHC0040,E00005851,0,0,0,0,0,0
00AHHC0043,E00005854,0,0,0,0,0,0
00AHHC0046,E00005857,0,0,0,0,0,0
00AHGM0022,E00005208,0,0,0,0,0,0
00AHGM0015,E00005201,0,0,0,0,0,0
00AHGM0057,E00005243,0,0,0,0,0,0
00AHGH0023,E00005028,0,0,0,0,0,0
00AHGH0006,E00005011,0,0,0,0,0,0
00AHGH0030,E00005035,0,0,0,0,0,0
00AHGH0027,E00005032,0,0,0,0,0,0
00AHGH0031,E00005036,0,0,0,0,0,0
00AHGH0033,E00005038,0,0,0,0,0,0
00AHGH0029,E00005034,0,0,0,0,0,0
00AHGH0026,E00005031,0,0,0,0,0,0
00AHGH0028,E00005033,0,0,0,0,0,0
00AHGM0040,E00005226,0,0,0,0,0,0
00AHGH0041,E00005046,0,0,0,0,0,0
00AHGH0022,E00005027,0,0,0,0,0,0
00AHGH0043,E00005048,0,0,0,0,0,0
00AHGH0003,E00005008,0,0,0,0,0,0
00AHGH0044,E00005049,0,0,0,0,0,0
00AHGH0036,E00005041,0,0,0,0,0,0
00AHGH0020,E00005025,0,0,0,0,0,0
00AHHD0015,E00005875,0,0,0,0,0,0
00AHHD0012,E00005872,0,0,0,0,0,0
00AHHD0048,E00005908,0,0,0,0,0,0
00AHHD0017,E00005877,0,0,0,0,0,0
00AHHD0018,E00005878,0,0,0,0,0,0
00AHHD0047,E00005907,0,0,0,0,0,0
00AHHD0006,E00005866,0,0,0,0,0,0
00AHHD0045,E00005905,0,0,0,0,0,0
00AHHD0009,E00005869,0,0,0,0,0,0
00AHHD0014,E00005874,0,0,0,0,0,0
00AYGW0014,E00016079,0,0,0,0,0,1
00AHHD0010,E00005870,0,0,0,0,0,0
00AHHD0016,E00005876,0,0,0,0,0,0
00AHHD0043,E00005903,0,0,0,0,0,0
00AHHD0044,E00005904,0,0,0,0,0,0
00AHGH0002,E00005007,0,0,0,0,0,0
00AHGH0025,E00005030,0,0,0,0,0,0
00AHGH0015,E00005020,0,0,0,0,0,0
00AHGH0045,E00005050,0,0,0,0,0,0
00AHGH0011,E00005016,0,0,0,0,0,0
00AHGW0013,E00005531,0,0,0,0,0,0
00AHGW0054,E00005572,0,0,0,0,0,0
00AHGW0048,E00005566,0,0,0,0,0,0
00AHGW0051,E00005569,0,0,0,0,0,0
00AHGW0052,E00005570,0,0,0,0,0,0
00AHGW0040,E00005558,0,0,0,0,0,0
00AHGH0014,E00005019,0,0,0,0,0,0
00AHGW0006,E00005524,0,0,0,0,0,0
00AHGW0009,E00005527,0,0,0,0,0,0
00AHGW0011,E00005529,0,0,0,0,0,0
00AHGW0012,E00005530,0,0,0,0,0,0
00AHGW0053,E00005571,0,0,0,0,0,0
00AHHD0042,E00005902,0,0,0,0,0,0
00BAGM0028,E00017440,0,0,0,0,0,0
00BAGM0003,E00017415,0,0,0,0,0,0
00BAGM0010,E00017422,0,0,0,0,0,0
00BAGM0029,E00017441,0,0,0,0,0,0
00BAGM0022,E00017434,0,0,0,0,0,0
00BAGM0004,E00017416,0,0,0,0,0,0
00AHGW0050,E00005568,0,0,0,0,0,0
00AHGW0034,E00005552,0,0,0,0,0,0
00AHGW0004,E00005522,0,0,0,0,0,0
00AHGW0046,E00005564,0,0,0,0,0,0
00BAGR0015,E00017556,0,0,0,0,0,0
00BAGH0021,E00017315,0,0,0,0,0,0
00BAGR0019,E00017560,0,0,0,0,0,0
00BAGR0022,E00017563,0,0,0,0,0,0
00BAGH0019,E00017313,0,0,0,0,0,0
00BAGR0012,E00017553,0,0,0,0,0,0
00BAGR0013,E00017554,0,0,0,0,0,0
00AHGW0043,E00005561,0,0,0,0,0,0
00BAGR0025,E00017566,0,0,0,0,0,0
00BAGR0023,E00017564,0,0,0,0,0,0
00BAGH0022,E00017316,0,0,0,0,0,0
00BAGH0023,E00017317,0,0,0,0,0,0
00BAGR0018,E00017559,0,0,0,0,0,0
00BAFY0008,E00017015,0,0,0,0,0,0
00BAGR0016,E00017557,0,0,0,0,0,0
00BAGR0010,E00017551,0,0,0,0,0,0
00BAGR0009,E00017550,0,0,0,0,0,0
00BAGM0031,E00017443,0,0,0,0,0,0
00BAGB0012,E00017113,0,0,0,0,0,0
00BAGR0017,E00017558,0,0,0,0,0,0
00BAGR0004,E00017545,0,0,0,0,0,0
00BAGM0026,E00017438,0,0,0,0,0,0
00BAGM0019,E00017431,0,0,0,0,0,0
00BAFY0027,E00017034,0,0,0,0,0,0
00BAGH0020,E00017314,0,0,0,0,0,0
00BAGR0028,E00017569,0,0,0,0,0,0
00BAGR0006,E00017547,0,0,0,0,0,0
00BAGR0027,E00017568,0,0,0,0,0,0
00BAGR0030,E00017571,0,0,0,0,0,0
00BAGR0005,E00017546,0,0,0,0,0,0
00BAGR0007,E00017548,0,0,0,0,0,0
00BAFY0014,E00017021,0,0,0,0,0,0
00BAGR0002,E00017543,0,0,0,0,0,0
00BAGR0003,E00017544,0,0,0,0,0,0
00BAFY0006,E00017013,0,0,0,0,0,0
00BAFY0004,E00017011,0,0,0,0,0,0
00BAFY0028,E00017035,0,0,0,0,0,0
00BAFY0002,E00017009,0,0,0,0,0,0
00BAFY0007,E00017014,0,0,0,0,0,0
00BAFY0003,E00017010,0,0,0,0,0,0
00BAFY0005,E00017012,0,0,0,0,0,0
00BAFY0021,E00017028,0,0,0,0,0,0
00BAFY0001,E00017008,0,0,0,0,0,0
00BAFY0025,E00017032,0,0,0,0,0,0
00BAGE0013,E00017208,0,0,0,0,0,0
00BAFY0018,E00017025,0,0,0,0,0,0
00BAFY0019,E00017026,0,0,0,0,0,0
00BAFY0015,E00017022,0,0,0,0,0,0
00BAFY0023,E00017030,0,0,0,0,0,0
00BAFY0016,E00017023,0,0,0,0,0,0
00BAGM0020,E00017432,0,0,0,0,0,0
00BAFY0020,E00017027,0,0,0,0,0,0
00BAFY0024,E00017031,0,0,0,0,0,0
00BAFY0017,E00017024,0,0,0,0,0,0
00BAGM0027,E00017439,0,0,0,0,0,0
00BAGM0025,E00017437,0,0,0,0,0,0
00BAGR0026,E00017567,0,0,0,0,0,0
00BAGR0029,E00017570,0,0,0,0,0,0
00BAGM0024,E00017436,0,0,0,0,0,0
00BAGB0006,E00017107,0,0,0,0,0,0
00BAGB0004,E00017105,0,0,0,0,0,0
00BAGB0005,E00017106,0,0,0,0,0,0
00BAGB0007,E00017108,0,0,0,0,0,0
00BAGB0009,E00017110,0,0,0,0,0,0
00BAGB0003,E00017104,0,0,0,0,0,0
00BAGB0013,E00017114,0,0,0,0,0,0
00BAGB0014,E00017115,0,0,0,0,0,0
00BAGM0023,E00017435,0,0,0,0,0,0
00BAGM0015,E00017427,0,0,0,0,0,0
00BAGM0012,E00017424,0,0,0,0,0,0
00BAGM0014,E00017426,0,0,0,0,0,0
00BAGM0008,E00017420,0,0,0,0,0,0
00BAGM0018,E00017430,0,0,0,0,0,0
00BAGM0017,E00017429,0,0,0,0,0,0
00BAGM0007,E00017419,0,0,0,0,0,0
00BAGM0005,E00017417,0,0,0,0,0,0
00BAGM0009,E00017421,0,0,0,0,0,0
00BAGM0016,E00017428,0,0,0,0,0,0
00BAGE0017,E00017212,0,0,0,0,0,0
00BAGM0006,E00017418,0,0,0,0,0,0
00BAGB0032,E00017133,0,0,0,0,0,0
00BAGE0016,E00017211,0,0,0,0,0,0
00BAFY0013,E00017020,0,0,0,0,0,0
00BAFY0012,E00017019,0,0,0,0,0,0
00BAFY0009,E00017016,0,0,0,0,0,0
00BAFY0010,E00017017,0,0,0,0,0,0
00BAGB0015,E00017116,0,0,0,0,0,0
00BAGB0011,E00017112,0,0,0,0,0,0
00BAFY0011,E00017018,0,0,0,0,0,0
00BAGJ0029,E00017350,0,0,0,0,0,0
00BAGB0028,E00017129,0,0,0,0,0,0
00BAGB0008,E00017109,0,0,0,0,0,0
00BAGB0010,E00017111,0,0,0,0,0,0
00BAGJ0023,E00017344,0,0,0,0,0,0
00BAGJ0028,E00017349,0,0,0,0,0,0
00BAGB0034,E00017135,0,0,0,0,0,0
00BAGJ0030,E00017351,0,0,0,0,0,0
00BAGJ0008,E00017329,0,0,0,0,0,0
00BAGJ0027,E00017348,0,0,0,0,0,0
00BAGJ0009,E00017330,0,0,0,0,0,0
00BAGB0029,E00017130,0,0,0,0,0,0
00BAGB0033,E00017134,0,0,0,0,0,0
00BAGE0014,E00017209,0,0,0,0,0,0
00BAGB0031,E00017132,0,0,0,0,0,0
00BAGJ0024,E00017345,0,0,0,0,0,0
00BAGJ0025,E00017346,0,0,0,0,0,0
00BAGL0022,E00017403,0,0,0,0,0,0
00BAGL0030,E00017411,0,0,0,0,0,0
00BDFW0010,E00019086,0,0,0,0,0,0
00BAFY0026,E00017033,0,0,0,0,0,0
00BAFY0022,E00017029,0,0,0,0,0,0
00BDFW0018,E00019094,0,0,0,0,0,0
00BAGJ0015,E00017336,0,0,0,0,0,0
00BAGJ0014,E00017335,0,0,0,0,0,0
00BAGJ0016,E00017337,0,0,0,0,0,0
00BAGE0015,E00017210,0,0,0,0,0,0
00BAGJ0004,E00017325,0,0,0,0,0,0
00BAGB0030,E00017131,0,0,0,0,0,0
00BAGN0011,E00017457,0,0,0,0,0,0
00BAGJ0010,E00017331,0,0,0,0,0,0
00BAGA0017,E00017084,0,0,0,0,0,0
00BAGN0009,E00017455,0,0,0,0,0,0
00BAGL0031,E00017412,0,0,0,0,0,0
00BAGF0030,E00017261,0,0,0,0,0,0
00BAGN0003,E00017449,0,0,0,0,0,0
00BAGN0012,E00017458,0,0,0,0,0,0
00BAGL0005,E00017386,0,0,0,0,0,0
00BAGL0027,E00017408,0,0,0,0,0,0
00BFGU0010,E00021080,0,0,0,0,0,0
00BAGN0008,E00017454,0,0,0,0,0,0
00BAGN0006,E00017452,0,0,0,0,0,0
00BAGN0005,E00017451,0,0,0,0,0,0
00BAGJ0020,E00017341,0,0,0,0,0,0
00BAGN0010,E00017456,0,0,0,0,0,0
00BAGL0003,E00017384,0,0,0,0,0,0
00BAGL0028,E00017409,0,0,0,0,0,0
00BAGL0029,E00017410,0,0,0,0,0,0
00BAGJ0022,E00017343,0,0,0,0,0,0
00BAGJ0007,E00017328,0,0,0,0,0,0
00BAGJ0026,E00017347,0,0,0,0,0,0
00BAGJ0019,E00017340,0,0,0,0,0,0
00BAFX0028,E00016999,0,0,0,0,0,0
00BAGN0002,E00017448,0,0,0,0,0,0
00BAGN0004,E00017450,0,0,0,0,0,0
00BAGN0030,E00017476,0,0,0,0,0,0
00BAGL0018,E00017399,0,0,0,0,0,0
00BAGN0007,E00017453,0,0,0,0,0,0
00BAGN0031,E00017477,0,0,0,0,0,0
00BAGN0028,E00017474,0,0,0,0,0,0
00BAGN0029,E00017475,0,0,0,0,0,0
00BAGL0024,E00017405,0,0,0,0,0,0
00BAGL0020,E00017401,0,0,0,0,0,0
00BAGJ0012,E00017333,0,0,0,0,0,0
00BAGJ0003,E00017324,0,0,0,0,0,0
00BAGN0027,E00017473,0,0,0,0,0,0
00BAGJ0013,E00017334,0,0,0,0,0,0
00BAGJ0017,E00017338,0,0,0,0,0,0
00BAGJ0018,E00017339,0,0,0,0,0,0
00BAGL0014,E00017395,0,0,0,0,0,0
00BAGL0013,E00017394,0,0,0,0,0,0
00BAGL0001,E00017382,0,0,0,0,0,0
00BAGL0015,E00017396,0,0,0,0,0,0
00BAGL0021,E00017402,0,0,0,0,0,0
00BAGL0017,E00017398,0,0,0,0,0,0
00BAGL0026,E00017407,0,0,0,0,0,0
00BAGL0002,E00017383,0,0,0,0,0,0
00BAGL0019,E00017400,0,0,0,0,0,0
00BAGL0025,E00017406,0,0,0,0,0,0
00BAGL0023,E00017404,0,0,0,0,0,0
00BAGA0032,E00017099,0,0,0,0,0,0
00BAGA0028,E00017095,0,0,0,0,0,0
00BAGL0012,E00017393,0,0,0,0,0,0
00BAGL0016,E00017397,0,0,0,0,0,0
00BAGF0033,E00017264,0,0,0,0,0,0
00BAGA0005,E00017072,0,0,0,0,0,0
00BAGF0026,E00017257,0,0,0,0,0,0
00BAGA0003,E00017070,0,0,0,0,0,0
00BAGA0014,E00017081,0,0,0,0,0,0
00AMGK0017,E00008880,0,1,0,1,0,1
00BAGA0027,E00017094,0,0,0,0,0,0
00BAGA0006,E00017073,0,0,0,0,0,0
00AMGJ0028,E00008855,0,0,0,1,0,1
00BAGA0022,E00017089,0,0,0,0,0,0
00BAGJ0005,E00017326,0,0,0,0,0,0
00BAGJ0006,E00017327,0,0,0,0,0,0
00BAGF0001,E00017232,0,0,0,0,0,0
00BAGJ0002,E00017323,0,0,0,0,0,0
00BAGJ0001,E00017322,0,0,0,0,0,0
00BAFX0030,E00017001,0,0,0,0,0,0
00BAGJ0011,E00017332,0,0,0,0,0,0
00BAFX0031,E00017002,0,0,0,0,0,0
00BAFX0014,E00016985,0,0,0,0,0,0
00BAFX0029,E00017000,0,0,0,0,0,0
00BAFX0018,E00016989,0,0,0,0,0,0
00BAFX0024,E00016995,0,0,0,0,0,0
00BAFX0023,E00016994,0,0,0,0,0,0
00BAFX0026,E00016997,0,0,0,0,0,0
00BAFX0022,E00016993,0,0,0,0,0,0
00AWGP0032,E00014612,0,0,0,0,0,0
00BAGA0007,E00017074,0,0,0,0,0,0
00BEGD0021,E00019742,0,0,0,0,0,0
00BAGA0019,E00017086,0,0,0,0,0,0
00BAGF0027,E00017258,0,0,0,0,0,0
00BAGA0004,E00017071,0,0,0,0,0,0
00BAGA0009,E00017076,0,0,0,0,0,0
00BAGF0005,E00017236,0,0,0,0,0,0
00BAGA0002,E00017069,0,0,0,0,0,0
00BAGA0012,E00017079,0,0,0,0,0,0
00BAGA0001,E00017068,0,0,0,0,0,0
00BAGF0029,E00017260,0,0,0,0,0,0
00BAGF0025,E00017256,0,0,0,0,0,0
00BAGF0028,E00017259,0,0,0,0,0,0
00BAGA0016,E00017083,0,0,0,0,0,0
00BAGA0011,E00017078,0,0,0,0,0,0
00BAGA0010,E00017077,0,0,0,0,0,0
00BAGF0002,E00017233,0,0,0,0,0,0
00BAGF0020,E00017251,0,0,0,0,0,0
00BAGF0007,E00017238,0,0,0,0,0,0
00BAGF0008,E00017239,0,0,0,0,0,0
00BAGF0021,E00017252,0,0,0,0,0,0
00ANGF0025,E00009447,0,0,0,0,0,0
00BAGF0017,E00017248,0,0,0,0,0,0
00BAGF0003,E00017234,0,0,0,0,0,0
00BAGF0024,E00017255,0,0,0,0,0,0
00BAGF0013,E00017244,0,0,0,0,0,0
00BAGF0006,E00017237,0,0,0,0,0,0
00BAGF0015,E00017246,0,0,0,0,0,0
00BAGF0014,E00017245,0,0,0,0,0,0
00BAGF0016,E00017247,0,0,0,0,0,0
00BAGE0010,E00017205,0,0,0,0,0,0
00BAGQ0009,E00017520,0,0,0,0,0,0
00BAGQ0011,E00017522,0,0,0,0,0,0
00BAGM0034,E00017446,0,0,0,0,0,0
00BAGM0002,E00017414,0,0,0,0,0,0
00BAGB0019,E00017120,0,0,0,0,0,0
00ANGJ0024,E00009561,0,0,0,0,0,0
00BAGB0025,E00017126,0,0,0,0,0,0
00BAGE0011,E00017206,0,0,0,0,0,0
00BAGB0002,E00017103,0,0,0,0,0,0
00BAGB0027,E00017128,0,0,0,0,0,0
00BAFZ0031,E00017066,0,0,0,0,0,0
00BAGP0012,E00017489,0,0,0,0,0,0
00AWGE0008,E00014265,0,0,0,0,0,0
00BAGB0018,E00017119,0,0,0,0,0,0
00BAGE0009,E00017204,0,0,0,0,0,0
00BAGB0022,E00017123,0,0,0,0,0,0
00BAGE0012,E00017207,0,0,0,0,0,0
00BAGB0001,E00017102,0,0,0,0,0,0
00BAGQ0026,E00017537,0,0,0,0,0,0
00BAGQ0004,E00017515,0,0,0,0,0,0
00BJGL0001,E00023001,0,0,0,0,0,0
00BAGQ0006,E00017517,0,0,0,0,0,0
00BAGQ0008,E00017519,0,0,0,0,0,0
00BAGE0034,E00017229,0,0,0,0,0,0
00BAGQ0025,E00017536,0,0,0,0,0,0
00BAGQ0007,E00017518,0,0,0,0,0,0
00BAGQ0005,E00017516,0,0,0,0,0,0
00BJGA0003,E00022534,0,0,0,0,0,0
00BAGQ0029,E00017540,0,0,0,0,0,0
00BAGE0033,E00017228,0,0,0,0,0,0
00BAGE0003,E00017198,0,0,0,0,0,0
00BAGE0002,E00017197,0,0,0,0,0,0
00BAGE0032,E00017227,0,0,0,0,0,0
00ANGJ0032,E00009569,0,0,0,0,0,0
00BAGE0035,E00017230,0,0,0,0,0,0
00BAGE0006,E00017201,0,0,0,0,0,0
00BAGB0017,E00017118,0,0,0,0,0,0
00BAGB0021,E00017122,0,0,0,0,0,0
00BAGB0020,E00017121,0,0,0,0,0,0
00BAGQ0024,E00017535,0,0,0,0,0,0
00BAGQ0003,E00017514,0,0,0,0,0,0
00BAGQ0030,E00017541,0,0,0,0,0,0
00BAGQ0028,E00017539,0,0,0,0,0,0
00BAGE0028,E00017223,0,0,0,0,0,0
00BAGQ0027,E00017538,0,0,0,0,0,0
00BAGQ0023,E00017534,0,0,0,0,0,0
00BAGE0023,E00017218,0,0,0,0,0,0
00ANGJ0023,E00009560,0,0,0,0,0,0
00BAGE0020,E00017215,0,0,0,0,0,0
00BAGE0025,E00017220,0,0,0,0,0,0
00BAGE0001,E00017196,0,0,0,0,0,0
00BAGQ0020,E00017531,0,0,0,0,0,0
00BAGQ0016,E00017527,0,0,0,0,0,0
00BAGQ0018,E00017529,0,0,0,0,0,0
00BAGQ0014,E00017525,0,0,0,0,0,0
00BAGB0026,E00017127,0,0,0,0,0,0
00BJGA0024,E00022555,0,0,0,0,0,0
00BAGQ0015,E00017526,0,0,0,0,0,0
00BAGQ0022,E00017533,0,0,0,0,0,0
00BAFX0033,E00017004,0,0,0,0,0,0
00BAGQ0021,E00017532,0,0,0,0,0,0
00BAGB0023,E00017124,0,0,0,0,0,0
00BAGQ0019,E00017530,0,0,0,0,0,0
00BAGS0008,E00017579,0,0,0,0,0,0
00BAFX0020,E00016991,0,0,0,0,0,0
00ANGE0019,E00009403,0,0,0,0,0,0
00BAFX0010,E00016981,0,0,0,0,0,0
00BAFX0013,E00016984,0,0,0,0,0,0
00BAFX0019,E00016990,0,0,0,0,0,0
00BAFZ0007,E00017042,0,0,0,0,0,0
00BAFX0017,E00016988,0,0,0,0,0,0
00BAGP0010,E00017487,0,0,0,0,0,0
00BAFX0009,E00016980,0,0,0,0,0,0
00BAFX0011,E00016982,0,0,0,0,0,0
00BAFX0006,E00016977,0,0,0,0,0,0
00BAGP0016,E00017493,0,0,0,0,0,0
00BAFX0004,E00016975,0,0,0,0,0,0
00BAFX0016,E00016987,0,0,0,0,0,0
00BAFZ0025,E00017060,0,0,0,0,0,0
00BAFZ0008,E00017043,0,0,0,0,0,0
00BAFZ0006,E00017041,0,0,0,0,0,0
00BAFZ0032,E00017067,0,0,0,0,0,0
00BAGE0019,E00017214,0,0,0,0,0,0
00BAGE0021,E00017216,0,0,0,0,0,0
00BAFX0005,E00016976,0,0,0,0,0,0
00BAGP0018,E00017495,0,0,0,0,0,0
00BAGS0017,E00017588,0,0,0,0,0,0
00BAGP0002,E00017479,0,0,0,0,0,0
00BAGS0011,E00017582,0,0,0,0,0,0
00BAGS0003,E00017574,0,0,0,0,0,0
00BAGS0014,E00017585,0,0,0,0,0,0
00BAGS0031,E00017602,0,0,0,0,0,0
00BAGS0005,E00017576,0,0,0,0,0,0
00BJGA0033,E00022564,0,0,0,0,0,0
00BAGS0009,E00017580,0,0,0,0,0,0
00BAGS0001,E00017572,0,0,0,0,0,0
00BAFX0035,E00017006,0,0,0,0,0,0
00BAGP0020,E00017497,0,0,0,0,0,0
00BAFX0007,E00016978,0,0,0,0,0,0
00BAGP0011,E00017488,0,0,0,0,0,0
00BAGP0004,E00017481,0,0,0,0,0,0
00BAGP0017,E00017494,0,0,0,0,0,0
00BAGP0015,E00017492,0,0,0,0,0,0
00BAGP0008,E00017485,0,0,0,0,0,0
00BAFX0002,E00016973,0,0,0,0,0,0
00BAGP0019,E00017496,0,0,0,0,0,0
00BAFX0003,E00016974,0,0,0,0,0,0
00BAFZ0027,E00017062,0,0,0,0,0,0
00BAFX0036,E00017007,0,0,0,0,0,0
00BAGP0014,E00017491,0,0,0,0,0,0
00BAGP0007,E00017484,0,0,0,0,0,0
00BAGP0021,E00017498,0,0,0,0,0,0
00BAGS0015,E00017586,0,0,0,0,0,0
00BAGP0034,E00017511,0,0,0,0,0,0
00BAGP0024,E00017501,0,0,0,0,0,0
00BAGP0027,E00017504,0,0,0,0,0,0
00BAGP0029,E00017506,0,0,0,0,0,0
00BAGS0018,E00017589,0,0,0,0,0,0
00BAGP0028,E00017505,0,0,0,0,0,0
00BAGS0019,E00017590,0,0,0,0,0,0
00BAGP0001,E00017478,0,0,0,0,0,0
00BAGS0007,E00017578,0,0,0,0,0,0
00BJGR0015,E00023248,0,0,0,0,0,0
00BAGP0009,E00017486,0,0,0,0,0,0
00BAGP0030,E00017507,0,0,0,0,0,0
00BAFZ0018,E00017053,0,0,0,0,0,0
00BAGP0022,E00017499,0,0,0,0,0,0
00BAGP0026,E00017503,0,0,0,0,0,0
00BAGS0002,E00017573,0,0,0,0,0,0
00BAGP0032,E00017509,0,0,0,0,0,0
00BAGP0033,E00017510,0,0,0,0,0,0
00BAGP0023,E00017500,0,0,0,0,0,0
00BAFZ0021,E00017056,0,0,0,0,0,0
00BAFZ0022,E00017057,0,0,0,0,0,0
00ANGC0044,E00009358,0,0,0,0,0,0
00BAFX0012,E00016983,0,0,0,0,0,0
00BAFZ0002,E00017037,0,0,0,0,0,0
00BAFZ0017,E00017052,0,0,0,0,0,0
00BAFZ0004,E00017039,0,0,0,0,0,0
00BAFZ0016,E00017051,0,0,0,0,0,0
00BAFZ0020,E00017055,0,0,0,0,0,0
00BAFZ0015,E00017050,0,0,0,0,0,0
00BAFZ0013,E00017048,0,0,0,0,0,0
00BAFZ0005,E00017040,0,0,0,0,0,0
00BAFZ0028,E00017063,0,0,0,0,0,0
00BAFZ0019,E00017054,0,0,0,0,0,0
00BAFZ0026,E00017061,0,0,0,0,0,0
00BJGR0020,E00023253,0,0,0,0,0,0
00BAFZ0014,E00017049,0,0,0,0,0,0
00BAGP0005,E00017482,0,0,0,0,0,0
00BJGR0006,E00023239,0,0,0,0,0,0
00BAFZ0012,E00017047,0,0,0,0,0,0
00BAFZ0010,E00017045,0,0,0,0,0,0
00BJGR0019,E00023252,0,0,0,0,0,0
00BAGP0031,E00017508,0,0,0,0,0,0
00BAFZ0001,E00017036,0,0,0,0,0,0
00BJGB0030,E00022609,0,0,0,0,0,0
00BJGB0029,E00022608,0,0,0,0,0,0
00BAGP0025,E00017502,0,0,0,0,0,0
00BJGF0013,E00022780,0,0,0,0,0,0
00BJGR0009,E00023242,0,0,0,0,0,0
00BJGF0028,E00022795,0,0,0,0,0,0
00BJGF0030,E00022797,0,0,0,0,0,0
00BJGR0039,E00023272,0,0,0,0,0,0
00BJGR0043,E00023276,0,0,0,0,0,0
00BJGF0012,E00022779,0,0,0,0,0,0
00BJGF0026,E00022793,0,0,0,0,0,0
00BAGS0010,E00017581,0,0,0,0,0,0
00BAGS0012,E00017583,0,0,0,0,0,0
00BAGS0013,E00017584,0,0,0,0,0,0
00BJGR0041,E00023274,0,0,0,0,0,0
00BAGS0016,E00017587,0,0,0,0,0,0
00BAGS0006,E00017577,0,0,0,0,0,0
00BJGB0001,E00022580,0,0,0,0,0,0
00BAGS0004,E00017575,0,0,0,0,0,0
00BAGS0030,E00017601,0,0,0,0,0,0
00BJGR0014,E00023247,0,0,0,0,0,0
00BJGB0018,E00022597,0,0,0,0,0,0
00BJGB0024,E00022603,0,0,0,0,0,0
00BJGB0025,E00022604,0,0,0,0,0,0
00BJGR0004,E00023237,0,0,0,0,0,0
00BJGB0026,E00022605,0,0,0,0,0,0
00BJGB0028,E00022607,0,0,0,0,0,0
00BJGB0022,E00022601,0,0,0,0,0,0
00BJGB0031,E00022610,0,0,0,0,0,0
00BJGR0036,E00023269,0,0,0,0,0,0
00BJGR0013,E00023246,0,0,0,0,0,0
00BJGR0001,E00023234,0,0,0,0,0,0
00BJGR0007,E00023240,0,0,0,0,0,0
00BJGR0012,E00023245,0,0,0,0,0,0
00BJGR0005,E00023238,0,0,0,0,0,0
00BJGR0026,E00023259,0,0,0,0,0,0
00BJGR0008,E00023241,0,0,0,0,0,0
00BJGR0032,E00023265,0,0,0,0,0,0
00BJGR0033,E00023266,0,0,0,0,0,0
00BJGR0040,E00023273,0,0,0,0,0,0
00BJGR0011,E00023244,0,0,0,0,0,0
00BJGR0037,E00023270,0,0,0,0,0,0
00BJGR0031,E00023264,0,0,0,0,0,0
00BJGB0027,E00022606,0,0,0,0,0,0
00BJGB0032,E00022611,0,0,0,0,0,0
00BJGB0019,E00022598,0,0,0,0,0,0
00BJGB0023,E00022602,0,0,0,0,0,0
00BJGR0028,E00023261,0,0,0,0,0,0
00BJGR0024,E00023257,0,0,0,0,0,0
00BAGA0031,E00017098,0,0,0,0,0,0
00BAGA0025,E00017092,0,0,0,0,0,0
00BAGK0022,E00017373,0,0,0,0,0,0
00BAGC0027,E00017162,0,0,0,0,0,0
00BAGK0024,E00017375,0,0,0,0,0,0
00BAGC0013,E00017148,0,0,0,0,0,0
00BAGC0017,E00017152,0,0,0,0,0,0
00BAGA0030,E00017097,0,0,0,0,0,0
00BAGA0033,E00017100,0,0,0,0,0,0
00BAGC0006,E00017141,0,0,0,0,0,0
00BAGA0018,E00017085,0,0,0,0,0,0
00BAGF0010,E00017241,0,0,0,0,0,0
00BAGC0031,E00017166,0,0,0,0,0,0
00BAGC0020,E00017155,0,0,0,0,0,0
00BAGF0019,E00017250,0,0,0,0,0,0
00BAGF0022,E00017253,0,0,0,0,0,0
00BAGK0006,E00017357,0,0,0,0,0,0
00BAGC0004,E00017139,0,0,0,0,0,0
00BAGK0005,E00017356,0,0,0,0,0,0
00BAGK0019,E00017370,0,0,0,0,0,0
00BAGK0010,E00017361,0,0,0,0,0,0
00BAGK0013,E00017364,0,0,0,0,0,0
00BAGK0003,E00017354,0,0,0,0,0,0
00BAGK0016,E00017367,0,0,0,0,0,0
00BAGK0015,E00017366,0,0,0,0,0,0
00BAGK0009,E00017360,0,0,0,0,0,0
00BAGC0029,E00017164,0,0,0,0,0,0
00BAGK0008,E00017359,0,0,0,0,0,0
00BAGG0006,E00017270,0,0,0,0,0,0
00BAGK0023,E00017374,0,0,0,0,0,0
00BAGG0027,E00017291,0,0,0,0,0,0
00BAGC0028,E00017163,0,0,0,0,0,0
00BAGG0030,E00017294,0,0,0,0,0,0
00BAGK0026,E00017377,0,0,0,0,0,0
00BAGK0029,E00017380,0,0,0,0,0,0
00BAGK0017,E00017368,0,0,0,0,0,0
00BAGK0011,E00017362,0,0,0,0,0,0
00BAGK0018,E00017369,0,0,0,0,0,0
00BAGK0027,E00017378,0,0,0,0,0,0
00BAGC0022,E00017157,0,0,0,0,0,0
00BAGC0026,E00017161,0,0,0,0,0,0
00BAGC0015,E00017150,0,0,0,0,0,0
00BAGC0014,E00017149,0,0,0,0,0,0
00BAGC0023,E00017158,0,0,0,0,0,0
00BAGC0012,E00017147,0,0,0,0,0,0
00BAGC0024,E00017159,0,0,0,0,0,0
00BAGC0002,E00017137,0,0,0,0,0,0
00BAGC0025,E00017160,0,0,0,0,0,0
00BAGG0004,E00017268,0,0,0,0,0,0
00BAGC0030,E00017165,0,0,0,0,0,0
00BAGC0011,E00017146,0,0,0,0,0,0
00BAGG0002,E00017266,0,0,0,0,0,0
00BAGG0003,E00017267,0,0,0,0,0,0
00BAGG0016,E00017280,0,0,0,0,0,0
00BAGG0028,E00017292,0,0,0,0,0,0
00BAGG0018,E00017282,0,0,0,0,0,0
00BAGG0026,E00017290,0,0,0,0,0,0
00BAGG0019,E00017283,0,0,0,0,0,0
00BAGG0024,E00017288,0,0,0,0,0,0
00BAGG0029,E00017293,0,0,0,0,0,0
00BAGG0025,E00017289,0,0,0,0,0,0
00BAGG0022,E00017286,0,0,0,0,0,0
00AHGS0005,E00005400,0,0,0,0,0,0
00BAGG0020,E00017284,0,0,0,0,0,0
00BAGG0023,E00017287,0,0,0,0,0,0
00BAGG0013,E00017277,0,0,0,0,0,0
00BAGG0011,E00017275,0,0,0,0,0,0
00AYGQ0010,E00015857,0,0,0,0,0,0
00BAGG0010,E00017274,0,0,0,0,0,0
00AYGQ0041,E00015888,0,0,0,0,0,0
00BAGK0001,E00017352,0,0,0,0,0,0
00BAGG0014,E00017278,0,0,0,0,0,0
00AYGQ0009,E00015856,0,0,0,0,0,0
00AYGQ0012,E00015859,0,0,0,0,0,0
00BAGG0015,E00017279,0,0,0,0,0,0
00BAGG0012,E00017276,0,0,0,0,0,0
00BAGG0009,E00017273,0,0,0,0,0,0
00AYGQ0001,E00015848,0,0,0,0,0,0
00BAGG0017,E00017281,0,0,0,0,0,0
00AHHD0039,E00005899,0,0,0,0,0,0
00AHHD0037,E00005897,0,0,0,0,0,0
00BAGK0004,E00017355,0,0,0,0,0,0
00AHHD0004,E00005864,0,0,0,0,0,0
00BAGK0012,E00017363,0,0,0,0,0,0
00AHHD0040,E00005900,0,0,0,0,0,0
00AHHD0003,E00005863,0,0,0,0,0,0
00AHGG0019,E00004974,0,0,0,0,0,0
00AHGG0018,E00004973,0,0,0,0,0,0
00AHHD0005,E00005865,0,0,0,0,0,0
00AHGG0017,E00004972,0,0,0,0,0,0
00AHHD0038,E00005898,0,0,0,0,0,0
00AHGW0036,E00005554,0,0,0,0,0,0
00AHHD0001,E00005861,0,0,0,0,0,0
00AHHA0010,E00005722,0,0,0,0,0,0
00AHGS0018,E00005413,0,0,0,0,0,0
00AHHD0002,E00005862,0,0,0,0,0,0
00AHGG0014,E00004969,0,0,0,0,0,0
00AHGG0015,E00004970,0,0,0,0,0,0
00BAGD0012,E00017179,0,0,0,0,0,0
00AHGG0016,E00004971,0,0,0,0,0,0
00AHGW0031,E00005549,0,0,0,0,0,0
00AHGW0032,E00005550,0,0,0,0,0,0
00BAGK0002,E00017353,0,0,0,0,0,0
00BAGK0025,E00017376,0,0,0,0,0,0
00BAGK0007,E00017358,0,0,0,0,0,0
00BAGK0020,E00017371,0,0,0,0,0,0
00BAGK0021,E00017372,0,0,0,0,0,0
00BAGK0014,E00017365,0,0,0,0,0,0
00AHGS0022,E00005417,0,0,0,0,0,0
00BAGK0028,E00017379,0,0,0,0,0,0
00AHGS0011,E00005406,0,0,0,0,0,0
00BAGG0021,E00017285,0,0,0,0,0,0
00AHGS0016,E00005411,0,0,0,0,0,0
00ANGC0034,E00009348,0,0,0,0,0,0
00BAGG0008,E00017272,0,0,0,0,0,0
00AYGQ0011,E00015858,0,0,0,0,0,0
00AYGQ0014,E00015861,0,0,0,0,0,0
00AHGS0037,E00005432,0,0,0,0,0,0
00AHHD0030,E00005890,0,0,0,0,0,0
00AHGS0019,E00005414,0,0,0,0,0,0
00AHGS0007,E00005402,0,0,0,0,0,0
00AHGS0009,E00005404,0,0,0,0,0,0
00AHGS0013,E00005408,0,0,0,0,0,0
00AHHD0035,E00005895,0,0,0,0,0,0
00AHGS0042,E00005437,0,0,0,0,0,0
00AHGS0041,E00005436,0,0,0,0,0,0
00BJGL0010,E00023010,0,0,0,0,0,0
00BJGA0031,E00022562,0,0,0,0,0,0
00AHHD0026,E00005886,0,0,0,0,0,0
00AHHD0028,E00005888,0,0,0,0,0,0
00AHHD0029,E00005889,0,0,0,0,0,0
00AHHD0007,E00005867,0,0,0,0,0,0
00AHHD0027,E00005887,0,0,0,0,0,0
00AHHD0034,E00005894,0,0,0,0,0,0
00AHHD0031,E00005891,0,0,0,0,0,0
00AHHD0033,E00005893,0,0,0,0,0,0
00AHHD0032,E00005892,0,0,0,0,0,0
00AHGG0041,E00004996,0,0,0,0,0,0
00AHGG0031,E00004986,0,0,0,0,0,0
00AHGG0037,E00004992,0,0,0,0,0,0
00BAGD0001,E00017168,0,0,0,0,0,0
00AYGQ0008,E00015855,0,0,0,0,0,0
00BAGK0030,E00017381,0,0,0,0,0,0
00AHHD0022,E00005882,0,0,0,0,0,0
00AHHD0024,E00005884,0,0,0,0,0,0
00AHHD0020,E00005880,0,0,0,0,0,0
00AHHD0021,E00005881,0,0,0,0,0,0
00AHHD0023,E00005883,0,0,0,0,0,0
00AHGG0039,E00004994,0,0,0,0,0,0
00AYGM0021,E00015729,0,0,0,0,0,0
00AHGG0008,E00004963,0,0,0,0,0,0
00AHGG0009,E00004964,0,0,0,0,0,0
00AYGM0022,E00015730,0,0,0,0,0,0
00AHGG0024,E00004979,0,0,0,0,0,0
00AYGQ0024,E00015871,0,0,0,0,0,0
00AYGQ0025,E00015872,0,0,0,0,0,0
00AYGQ0015,E00015862,0,0,0,0,0,0
00AYGM0023,E00015731,0,0,0,0,0,0
00BJGE0039,E00022762,0,0,0,0,0,0
00AHGG0038,E00004993,0,0,0,0,0,0
00AHGG0007,E00004962,0,0,0,0,0,0
00AHGG0023,E00004978,0,0,0,0,0,0
00AHGS0021,E00005416,0,0,0,0,0,0
00AHGS0020,E00005415,0,0,0,0,0,0
00AHGG0025,E00004980,0,0,0,0,0,0
00AHGG0011,E00004966,0,0,0,0,0,0
00AHGG0002,E00004957,0,0,0,0,0,0
00AHGG0049,E00005004,0,0,0,0,0,0
00AHGG0004,E00004959,0,0,0,0,0,0
00AHGG0013,E00004968,0,0,0,0,0,0
00AHGG0050,E00005005,0,0,0,0,0,0
00AHGG0043,E00004998,0,0,0,0,0,0
00AHGG0044,E00004999,0,0,0,0,0,0
00AHGG0045,E00005000,0,0,0,0,0,0
00AHGG0046,E00005001,0,0,0,0,0,0
00AHGG0006,E00004961,0,0,0,0,0,0
00AHGG0003,E00004958,0,0,0,0,0,0
00AHGG0012,E00004967,0,0,0,0,0,0
00AHGG0047,E00005002,0,0,0,0,0,0
00AHGG0048,E00005003,0,0,0,0,0,0
00AWGN0009,E00014553,0,0,0,0,0,0
00AHGG0005,E00004960,0,0,0,0,0,0
00AHGG0042,E00004997,0,0,0,0,0,0
00AHGG0001,E00004956,0,0,0,0,0,0
00AHHA0004,E00005716,0,0,0,0,0,0
00AHHA0005,E00005717,0,0,0,0,0,0
00AHGG0010,E00004965,0,0,0,0,0,0
00AHHA0038,E00005750,0,0,0,0,0,0
00AHHA0001,E00005713,0,0,0,0,0,0
00AHGG0035,E00004990,0,0,0,0,0,0
00AHGG0032,E00004987,0,0,0,0,0,0
00AHGG0033,E00004988,0,0,0,0,0,0
00ANGC0035,E00009349,0,0,0,0,0,0
00AHGG0034,E00004989,0,0,0,0,0,0
00AHGG0028,E00004983,0,0,0,0,0,0
00AHGG0022,E00004977,0,0,0,0,0,0
00AHGG0026,E00004981,0,0,0,0,0,0
00AHGG0030,E00004985,0,0,0,0,0,0
00AHGG0040,E00004995,0,0,0,0,0,0
00AHGG0029,E00004984,0,0,0,0,0,0
00AHGG0020,E00004975,0,0,0,0,0,0
00AHHA0015,E00005727,0,0,0,0,0,0
00AHHA0025,E00005737,0,0,0,0,0,0
00AHHA0036,E00005748,0,0,0,0,0,0
00AHHA0027,E00005739,0,0,0,0,0,0
00AHHA0029,E00005741,0,0,0,0,0,0
00AHHA0032,E00005744,0,0,0,0,0,0
00AHHA0033,E00005745,0,0,0,0,0,0
00AHHA0022,E00005734,0,0,0,0,0,0
00AHGG0036,E00004991,0,0,0,0,0,0
00AHHA0034,E00005746,0,0,0,0,0,0
00AHHA0026,E00005738,0,0,0,0,0,0
00AHHA0023,E00005735,0,0,0,0,0,0
00AHGS0039,E00005434,0,0,0,0,0,0
00AHGS0015,E00005410,0,0,0,0,0,0
00AHGS0003,E00005398,0,0,0,0,0,0
00AHGS0006,E00005401,0,0,0,0,0,0
00AHGS0014,E00005409,0,0,0,0,0,0
00AHGS0044,E00005439,0,0,0,0,0,0
00AHGS0008,E00005403,0,0,0,0,0,0
00AWGN0015,E00014559,0,0,0,0,0,0
00AHGS0004,E00005399,0,0,0,0,0,0
00AHGS0010,E00005405,0,0,0,0,0,0
00AHGS0012,E00005407,0,0,0,0,0,0
00AHGS0017,E00005412,0,0,0,0,0,0
00AHGS0038,E00005433,0,0,0,0,0,0
00AHHB0037,E00005800,0,0,0,0,0,0
00AHHA0011,E00005723,0,0,0,0,0,0
00AHGG0021,E00004976,0,0,0,0,0,0
00AHGS0031,E00005426,0,0,0,0,0,0
00AHHA0048,E00005760,0,0,0,0,0,0
00AHGS0040,E00005435,0,0,0,0,0,0
00AHGS0036,E00005431,0,0,0,0,0,0
00AYGQ0013,E00015860,0,0,0,0,0,0
00AYGM0041,E00015749,0,0,0,0,0,0
00AHHB0030,E00005793,0,0,0,0,0,0
00AHHB0034,E00005797,0,0,0,0,0,0
00AHGS0035,E00005430,0,0,0,0,0,0
00BJGE0016,E00022739,0,0,0,0,0,0
00AHHA0018,E00005730,0,0,0,0,0,0
00AHHB0038,E00005801,0,0,0,0,0,0
00AHHA0042,E00005754,0,0,0,0,0,0
00AHHA0043,E00005755,0,0,0,0,0,0
00AHHA0044,E00005756,0,0,0,0,0,0
00AHHA0046,E00005758,0,0,0,0,0,0
00AHHA0020,E00005732,0,0,0,0,0,0
00AHHB0003,E00005766,0,0,0,0,0,0
00AHHB0026,E00005789,0,0,0,0,0,0
00AHHA0016,E00005728,0,0,0,0,0,0
00AHHA0017,E00005729,0,0,0,0,0,0
00AHHA0019,E00005731,0,0,0,0,0,0
00AHHB0001,E00005764,0,0,0,0,0,0
00AHHB0035,E00005798,0,0,0,0,0,0
00BAGC0008,E00017143,0,0,0,0,0,0
00AHHB0002,E00005765,0,0,0,0,0,0
00BAGD0015,E00017182,0,0,0,0,0,0
00AHHB0027,E00005790,0,0,0,0,0,0
00AHHB0028,E00005791,0,0,0,0,0,0
00AHHB0029,E00005792,0,0,0,0,0,0
00AHHA0006,E00005718,0,0,0,0,0,0
00BAGF0012,E00017243,0,0,0,0,0,0
00BAGF0018,E00017249,0,0,0,0,0,0
00BJGE0003,E00022726,0,0,0,0,0,0
00BAGC0007,E00017142,0,0,0,0,0,0
00BJGF0016,E00022783,0,0,0,0,0,0
00BAGG0005,E00017269,0,0,0,0,0,0
00BAGD0014,E00017181,0,0,0,0,0,0
00BAGG0007,E00017271,0,0,0,0,0,0
00BAGD0013,E00017180,0,0,0,0,0,0
00AYGQ0040,E00015887,0,0,0,0,0,0
00AYGQ0032,E00015879,0,0,0,0,0,0
00AYGQ0038,E00015885,0,0,0,0,0,0
00BJGE0042,E00022765,0,0,0,0,0,0
00AYGQ0033,E00015880,0,0,0,0,0,0
00AYGQ0042,E00015889,0,0,0,0,0,0
00AYGQ0036,E00015883,0,0,0,0,0,0
00BJGE0041,E00022764,0,0,0,0,0,0
00BAGD0011,E00017178,0,0,0,0,0,0
00BAGD0003,E00017170,0,0,0,0,0,0
00AYGQ0029,E00015876,0,0,0,0,0,0
00AYGQ0037,E00015884,0,0,0,0,0,0
00AYGQ0034,E00015881,0,0,0,0,0,0
00AYGQ0023,E00015870,0,0,0,0,0,0
00BJGE0044,E00022767,0,0,0,0,0,0
00BAFZ0003,E00017038,0,0,0,0,0,0
00BAFZ0009,E00017044,0,0,0,0,0,0
00BAFZ0023,E00017058,0,0,0,0,0,0
00BJGE0008,E00022731,0,0,0,0,0,0
00BJGF0032,E00022799,0,0,0,0,0,0
00BJGF0017,E00022784,0,0,0,0,0,0
00BJGF0031,E00022798,0,0,0,0,0,0
00BJGF0014,E00022781,0,0,0,0,0,0
00BJGF0027,E00022794,0,0,0,0,0,0
00BJGF0044,E00022811,0,0,0,0,0,0
00AWGR0017,E00014661,0,0,0,0,0,0
00BAFZ0024,E00017059,0,0,0,0,0,0
00BAFZ0029,E00017064,0,0,0,0,0,0
00BAFZ0030,E00017065,0,0,0,0,0,0
00BJGE0009,E00022732,0,0,0,0,0,0
00BJGF0024,E00022791,0,0,0,0,0,0
00BJGF0009,E00022776,0,0,0,0,0,0
00BJGF0002,E00022769,0,0,0,0,0,0
00BJGF0038,E00022805,0,0,0,0,0,0
00BJGR0042,E00023275,0,0,0,0,0,0
00BJGR0038,E00023271,0,0,0,0,0,0
00BJGR0027,E00023260,0,0,0,0,0,0
00BJGR0002,E00023235,0,0,0,0,0,0
00BJGR0022,E00023255,0,0,0,0,0,0
00BJGR0023,E00023256,0,0,0,0,0,0
00BJGR0035,E00023268,0,0,0,0,0,0
00BAGD0025,E00017192,0,0,0,0,0,0
00BJGF0005,E00022772,0,0,0,0,0,0
00BJGR0030,E00023263,0,0,0,0,0,0
00BJGH0038,E00022896,0,0,0,0,0,0
00BJGR0021,E00023254,0,0,0,0,0,0
00BAGD0028,E00017195,0,0,0,0,0,0
00BAGD0026,E00017193,0,0,0,0,0,0
00BAGD0006,E00017173,0,0,0,0,0,0
00BAGD0027,E00017194,0,0,0,0,0,0
00BAGD0018,E00017185,0,0,0,0,0,0
00BAGD0019,E00017186,0,0,0,0,0,0
00BJGA0030,E00022561,0,0,0,0,0,0
00BAGD0023,E00017190,0,0,0,0,0,0
00BJGF0004,E00022771,0,0,0,0,0,0
00BAGD0005,E00017172,0,0,0,0,0,0
00BJGE0007,E00022730,0,0,0,0,0,0
00BAGD0007,E00017174,0,0,0,0,0,0
00BAGD0020,E00017187,0,0,0,0,0,0
00BAGD0021,E00017188,0,0,0,0,0,0
00BAGD0008,E00017175,0,0,0,0,0,0
00BAGD0010,E00017177,0,0,0,0,0,0
00BAGD0022,E00017189,0,0,0,0,0,0
00BAGD0024,E00017191,0,0,0,0,0,0
00BJGF0008,E00022775,0,0,0,0,0,0
00BJGE0033,E00022756,0,0,0,0,0,0
00BJGE0010,E00022733,0,0,0,0,0,0
00BAGD0017,E00017184,0,0,0,0,0,0
00BJGA0002,E00022533,0,0,0,0,0,0
00ANGR0015,E00009808,0,0,0,0,0,0
00BJGF0023,E00022790,0,0,0,0,0,0
00BJGF0025,E00022792,0,0,0,0,0,0
00BJGE0035,E00022758,0,0,0,0,0,0
00BJGE0004,E00022727,0,0,0,0,0,0
00BJGE0001,E00022724,0,0,0,0,0,0
00BJGF0029,E00022796,0,0,0,0,0,0
00BJGF0011,E00022778,0,0,0,0,0,0
00BJGF0043,E00022810,0,0,0,0,0,0
00BJGF0003,E00022770,0,0,0,0,0,0
00AYGQ0007,E00015854,0,0,0,0,0,0
00BJGE0022,E00022745,0,0,0,0,0,0
00BJGE0036,E00022759,0,0,0,0,0,0
00BJGE0043,E00022766,0,0,0,0,0,0
00AYGQ0016,E00015863,0,0,0,0,0,0
00BJGE0027,E00022750,0,0,0,0,0,0
00BJGE0029,E00022752,0,0,0,0,0,0
00BJGE0038,E00022761,0,0,0,0,0,0
00AYGQ0026,E00015873,0,0,0,0,0,0
00BJGE0034,E00022757,0,0,0,0,0,0
00BJGF0021,E00022788,0,0,0,0,0,0
00BJGE0017,E00022740,0,0,0,0,0,0
00BJGE0025,E00022748,0,0,0,0,0,0
00BJGE0024,E00022747,0,0,0,0,0,0
00BJGE0031,E00022754,0,0,0,0,0,0
00BJGE0021,E00022744,0,0,0,0,0,0
00BJGE0005,E00022728,0,0,0,0,0,0
00BJGF0039,E00022806,0,0,0,0,0,0
00BJGE0040,E00022763,0,0,0,0,0,0
00BJGE0002,E00022725,0,0,0,0,0,0
00BJGF0034,E00022801,0,0,0,0,0,0
00AYGQ0020,E00015867,0,0,0,0,0,0
00AYGQ0006,E00015853,0,0,0,0,0,0
00BJGE0006,E00022729,0,0,0,0,0,0
00AYGM0003,E00015711,0,0,0,0,0,0
00AYGQ0027,E00015874,0,0,0,0,0,0
00AYGQ0021,E00015868,0,0,0,0,0,0
00BJGE0030,E00022753,0,0,0,0,0,0
00BJGE0028,E00022751,0,0,0,0,0,0
00BJGE0032,E00022755,0,0,0,0,0,0
00BJGE0037,E00022760,0,0,0,0,0,0
00AYGM0012,E00015720,0,0,0,0,0,0
00BJGE0023,E00022746,0,0,0,0,0,0
00BJGE0026,E00022749,0,0,0,0,0,0
00AYGM0002,E00015710,0,0,0,0,0,0
00AYGM0016,E00015724,0,0,0,0,0,0
00BJGF0035,E00022802,0,0,0,0,0,0
00BJGA0006,E00022537,0,0,0,0,0,0
00BJGR0034,E00023267,0,0,0,0,0,0
00AYGR0017,E00015906,0,0,0,0,0,0
00AYGM0017,E00015725,0,0,0,0,0,0
00BJGF0040,E00022807,0,0,0,0,0,0
00BJGF0010,E00022777,0,0,0,0,0,0
00BJGR0003,E00023236,0,0,0,0,0,0
00BJGA0044,E00022575,0,0,0,0,0,0
00BJGF0042,E00022809,0,0,0,0,0,0
00BJGF0033,E00022800,0,0,0,0,0,0
00BJGF0007,E00022774,0,0,0,0,0,0
00BJGE0011,E00022734,0,0,0,0,0,0
00BJGA0048,E00022579,0,0,0,0,0,0
00BJGF0006,E00022773,0,0,0,0,0,0
00BJGA0005,E00022536,0,0,0,0,0,0
00BJGA0001,E00022532,0,0,0,0,0,0
00BJGA0039,E00022570,0,0,0,0,0,0
00BJGR0025,E00023258,0,0,0,0,0,0
00BJGR0029,E00023262,0,0,0,0,0,0
00BJGA0032,E00022563,0,0,0,0,0,0
00BJGA0037,E00022568,0,0,0,0,0,0
00BJGA0038,E00022569,0,0,0,0,0,0
00BJGE0020,E00022743,0,0,0,0,0,0
00BJGJ0033,E00022939,0,0,0,0,0,0
00ANGD0007,E00009365,0,0,0,0,0,0
00AWGJ0013,E00014419,0,0,0,0,0,0
00BJGH0039,E00022897,0,0,0,0,0,0
00BJGA0043,E00022574,0,0,0,0,0,0
00BJGA0027,E00022558,0,0,0,0,0,0
00BJGA0040,E00022571,0,0,0,0,0,0
00BJGA0041,E00022572,0,0,0,0,0,0
00BJGA0029,E00022560,0,0,0,0,0,0
00ANGK0004,E00009584,0,0,0,0,0,0
00BJGA0004,E00022535,0,0,0,0,0,0
00AYGQ0035,E00015882,0,0,0,0,0,0
00AHGS0032,E00005427,0,0,0,0,0,0
00AHGS0033,E00005428,0,0,0,0,0,0
00AYGQ0030,E00015877,0,0,0,0,0,0
00ANGM0010,E00009653,0,0,0,0,0,0
00AHGS0002,E00005397,0,0,0,0,0,0
00AHGS0030,E00005425,0,0,0,0,0,0
00ANGM0009,E00009652,0,0,0,0,0,0
00AHHB0022,E00005785,0,0,0,0,0,0
00BJGE0018,E00022741,0,0,0,0,0,0
00BJGE0013,E00022736,0,0,0,0,0,0
00BJGE0014,E00022737,0,0,0,0,0,0
00BJGM0019,E00023062,0,0,0,0,0,0
00AYGM0009,E00015717,0,0,0,0,0,0
00AYGR0027,E00015916,0,0,0,0,0,0
00AYGR0011,E00015900,0,0,0,0,0,0
00AYGM0010,E00015718,0,0,0,0,0,0
00AYGM0045,E00015753,0,0,0,0,0,0
00AYGM0013,E00015721,0,0,0,0,0,0
00AYGM0008,E00015716,0,0,0,0,0,0
00AYGM0028,E00015736,0,0,0,0,0,0
00AYGM0038,E00015746,0,0,0,0,0,0
00AYGM0043,E00015751,0,0,0,0,0,0
00AYGM0035,E00015743,0,0,0,0,0,0
00AYGH0022,E00015547,0,0,0,0,0,0
00AYGM0037,E00015745,0,0,0,0,0,0
00AYGM0001,E00015709,0,0,0,0,0,0
00AYGR0042,E00015931,0,0,0,0,0,0
00AYGR0045,E00015934,0,0,0,0,0,0
00BJGM0045,E00023088,0,0,0,0,0,0
00AYGM0042,E00015750,0,0,0,0,0,0
00AYGR0009,E00015898,0,0,0,0,0,0
00BJGA0047,E00022578,0,0,0,0,0,0
00BJGA0020,E00022551,0,0,0,0,0,0
00AYGM0034,E00015742,0,0,0,0,0,0
00AYGM0036,E00015744,0,0,0,0,0,0
00AYGH0012,E00015537,0,0,0,0,0,0
00AYGM0030,E00015738,0,0,0,0,0,0
00AYGM0031,E00015739,0,0,0,0,0,0
00AYGM0032,E00015740,0,0,0,0,0,0
00AYGQ0039,E00015886,0,0,0,0,0,0
00AYGQ0031,E00015878,0,0,0,0,0,0
00AHHB0010,E00005773,0,0,0,0,0,0
00AHHB0023,E00005786,0,0,0,0,0,0
00AYGQ0018,E00015865,0,0,0,0,0,0
00ATGF0017,E00012971,0,0,0,0,0,0
00AHGS0028,E00005423,0,0,0,0,0,0
00AHHB0019,E00005782,0,0,0,0,0,0
00AHGS0029,E00005424,0,0,0,0,0,0
00AHGS0001,E00005396,0,0,0,0,0,0
00AHHB0020,E00005783,0,0,0,0,0,0
00AHHB0008,E00005771,0,0,0,0,0,0
00AHHB0016,E00005779,0,0,0,0,0,0
00AHGS0025,E00005420,0,0,0,0,0,0
00AHHB0014,E00005777,0,0,0,0,0,0
00AHHB0048,E00005811,0,0,0,0,0,0
00AYGR0040,E00015929,0,0,0,0,0,0
00AHGS0027,E00005422,0,0,0,0,0,0
00AWGB0010,E00014159,0,0,0,0,0,0
00AYGQ0005,E00015852,0,0,0,0,0,0
00AYGR0035,E00015924,0,0,0,0,0,0
00AYGQ0028,E00015875,0,0,0,0,0,0
00AYGR0016,E00015905,0,0,0,0,0,0
00AYGQ0022,E00015869,0,0,0,0,0,0
00AYGR0021,E00015910,0,0,0,0,0,0
00AYGR0030,E00015919,0,0,0,0,0,0
00AYGQ0003,E00015850,0,0,0,0,0,0
00AYGR0014,E00015903,0,0,0,0,0,0
00AYGR0018,E00015907,0,0,0,0,0,0
00AYGM0039,E00015747,0,0,0,0,0,0
00AYGM0044,E00015752,0,0,0,0,0,0
00AYGR0043,E00015932,0,0,0,0,0,0
00AYGR0024,E00015913,0,0,0,0,0,0
00AHHB0041,E00005804,0,0,0,0,0,0
00AYGQ0017,E00015864,0,0,0,0,0,0
00AYGQ0019,E00015866,0,0,0,0,0,0
00AYGQ0004,E00015851,0,0,0,0,0,0
00AHGS0026,E00005421,0,0,0,0,0,0
00AYGR0013,E00015902,0,0,0,0,0,0
00AYGR0006,E00015895,0,0,0,0,0,0
00AYGR0046,E00015935,0,0,0,0,0,0
00AYGR0015,E00015904,0,0,0,0,0,0
00AYGQ0002,E00015849,0,0,0,0,0,0
00AHGS0024,E00005419,0,0,0,0,0,0
00AYGH0023,E00015548,0,0,0,0,0,0
00AWGL0002,E00014472,0,0,0,0,0,0
00AHHB0017,E00005780,0,0,0,0,0,0
00AJHA0025,E00006844,0,0,0,0,0,0
00AHHB0042,E00005805,0,0,0,0,0,0
00AHHB0044,E00005807,0,0,0,0,0,0
00AHHB0043,E00005806,0,0,0,0,0,0
00AYGH0017,E00015542,0,0,0,0,0,0
00AYGH0020,E00015545,0,0,0,0,0,0
00AHHB0040,E00005803,0,0,0,0,0,0
00BDGK0014,E00019532,0,0,0,0,0,0
00AYGH0014,E00015539,0,0,0,0,0,0
00AWGC0018,E00014199,0,0,0,0,0,0
00AYGH0021,E00015546,0,0,0,0,0,0
00AYGH0025,E00015550,0,0,0,0,0,0
00AHHB0039,E00005802,0,0,0,0,0,0
00AYGH0006,E00015531,0,0,0,0,0,0
00AYGH0016,E00015541,0,0,0,0,0,0
00AYGH0019,E00015544,0,0,0,0,0,0
00AYGF0020,E00015454,0,0,0,0,0,0
00AYGH0018,E00015543,0,0,0,0,0,0
00AYGH0024,E00015549,0,0,0,0,0,0
00AYGH0015,E00015540,0,0,0,0,0,0
00AYGR0004,E00015893,0,0,0,0,0,0
00AYGR0038,E00015927,0,0,0,0,0,0
00AYGR0047,E00015936,0,0,0,0,0,0
00AYGR0034,E00015923,0,0,0,0,0,0
00AYGR0033,E00015922,0,0,0,0,0,0
00BJGL0015,E00023015,0,0,0,0,0,0
00AYGR0037,E00015926,0,0,0,0,0,0
00AYGH0048,E00015573,0,0,0,0,0,0
00AYGR0002,E00015891,0,0,0,0,0,0
00AYGR0003,E00015892,0,0,0,0,0,0
00AYGH0041,E00015566,0,0,0,0,0,0
00BDFX0032,E00019141,0,0,0,0,0,0
00BDFX0028,E00019137,0,0,0,0,0,0
00AYGR0041,E00015930,0,0,0,0,0,0
00AYGH0011,E00015536,0,0,0,0,0,0
00AYGH0002,E00015527,0,0,0,0,0,0
00AYGR0029,E00015918,0,0,0,0,0,0
00AYGH0003,E00015528,0,0,0,0,0,0
00AYGR0005,E00015894,0,0,0,0,0,0
00AYGH0043,E00015568,0,0,0,0,0,0
00AYGP0025,E00015824,0,0,0,0,0,0
00AYGR0031,E00015920,0,0,0,0,0,0
00AYGR0001,E00015890,0,0,0,0,0,0
00AYGH0001,E00015526,0,0,0,0,0,0
00AYGR0022,E00015911,0,0,0,0,0,0
00AYGH0029,E00015554,0,0,0,0,0,0
00AYGH0030,E00015555,0,0,0,0,0,0
00AYGH0032,E00015557,0,0,0,0,0,0
00AYGH0034,E00015559,0,0,0,0,0,0
00AYGH0036,E00015561,0,0,0,0,0,0
00AYGH0035,E00015560,0,0,0,0,0,0
00AYGF0016,E00015450,0,0,0,0,0,0
00AYGR0036,E00015925,0,0,0,0,0,0
00AYGH0039,E00015564,0,0,0,0,0,0
00AYGH0044,E00015569,0,0,0,0,0,0
00AYGH0045,E00015570,0,0,0,0,0,0
00AYGH0005,E00015530,0,0,0,0,0,0
00AYGH0007,E00015532,0,0,0,0,0,0
00AYGH0008,E00015533,0,0,0,0,0,0
00AYGH0013,E00015538,0,0,0,0,0,0
00AYGH0042,E00015567,0,0,0,0,0,0
00BDGD0015,E00019320,0,0,0,0,0,0
00BDGP0017,E00019672,0,0,0,0,0,0
00AYGH0004,E00015529,0,0,0,0,0,0
00BDGD0002,E00019307,0,0,0,0,0,0
00AYGH0046,E00015571,0,0,0,0,0,0
00AYGH0009,E00015534,0,0,0,0,0,0
00AYGH0040,E00015565,0,0,0,0,0,0
00AYGF0003,E00015437,0,0,0,0,0,0
00AYGF0013,E00015447,0,0,0,0,0,0
00BDGP0027,E00019682,0,0,0,0,0,0
00AWGC0025,E00014206,0,0,0,0,0,0
00AYGH0010,E00015535,0,0,0,0,0,0
00AYGH0037,E00015562,0,0,0,0,0,0
00AYGH0038,E00015563,0,0,0,0,0,0
00AYGH0028,E00015553,0,0,0,0,0,0
00ATGM0009,E00013158,0,0,0,0,0,0
00ATGM0014,E00013163,0,0,0,0,0,0
00BJGL0041,E00023041,0,0,0,0,0,0
00AYGH0027,E00015552,0,0,0,0,0,0
00AYGH0033,E00015558,0,0,0,0,0,0
00AYGF0045,E00015479,0,0,0,0,0,0
00AYGT0012,E00015992,0,0,0,0,0,0
00AYGF0004,E00015438,0,0,0,0,0,0
00AYGT0015,E00015995,0,0,0,0,0,0
00AYGT0016,E00015996,0,0,0,0,0,0
00AYGF0009,E00015443,0,0,0,0,0,0
00AYGF0041,E00015475,0,0,0,0,0,0
00AYGF0043,E00015477,0,0,0,0,0,0
00ATGF0013,E00012967,0,0,0,0,0,0
00AYGF0044,E00015478,0,0,0,0,0,0
00AYGT0013,E00015993,0,0,0,0,0,0
00ATGF0015,E00012969,0,0,0,0,0,0
00ATGF0012,E00012966,0,0,0,0,0,0
00BDGN0012,E00019633,0,0,0,0,0,0
00BDGN0010,E00019631,0,0,0,0,0,0
00BDGN0018,E00019639,0,0,0,0,0,0
00BDGN0017,E00019638,0,0,0,0,0,0
00BDGN0014,E00019635,0,0,0,0,0,0
00BDGN0016,E00019637,0,0,0,0,0,0
00ATGF0011,E00012965,0,0,0,0,0,0
00BDGN0013,E00019634,0,0,0,0,0,0
00BDGN0006,E00019627,0,0,0,0,0,0
00BDGN0009,E00019630,0,0,0,0,0,0
00BDGN0008,E00019629,0,0,0,0,0,0
00BDGN0011,E00019632,0,0,0,0,0,0
00ATGF0009,E00012963,0,0,0,0,0,0
00ATGF0010,E00012964,0,0,0,0,0,0
00BDGD0024,E00019329,0,0,0,0,0,0
00BDGD0029,E00019334,0,0,0,0,0,0
00BDGD0028,E00019333,0,0,0,0,0,0
00BDGD0017,E00019322,0,0,0,0,0,0
00ATGM0031,E00013180,0,0,0,0,0,0
00ATGM0011,E00013160,0,0,0,0,0,0
00BDGD0005,E00019310,0,0,0,0,0,0
00BDGD0006,E00019311,0,0,0,0,0,0
00ATGQ0023,E00013264,0,0,0,0,0,0
00ATGQ0034,E00013275,0,0,0,0,0,0
00BDGD0003,E00019308,0,0,0,0,0,0
00BDGD0004,E00019309,0,0,0,0,0,0
00BDGD0007,E00019312,0,0,0,0,0,0
00BDGD0030,E00019335,0,0,0,0,0,0
00BDGD0016,E00019321,0,0,0,0,0,0
00BDGD0020,E00019325,0,0,0,0,0,0
00BDGD0026,E00019331,0,0,0,0,0,0
00BDGN0027,E00019648,0,0,0,0,0,0
00ATGR0011,E00013288,0,0,0,0,0,0
00ATGR0001,E00013278,0,0,0,0,0,0
00BDGD0018,E00019323,0,0,0,0,0,0
00BDGD0019,E00019324,0,0,0,0,0,0
00BDGD0022,E00019327,0,0,0,0,0,0
00BDGP0009,E00019664,0,0,0,0,0,0
00BDGP0016,E00019671,0,0,0,0,0,0
00BDGN0034,E00019655,0,0,0,0,0,0
00BDGD0025,E00019330,0,0,0,0,0,0
00BDGN0030,E00019651,0,0,0,0,0,0
00AWGL0025,E00014495,0,0,0,0,0,0
00BDGN0029,E00019650,0,0,0,0,0,0
00BDGN0028,E00019649,0,0,0,0,0,0
00BDGD0001,E00019306,0,0,0,0,0,0
00BDGN0032,E00019653,0,0,0,0,0,0
00BDGN0007,E00019628,0,0,0,0,0,0
00AWGL0017,E00014487,0,0,0,0,0,0
00BDGN0031,E00019652,0,0,0,0,0,0
00BDGN0026,E00019647,0,0,0,0,0,0
00BDGP0018,E00019673,0,0,0,0,0,0
00BDGD0021,E00019326,0,0,0,0,0,0
00BDGD0023,E00019328,0,0,0,0,0,0
00BDGP0014,E00019669,0,0,0,0,0,0
00BDGP0021,E00019676,0,0,0,0,0,0
00BDGP0010,E00019665,0,0,0,0,0,0
00BDGP0019,E00019674,0,0,0,0,0,0
00BDGN0025,E00019646,0,0,0,0,0,0
00BDGP0015,E00019670,0,0,0,0,0,0
00BDGP0013,E00019668,0,0,0,0,0,0
00BDGP0008,E00019663,0,0,0,0,0,0
00ATGM0017,E00013166,0,0,0,0,0,0
00BDGP0012,E00019667,0,0,0,0,0,0
00BDGD0008,E00019313,0,0,0,0,0,0
00BDGD0013,E00019318,0,0,0,0,0,0
00BDGD0014,E00019319,0,0,0,0,0,0
00ATGM0033,E00013182,0,0,0,0,0,0
00BDGD0009,E00019314,0,0,0,0,0,0
00BDGP0003,E00019658,0,0,0,0,0,0
00ATGN0024,E00013206,0,0,0,0,0,0
00BDGD0010,E00019315,0,0,0,0,0,0
00BDGD0012,E00019317,0,0,0,0,0,0
00BDGP0025,E00019680,0,0,0,0,0,0
00ATGM0019,E00013168,0,0,0,0,0,0
00BDGD0011,E00019316,0,0,0,0,0,0
00ATGM0018,E00013167,0,0,0,0,0,0
00ATGM0007,E00013156,0,0,0,0,0,0
00BDGP0006,E00019661,0,0,0,0,0,0
00ATGM0020,E00013169,0,0,0,0,0,0
00ATGM0006,E00013155,0,0,0,0,0,0
00ATGM0012,E00013161,0,0,0,0,0,0
00ATGM0005,E00013154,0,0,0,0,0,0
00ATGM0008,E00013157,0,0,0,0,0,0
00ATGM0001,E00013150,0,0,0,0,0,0
00ATGN0020,E00013202,0,0,0,0,0,0
00ATGM0010,E00013159,0,0,0,0,0,0
00ATGM0030,E00013179,0,0,0,0,0,0
00BDGP0026,E00019681,0,0,0,0,0,0
00BDGP0002,E00019657,0,0,0,0,0,0
00BDGP0024,E00019679,0,0,0,0,0,0
00BDGP0023,E00019678,0,0,0,0,0,0
00BDGP0028,E00019683,0,0,0,0,0,0
00BDGP0001,E00019656,0,0,0,0,0,0
00BDGP0004,E00019659,0,0,0,0,0,0
00BDGP0022,E00019677,0,0,0,0,0,0
00BDGP0005,E00019660,0,0,0,0,0,0
00BDGP0029,E00019684,0,0,0,0,0,0
00ATGN0018,E00013200,0,0,0,0,0,0
00ATGN0023,E00013205,0,0,0,0,0,0
00ATGN0025,E00013207,0,0,0,0,0,0
00BDGK0020,E00019538,0,0,0,0,0,0
00ATGN0021,E00013203,0,0,0,0,0,0
00ATGN0015,E00013197,0,0,0,0,0,0
00AJHB0027,E00006893,0,0,0,0,0,0
00ATGN0011,E00013193,0,0,0,0,0,0
00ATGN0013,E00013195,0,0,0,0,0,0
00ATGN0016,E00013198,0,0,0,0,0,0
00ATGN0002,E00013184,0,0,0,0,0,0
00ATGN0019,E00013201,0,0,0,0,0,0
00ATGN0012,E00013194,0,0,0,0,0,0
00ATGN0017,E00013199,0,0,0,0,0,0
00BDGN0004,E00019625,0,0,0,0,0,0
00BDGK0021,E00019539,0,0,0,0,0,0
00BDGK0022,E00019540,0,0,0,0,0,0
00BDGK0024,E00019542,0,0,0,0,0,0
00BDGK0004,E00019522,0,0,0,0,0,0
00BDGM0032,E00019616,0,0,0,0,0,0
00BDFZ0029,E00019203,0,0,0,0,0,0
00BDFZ0030,E00019204,0,0,0,0,0,0
00BDGK0018,E00019536,0,0,0,0,0,0
00BDFZ0027,E00019201,0,0,0,0,0,0
00BDGK0019,E00019537,0,0,0,0,0,0
00BDGN0001,E00019622,0,0,0,0,0,0
00BDGN0005,E00019626,0,0,0,0,0,0
00BDGN0002,E00019623,0,0,0,0,0,0
00BDGN0033,E00019654,0,0,0,0,0,0
00BDGP0020,E00019675,0,0,0,0,0,0
00BDGP0011,E00019666,0,0,0,0,0,0
00BDGK0002,E00019520,0,0,0,0,0,0
00BDGH0027,E00019470,0,0,0,0,0,0
00BDGP0007,E00019662,0,0,0,0,0,0
00BDGM0009,E00019593,0,0,0,0,0,0
00ATGN0003,E00013185,0,0,0,0,0,0
00ATGN0022,E00013204,0,0,0,0,0,0
00ATGN0001,E00013183,0,0,0,0,0,0
00BDGK0017,E00019535,0,0,0,0,0,0
00BDGK0012,E00019530,0,0,0,0,0,0
00BDGK0010,E00019528,0,0,0,0,0,0
00BDGK0015,E00019533,0,0,0,0,0,0
00BDGK0011,E00019529,0,0,0,0,0,0
00BDGK0016,E00019534,0,0,0,0,0,0
00BDGK0003,E00019521,0,0,0,0,0,0
00ATGM0027,E00013176,0,0,0,0,0,0
00ATGM0032,E00013181,0,0,0,0,0,0
00ATGM0029,E00013178,0,0,0,0,0,0
00BKGJ0050,E00023740,0,0,0,0,0,0
00BDGK0013,E00019531,0,0,0,0,0,0
00BDGM0023,E00019607,0,0,0,0,0,0
00BDGM0022,E00019606,0,0,0,0,0,0
00BDGK0007,E00019525,0,0,0,0,0,0
00BDGH0024,E00019467,0,0,0,0,0,0
00BDGK0001,E00019519,0,0,0,0,0,0
00BDGM0017,E00019601,0,0,0,0,0,0
00BDGH0028,E00019471,0,0,0,0,0,0
00BDGK0006,E00019524,0,0,0,0,0,0
00BDGK0008,E00019526,0,0,0,0,0,0
00BDGM0001,E00019585,0,0,0,0,0,0
00BDGH0005,E00019448,0,0,0,0,0,0
00BDGM0019,E00019603,0,0,0,0,0,0
00BDGM0021,E00019605,0,0,0,0,0,0
00BDGH0030,E00019473,0,0,0,0,0,0
00BDGM0020,E00019604,0,0,0,0,0,0
00BDGM0016,E00019600,0,0,0,0,0,0
00BDGH0029,E00019472,0,0,0,0,0,0
00BDGM0015,E00019599,0,0,0,0,0,0
00BDGM0013,E00019597,0,0,0,0,0,0
00BDGM0011,E00019595,0,0,0,0,0,0
00BDGM0012,E00019596,0,0,0,0,0,0
00ATGQ0020,E00013261,0,0,0,0,0,0
00BDGM0014,E00019598,0,0,0,0,0,0
00BDGM0018,E00019602,0,0,0,0,0,0
00BDGH0023,E00019466,0,0,0,0,0,0
00BDGM0010,E00019594,0,0,0,0,0,0
00BDGM0006,E00019590,0,0,0,0,0,0
00BDGH0021,E00019464,0,0,0,0,0,0
00BDGH0026,E00019469,0,0,0,0,0,0
00ATGQ0013,E00013254,0,0,0,0,0,0
00ATGQ0021,E00013262,0,0,0,0,0,0
00BDGH0012,E00019455,0,0,0,0,0,0
00BDGM0027,E00019611,0,0,0,0,0,0
00BDGH0004,E00019447,0,0,0,0,0,0
00BDGH0002,E00019445,0,0,0,0,0,0
00ATGQ0014,E00013255,0,0,0,0,0,0
00BDGH0022,E00019465,0,0,0,0,0,0
00BDGH0013,E00019456,0,0,0,0,0,0
00ATGQ0018,E00013259,0,0,0,0,0,0
00ATGQ0019,E00013260,0,0,0,0,0,0
00ATGQ0009,E00013250,0,0,0,0,0,0
00BDFZ0019,E00019193,0,0,0,0,0,0
00ATGQ0007,E00013248,0,0,0,0,0,0
00ATGQ0011,E00013252,0,0,0,0,0,0
00BDFZ0022,E00019196,0,0,0,0,0,0
00BDGJ0020,E00019497,0,0,0,0,0,0
00BDGH0017,E00019460,0,0,0,0,0,0
00BDGM0036,E00019620,0,0,0,0,0,0
00BDGH0003,E00019446,0,0,0,0,0,0
00BDGH0014,E00019457,0,0,0,0,0,0
00BDGH0015,E00019458,0,0,0,0,0,0
00BDGH0016,E00019459,0,0,0,0,0,0
00BDGM0007,E00019591,0,0,0,0,0,0
00BDGH0010,E00019453,0,0,0,0,0,0
00BDGM0003,E00019587,0,0,0,0,0,0
00BDGH0020,E00019463,0,0,0,0,0,0
00BDGH0011,E00019454,0,0,0,0,0,0
00BDFZ0020,E00019194,0,0,0,0,0,0
00BDGH0018,E00019461,0,0,0,0,0,0
00BDGH0025,E00019468,0,0,0,0,0,0
00BDGM0037,E00019621,0,0,0,0,0,0
00BDGH0019,E00019462,0,0,0,0,0,0
00BDGM0029,E00019613,0,0,0,0,0,0
00BDGJ0005,E00019482,0,0,0,0,0,0
00BDGJ0022,E00019499,0,0,0,0,0,0
00BDGJ0003,E00019480,0,0,0,0,0,0
00BDGM0028,E00019612,0,0,0,0,0,0
00BDGM0035,E00019619,0,0,0,0,0,0
00BDGM0002,E00019586,0,0,0,0,0,0
00BDGM0034,E00019618,0,0,0,0,0,0
00ATGM0028,E00013177,0,0,0,0,0,0
00BDGH0033,E00019476,0,0,0,0,0,0
00BDGH0007,E00019450,0,0,0,0,0,0
00BDGH0009,E00019452,0,0,0,0,0,0
00BDGH0001,E00019444,0,0,0,0,0,0
00BDGH0034,E00019477,0,0,0,0,0,0
00BDGH0006,E00019449,0,0,0,0,0,0
00BDGH0008,E00019451,0,0,0,0,0,0
00BDGM0024,E00019608,0,0,0,0,0,0
00ATGM0003,E00013152,0,0,0,0,0,0
00ATGP0013,E00013226,0,0,0,0,0,0
00ATGL0002,E00013117,0,0,0,0,0,0
00ATGP0015,E00013228,0,0,0,0,0,0
00ATGM0004,E00013153,0,0,0,0,0,0
00ATGM0015,E00013164,0,0,0,0,0,0
00ATGN0014,E00013196,0,0,0,0,0,0
00ATGN0010,E00013192,0,0,0,0,0,0
00ATGP0002,E00013215,0,0,0,0,0,0
00ATGN0008,E00013190,0,0,0,0,0,0
00ATGM0023,E00013172,0,0,0,0,0,0
00ATGM0025,E00013174,0,0,0,0,0,0
00ATGM0022,E00013171,0,0,0,0,0,0
00ATGM0024,E00013173,0,0,0,0,0,0
00ATGP0008,E00013221,0,0,0,0,0,0
00ATGM0026,E00013175,0,0,0,0,0,0
00ATGL0032,E00013147,0,0,0,0,0,0
00ATGL0034,E00013149,0,0,0,0,0,0
00ATGN0007,E00013189,0,0,0,0,0,0
00ATGP0009,E00013222,0,0,0,0,0,0
00ATGP0025,E00013238,0,0,0,0,0,0
00ATGH0008,E00013031,0,0,0,0,0,0
00ATGP0004,E00013217,0,0,0,0,0,0
00ATGH0023,E00013046,0,0,0,0,0,0
00ATGP0026,E00013239,0,0,0,0,0,0
00ATGH0006,E00013029,0,0,0,0,0,0
00ATGH0030,E00013053,0,0,0,0,0,0
00ATGH0018,E00013041,0,0,0,0,0,0
00ATGH0027,E00013050,0,0,0,0,0,0
00ATGL0021,E00013136,0,0,0,0,0,0
00ATGH0025,E00013048,0,0,0,0,0,0
00ATGH0013,E00013036,0,0,0,0,0,0
00ATGP0005,E00013218,0,0,0,0,0,0
00ATGP0006,E00013219,0,0,0,0,0,0
00BDGJ0019,E00019496,0,0,0,0,0,0
00ATGP0028,E00013241,0,0,0,0,0,0
00ATGP0003,E00013216,0,0,0,0,0,0
00ATGM0002,E00013151,0,0,0,0,0,0
00ATGP0027,E00013240,0,0,0,0,0,0
00ATGM0021,E00013170,0,0,0,0,0,0
00ATGH0005,E00013028,0,0,0,0,0,0
00ATGP0022,E00013235,0,0,0,0,0,0
00ATGL0014,E00013129,0,0,0,0,0,0
00ATGP0020,E00013233,0,0,0,0,0,0
00ATGL0019,E00013134,0,0,0,0,0,0
00ATGL0023,E00013138,0,0,0,0,0,0
00ATGJ0020,E00013073,0,0,0,0,0,0
00ATGP0023,E00013236,0,0,0,0,0,0
00ATGL0029,E00013144,0,0,0,0,0,0
00BDGJ0036,E00019513,0,0,0,0,0,0
00ATGL0030,E00013145,0,0,0,0,0,0
00ATGL0001,E00013116,0,0,0,0,0,0
00ATGL0033,E00013148,0,0,0,0,0,0
00ATGL0028,E00013143,0,0,0,0,0,0
00ATGL0025,E00013140,0,0,0,0,0,0
00ATGL0026,E00013141,0,0,0,0,0,0
00ATGN0009,E00013191,0,0,0,0,0,0
00ATGL0031,E00013146,0,0,0,0,0,0
00ATGL0016,E00013131,0,0,0,0,0,0
00BDFZ0001,E00019175,0,0,0,0,0,0
00ATGL0022,E00013137,0,0,0,0,0,0
00ATGL0012,E00013127,0,0,0,0,0,0
00ATGL0013,E00013128,0,0,0,0,0,0
00ATGL0009,E00013124,0,0,0,0,0,0
00ATGL0008,E00013123,0,0,0,0,0,0
00ATGL0011,E00013126,0,0,0,0,0,0
00ATGL0020,E00013135,0,0,0,0,0,0
00ATGL0015,E00013130,0,0,0,0,0,0
00ATGL0017,E00013132,0,0,0,0,0,0
00ATGL0006,E00013121,0,0,0,0,0,0
00ATGL0010,E00013125,0,0,0,0,0,0
00ATGH0002,E00013025,0,0,0,0,0,0
00ATGH0019,E00013042,0,0,0,0,0,0
00ATGH0022,E00013045,0,0,0,0,0,0
00ATGH0029,E00013052,0,0,0,0,0,0
00BDFX0030,E00019139,0,0,0,0,0,0
00BDFX0031,E00019140,0,0,0,0,0,0
00BDFX0029,E00019138,0,0,0,0,0,0
00ATGH0017,E00013040,0,0,0,0,0,0
00ATGJ0001,E00013054,0,0,0,0,0,0
00ATGJ0015,E00013068,0,0,0,0,0,0
00ATGJ0013,E00013066,0,0,0,0,0,0
00ATGJ0018,E00013071,0,0,0,0,0,0
00ATGJ0012,E00013065,0,0,0,0,0,0
00ATGJ0011,E00013064,0,0,0,0,0,0
00ATGJ0010,E00013063,0,0,0,0,0,0
00ATGH0012,E00013035,0,0,0,0,0,0
00ATGJ0008,E00013061,0,0,0,0,0,0
00ATGH0014,E00013037,0,0,0,0,0,0
00ATGH0010,E00013033,0,0,0,0,0,0
00ATGR0005,E00013282,0,0,0,0,0,0
00ATGJ0009,E00013062,0,0,0,0,0,0
00ATGJ0007,E00013060,0,0,0,0,0,0
00ATGJ0016,E00013069,0,0,0,0,0,0
00ATGR0012,E00013289,0,0,0,0,0,0
00ATGL0005,E00013120,0,0,0,0,0,0
00ATGL0003,E00013118,0,0,0,0,0,0
00ATGL0004,E00013119,0,0,0,0,0,0
00ATGJ0014,E00013067,0,0,0,0,0,0
00ATGR0018,E00013295,0,0,0,0,0,0
00ANGB0028,E00009298,0,0,0,0,0,0
00ATGJ0017,E00013070,0,0,0,0,0,0
00ATGJ0019,E00013072,0,0,0,0,0,0
00ATGR0013,E00013290,0,0,0,0,0,0
00ATGR0021,E00013298,0,0,0,0,0,0
00ATGR0032,E00013309,0,0,0,0,0,0
00ATGN0006,E00013188,0,0,0,0,0,0
00ATGN0004,E00013186,0,0,0,0,0,0
00ATGQ0002,E00013243,0,0,0,0,0,0
00ATGQ0010,E00013251,0,0,0,0,0,0
00ATGQ0003,E00013244,0,0,0,0,0,0
00ATGQ0008,E00013249,0,0,0,0,0,0
00ATGQ0035,E00013276,0,0,0,0,0,0
00BDGH0031,E00019474,0,0,0,0,0,0
00ATGQ0006,E00013247,0,0,0,0,0,0
00ATGN0029,E00013211,0,0,0,0,0,0
00ATGQ0004,E00013245,0,0,0,0,0,0
00BDGH0032,E00019475,0,0,0,0,0,0
00ATGQ0001,E00013242,0,0,0,0,0,0
00ATGQ0032,E00013273,0,0,0,0,0,0
00ATGN0030,E00013212,0,0,0,0,0,0
00ATGL0027,E00013142,0,0,0,0,0,0
00ATGQ0029,E00013270,0,0,0,0,0,0
00ATGQ0005,E00013246,0,0,0,0,0,0
00ATGN0005,E00013187,0,0,0,0,0,0
00ATGL0024,E00013139,0,0,0,0,0,0
00ATGL0007,E00013122,0,0,0,0,0,0
00ATGR0003,E00013280,0,0,0,0,0,0
00ATGN0031,E00013213,0,0,0,0,0,0
00ATGR0024,E00013301,0,0,0,0,0,0
00ATGN0027,E00013209,0,0,0,0,0,0
00ATGR0023,E00013300,0,0,0,0,0,0
00ATGR0017,E00013294,0,0,0,0,0,0
00ATGR0008,E00013285,0,0,0,0,0,0
00ATGR0020,E00013297,0,0,0,0,0,0
00ATGR0016,E00013293,0,0,0,0,0,0
00ATGR0009,E00013286,0,0,0,0,0,0
00ATGQ0024,E00013265,0,0,0,0,0,0
00ATGQ0030,E00013271,0,0,0,0,0,0
00ATGQ0026,E00013267,0,0,0,0,0,0
00BJGL0016,E00023016,0,0,0,0,0,0
00ATGQ0036,E00013277,0,0,0,0,0,0
00ATGN0026,E00013208,0,0,0,0,0,0
00ATGQ0028,E00013269,0,0,0,0,0,0
00ATGS0005,E00013315,0,0,0,0,0,0
00ATGR0025,E00013302,0,0,0,0,0,0
00ATGN0028,E00013210,0,0,0,0,0,0
00ATGR0010,E00013287,0,0,0,0,0,0
00ATGS0033,E00013343,0,0,0,0,0,0
00ATGQ0025,E00013266,0,0,0,0,0,0
00ATGS0006,E00013316,0,0,0,0,0,0
00ATGS0003,E00013313,0,0,0,0,0,0
00ATGS0007,E00013317,0,0,0,0,0,0
00ATGQ0031,E00013272,0,0,0,0,0,0
00ATGS0008,E00013318,0,0,0,0,0,0
00ATGS0010,E00013320,0,0,0,0,0,0
00ATGQ0033,E00013274,0,0,0,0,0,0
00ATGQ0022,E00013263,0,0,0,0,0,0
00ATGS0009,E00013319,0,0,0,0,0,0
00ATGQ0027,E00013268,0,0,0,0,0,0
00ATGR0014,E00013291,0,0,0,0,0,0
00ATGR0015,E00013292,0,0,0,0,0,0
00ATGR0022,E00013299,0,0,0,0,0,0
00ATGR0019,E00013296,0,0,0,0,0,0
00ATGS0029,E00013339,0,0,0,0,0,0
00ATGS0032,E00013342,0,0,0,0,0,0
00ATGR0002,E00013279,0,0,0,0,0,0
00ATGS0002,E00013312,0,0,0,0,0,0
00ATGS0028,E00013338,0,0,0,0,0,0
00ATGR0030,E00013307,0,0,0,0,0,0
00ATGR0028,E00013305,0,0,0,0,0,0
00ATGR0031,E00013308,0,0,0,0,0,0
00ATGS0030,E00013340,0,0,0,0,0,0
00ATGS0001,E00013311,0,0,0,0,0,0
00ATGS0031,E00013341,0,0,0,0,0,0
00BJGL0005,E00023005,0,0,0,0,0,0
00ATGS0027,E00013337,0,0,0,0,0,0
00ATGS0004,E00013314,0,0,0,0,0,0
00ATGS0021,E00013331,0,0,0,0,0,0
00ATGS0018,E00013328,0,0,0,0,0,0
00ATGS0020,E00013330,0,0,0,0,0,0
00BDFZ0004,E00019178,0,0,0,0,0,0
00BDFZ0031,E00019205,0,0,0,0,0,0
00BDFZ0009,E00019183,0,0,0,0,0,0
00ANGB0037,E00009307,0,0,0,0,0,0
00BDFZ0028,E00019202,0,0,0,0,0,0
00BDFZ0023,E00019197,0,0,0,0,0,0
00BDFZ0024,E00019198,0,0,0,0,0,0
00BDGM0008,E00019592,0,0,0,0,0,0
00BDGM0005,E00019589,0,0,0,0,0,0
00BDGM0031,E00019615,0,0,0,0,0,0
00BDGM0033,E00019617,0,0,0,0,0,0
00BDGM0026,E00019610,0,0,0,0,0,0
00ANGM0038,E00009681,0,0,0,0,0,0
00BDGJ0040,E00019517,0,0,0,0,0,0
00BDGM0030,E00019614,0,0,0,0,0,0
00BDFZ0021,E00019195,0,0,0,0,0,0
00BDGJ0017,E00019494,0,0,0,0,0,0
00BDFZ0002,E00019176,0,0,0,0,0,0
00BDGJ0026,E00019503,0,0,0,0,0,0
00BDGM0025,E00019609,0,0,0,0,0,0
00ANGB0036,E00009306,0,0,0,0,0,0
00BDGJ0023,E00019500,0,0,0,0,0,0
00BDGJ0024,E00019501,0,0,0,0,0,0
00BDGJ0021,E00019498,0,0,0,0,0,0
00BDGJ0014,E00019491,0,0,0,0,0,0
00BDGJ0025,E00019502,0,0,0,0,0,0
00BDGJ0018,E00019495,0,0,0,0,0,0
00BJGL0023,E00023023,0,0,0,0,0,0
00BDGJ0008,E00019485,0,0,0,0,0,0
00BDGJ0015,E00019492,0,0,0,0,0,0
00BDGJ0004,E00019481,0,0,0,0,0,0
00BDGJ0002,E00019479,0,0,0,0,0,0
00BDGJ0011,E00019488,0,0,0,0,0,0
00BDGJ0035,E00019512,0,0,0,0,0,0
00BDGJ0010,E00019487,0,0,0,0,0,0
00BDGJ0006,E00019483,0,0,0,0,0,0
00BDGJ0007,E00019484,0,0,0,0,0,0
00BDGJ0032,E00019509,0,0,0,0,0,0
00BDGJ0039,E00019516,0,0,0,0,0,0
00BJGL0012,E00023012,0,0,0,0,0,0
00BDGJ0009,E00019486,0,0,0,0,0,0
00BDGJ0034,E00019511,0,0,0,0,0,0
00BDGJ0033,E00019510,0,0,0,0,0,0
00BDGJ0001,E00019478,0,0,0,0,0,0
00BDGJ0016,E00019493,0,0,0,0,0,0
00BDGJ0041,E00019518,0,0,0,0,0,0
00BDGJ0038,E00019515,0,0,0,0,0,0
00BJGL0006,E00023006,0,0,0,0,0,0
00BJGL0038,E00023038,0,0,0,0,0,0
00BJGL0042,E00023042,0,0,0,0,0,0
00BJGL0007,E00023007,0,0,0,0,0,0
00BJGU0015,E00023381,0,0,0,0,0,0
00BJGU0014,E00023380,0,0,0,0,0,0
00BJGU0011,E00023377,0,0,0,0,0,0
00BJGU0003,E00023369,0,0,0,0,0,0
00BDGG0031,E00019438,0,0,0,0,0,0
00BJGU0006,E00023372,0,0,0,0,0,0
00BJGU0010,E00023376,0,0,0,0,0,0
00BDGJ0012,E00019489,0,0,0,0,0,0
00BDGG0018,E00019425,0,0,0,0,0,0
00BDGJ0037,E00019514,0,0,0,0,0,0
00BDGJ0031,E00019508,0,0,0,0,0,0
00BDGJ0030,E00019507,0,0,0,0,0,0
00BDFX0021,E00019130,0,0,0,0,0,0
00BDGJ0028,E00019505,0,0,0,0,0,0
00BDGJ0027,E00019504,0,0,0,0,0,0
00BDGG0030,E00019437,0,0,0,0,0,0
00BDGJ0029,E00019506,0,0,0,0,0,0
00BDFX0002,E00019111,0,0,0,0,0,0
00BDGG0003,E00019410,0,0,0,0,0,0
00BDGG0032,E00019439,0,0,0,0,0,0
00BDGG0033,E00019440,0,0,0,0,0,0
00BDGG0002,E00019409,0,0,0,0,0,0
00BDGG0029,E00019436,0,0,0,0,0,0
00BDFX0020,E00019129,0,0,0,0,0,0
00BDGG0013,E00019420,0,0,0,0,0,0
00ATGS0016,E00013326,0,0,0,0,0,0
00ATGS0026,E00013336,0,0,0,0,0,0
00ATGS0025,E00013335,0,0,0,0,0,0
00BDGG0016,E00019423,0,0,0,0,0,0
00BDGG0025,E00019432,0,0,0,0,0,0
00BDGG0028,E00019435,0,0,0,0,0,0
00BDGG0001,E00019408,0,0,0,0,0,0
00BDGG0009,E00019416,0,0,0,0,0,0
00BDGG0015,E00019422,0,0,0,0,0,0
00BDGG0020,E00019427,0,0,0,0,0,0
00BDGG0010,E00019417,0,0,0,0,0,0
00BDGE0026,E00019361,0,0,0,0,0,0
00AJGE0008,E00006064,0,0,0,0,0,0
00BDGG0036,E00019443,0,0,0,0,0,0
00BDGG0026,E00019433,0,0,0,0,0,0
00BDGG0006,E00019413,0,0,0,0,0,0
00BDGE0028,E00019363,0,0,0,0,0,0
00BDGG0035,E00019442,0,0,0,0,0,0
00BDGG0034,E00019441,0,0,0,0,0,0
00BDGG0008,E00019415,0,0,0,0,0,0
00BDGG0024,E00019431,0,0,0,0,0,0
00BDGG0014,E00019421,0,0,0,0,0,0
00BDGG0017,E00019424,0,0,0,0,0,0
00BDGG0022,E00019429,0,0,0,0,0,0
00BDGG0005,E00019412,0,0,0,0,0,0
00BDGG0007,E00019414,0,0,0,0,0,0
00BDGF0032,E00019401,0,0,0,0,0,0
00BDGF0033,E00019402,0,0,0,0,0,0
00BDGF0036,E00019405,0,0,0,0,0,0
00BDGE0018,E00019353,0,0,0,0,0,0
00BDGE0021,E00019356,0,0,0,0,0,0
00BDGE0002,E00019337,0,0,0,0,0,0
00BDGE0025,E00019360,0,0,0,0,0,0
00BDGE0001,E00019336,0,0,0,0,0,0
00BDGE0004,E00019339,0,0,0,0,0,0
00BDGE0003,E00019338,0,0,0,0,0,0
00BDGF0012,E00019381,0,0,0,0,0,0
00BDGE0023,E00019358,0,0,0,0,0,0
00BDGE0024,E00019359,0,0,0,0,0,0
00BDGE0027,E00019362,0,0,0,0,0,0
00ATGS0015,E00013325,0,0,0,0,0,0
00ATGS0023,E00013333,0,0,0,0,0,0
00ATGS0019,E00013329,0,0,0,0,0,0
00ATGS0024,E00013334,0,0,0,0,0,0
00BDGE0016,E00019351,0,0,0,0,0,0
00BDGE0009,E00019344,0,0,0,0,0,0
00AWGD0020,E00014240,0,0,0,0,0,0
00BDGE0011,E00019346,0,0,0,0,0,0
00BDGE0020,E00019355,0,0,0,0,0,0
00BDGE0010,E00019345,0,0,0,0,0,0
00BDGE0019,E00019354,0,0,0,0,0,0
00BDGE0014,E00019349,0,0,0,0,0,0
00BDGE0008,E00019343,0,0,0,0,0,0
00BDGE0007,E00019342,0,0,0,0,0,0
00BDGE0012,E00019347,0,0,0,0,0,0
00BDGE0030,E00019365,0,0,0,0,0,0
00BDGE0005,E00019340,0,0,0,0,0,0
00BDGE0006,E00019341,0,0,0,0,0,0
00BDGE0034,E00019369,0,0,0,0,0,0
00BDGE0031,E00019366,0,0,0,0,0,0
00BDGE0032,E00019367,0,0,0,0,0,0
00BDGE0033,E00019368,0,0,0,0,0,0
00ATGB0031,E00012849,0,0,0,0,0,0
00ATGB0030,E00012848,0,0,0,0,0,0
00BDFX0026,E00019135,0,0,0,0,0,0
00BJGL0036,E00023036,0,0,0,0,0,0
00BDFX0022,E00019131,0,0,0,0,0,0
00BDFX0024,E00019133,0,0,0,0,0,0
00AJGE0013,E00006069,0,0,0,0,0,0
00BDFX0025,E00019134,0,0,0,0,0,0
00BDFX0027,E00019136,0,0,0,0,0,0
00BDFX0023,E00019132,0,0,0,0,0,0
00BDFX0015,E00019124,0,0,0,0,0,0
00BDFX0001,E00019110,0,0,0,0,0,0
00ATGA0014,E00012796,0,0,0,0,0,0
00BJGL0032,E00023032,0,0,0,0,0,0
00BJGL0002,E00023002,0,0,0,0,0,0
00BJGU0041,E00023407,0,0,0,0,0,0
00ATGJ0023,E00013076,0,0,0,0,0,0
00BJGU0040,E00023406,0,0,0,0,0,0
00BJGU0042,E00023408,0,0,0,0,0,0
00BDFX0019,E00019128,0,0,0,0,0,0
00BDGG0023,E00019430,0,0,0,0,0,0
00ATGB0024,E00012842,0,0,0,0,0,0
00ATGB0029,E00012847,0,0,0,0,0,0
00BDGF0019,E00019388,0,0,0,0,0,0
00BDFX0018,E00019127,0,0,0,0,0,0
00BDGG0021,E00019428,0,0,0,0,0,0
00BDGG0004,E00019411,0,0,0,0,0,0
00BDGF0015,E00019384,0,0,0,0,0,0
00BDGE0022,E00019357,0,0,0,0,0,0
00BDFW0022,E00019098,0,0,0,0,0,0
00BDFW0027,E00019103,0,0,0,0,0,0
00BDFW0029,E00019105,0,0,0,0,0,0
00BDFW0026,E00019102,0,0,0,0,0,0
00BDFW0021,E00019097,0,0,0,0,0,0
00BDFW0024,E00019100,0,0,0,0,0,0
00BDFW0025,E00019101,0,0,0,0,0,0
00BDFW0023,E00019099,0,0,0,0,0,0
00ATGB0004,E00012822,0,0,0,0,0,0
00ATGB0034,E00012852,0,0,0,0,0,0
00ATGB0028,E00012846,0,0,0,0,0,0
00ATGB0035,E00012853,0,0,0,0,0,0
00BDFW0014,E00019090,0,0,0,0,0,0
00ATGK0004,E00013088,0,0,0,0,0,0
00BDFX0004,E00019113,0,0,0,0,0,0
00BDFX0007,E00019116,0,0,0,0,0,0
00BDFX0010,E00019119,0,0,0,0,0,0
00BDFX0016,E00019125,0,0,0,0,0,0
00BDFX0017,E00019126,0,0,0,0,0,0
00BDFX0009,E00019118,0,0,0,0,0,0
00BDFX0013,E00019122,0,0,0,0,0,0
00BDFX0008,E00019117,0,0,0,0,0,0
00BDFX0005,E00019114,0,0,0,0,0,0
00BDFX0011,E00019120,0,0,0,0,0,0
00AJGU0022,E00006662,0,0,0,0,0,0
00BDFX0012,E00019121,0,0,0,0,0,0
00BDGF0014,E00019383,0,0,0,0,0,0
00BDFX0014,E00019123,0,0,0,0,0,0
00BDGF0002,E00019371,0,0,0,0,0,0
00BJGL0035,E00023035,0,0,0,0,0,0
00BDGF0021,E00019390,0,0,0,0,0,0
00BDGF0006,E00019375,0,0,0,0,0,0
00BDGF0026,E00019395,0,0,0,0,0,0
00BDGF0007,E00019376,0,0,0,0,0,0
00BDGF0038,E00019407,0,0,0,0,0,0
00AJGU0020,E00006660,0,0,0,0,0,0
00BDGF0016,E00019385,0,0,0,0,0,0
00BDGF0009,E00019378,0,0,0,0,0,0
00BDGF0010,E00019379,0,0,0,0,0,0
00BDGF0004,E00019373,0,0,0,0,0,0
00BDGF0017,E00019386,0,0,0,0,0,0
00BDGF0013,E00019382,0,0,0,0,0,0
00BDGF0011,E00019380,0,0,0,0,0,0
00BDGF0023,E00019392,0,0,0,0,0,0
00AJGU0017,E00006657,0,0,0,0,0,0
00BDGF0001,E00019370,0,0,0,0,0,0
00AJGU0018,E00006658,0,0,0,0,0,0
00AJGM0048,E00006399,0,0,0,0,0,0
00BDGF0024,E00019393,0,0,0,0,0,0
00BJGU0030,E00023396,0,0,0,0,0,0
00BDGF0025,E00019394,0,0,0,0,0,0
00BJGL0034,E00023034,0,0,0,0,0,0
00BDGF0020,E00019389,0,0,0,0,0,0
00BJGL0033,E00023033,0,0,0,0,0,0
00ATGR0004,E00013281,0,0,0,0,0,0
00ATGR0029,E00013306,0,0,0,0,0,0
00ATGS0012,E00013322,0,0,0,0,0,0
00AJGU0003,E00006643,0,0,0,0,0,0
00BDFW0028,E00019104,0,0,0,0,0,0
00AJGU0005,E00006645,0,0,0,0,0,0
00BJGU0033,E00023399,0,0,0,0,0,0
00BJGU0036,E00023402,0,0,0,0,0,0
00BDGF0027,E00019396,0,0,0,0,0,0
00BDGF0005,E00019374,0,0,0,0,0,0
00BDGF0008,E00019377,0,0,0,0,0,0
00BDGF0034,E00019403,0,0,0,0,0,0
00ATGB0033,E00012851,0,0,0,0,0,0
00BDGF0037,E00019406,0,0,0,0,0,0
00BDGF0003,E00019372,0,0,0,0,0,0
00ATGH0011,E00013034,0,0,0,0,0,0
00BDGF0030,E00019399,0,0,0,0,0,0
00BDGF0018,E00019387,0,0,0,0,0,0
00BDGF0022,E00019391,0,0,0,0,0,0
00ATGA0007,E00012789,0,0,0,0,0,0
00BDGF0031,E00019400,0,0,0,0,0,0
00BDFW0030,E00019106,0,0,0,0,0,0
00BDFW0031,E00019107,0,0,0,0,0,0
00ATGB0032,E00012850,0,0,0,0,0,0
00ATGB0003,E00012821,0,0,0,0,0,0
00ATGA0013,E00012795,0,0,0,0,0,0
00AJGJ0022,E00006247,0,0,0,0,0,0
00AJGJ0041,E00006266,0,0,0,0,0,0
00AJGJ0032,E00006257,0,0,0,0,0,0
00ATFZ0032,E00012777,0,0,0,0,0,0
00ATGB0002,E00012820,0,0,0,0,0,0
00ATGB0026,E00012844,0,0,0,0,0,0
00BDFW0019,E00019095,0,0,0,0,0,0
00BDFW0006,E00019082,0,0,0,0,0,0
00BDFW0012,E00019088,0,0,0,0,0,0
00ATGJ0002,E00013055,0,0,0,0,0,0
00ATGJ0006,E00013059,0,0,0,0,0,0
00AJGZ0006,E00006794,0,0,0,0,0,0
00ATGR0007,E00013284,0,0,0,0,0,0
00ATGJ0003,E00013056,0,0,0,0,0,0
00ATGJ0005,E00013058,0,0,0,0,0,0
00ATGJ0025,E00013078,0,0,0,0,0,0
00AJGZ0010,E00006798,0,0,0,0,0,0
00AJGZ0017,E00006805,0,0,0,0,0,0
00AJGZ0029,E00006817,0,0,0,0,0,0
00AJGY0010,E00006769,0,0,0,0,0,0
00AJGZ0002,E00006790,0,0,0,0,0,0
00AJGZ0030,E00006818,0,0,0,0,0,0
00AJGU0009,E00006649,0,0,0,0,0,0
00AJGY0025,E00006784,0,0,0,0,0,0
00ATGJ0030,E00013083,0,0,0,0,0,0
00AJGC0024,E00005989,0,0,0,0,0,0
00ATGJ0028,E00013081,0,0,0,0,0,0
00ATGJ0027,E00013080,0,0,0,0,0,0
00ATGJ0031,E00013084,0,0,0,0,0,0
00AJGU0021,E00006661,0,0,0,0,0,0
00AJGU0002,E00006642,0,0,0,0,0,0
00ATGJ0004,E00013057,0,0,0,0,0,0
00AJGU0023,E00006663,0,0,0,0,0,0
00AJGY0003,E00006762,0,0,0,0,0,0
00ATGJ0026,E00013079,0,0,0,0,0,0
00ATGJ0021,E00013074,0,0,0,0,0,0
00AJGZ0007,E00006795,0,0,0,0,0,0
00AJGU0019,E00006659,0,0,0,0,0,0
00AJGU0006,E00006646,0,0,0,0,0,0
00AJGU0015,E00006655,0,0,0,0,0,0
00ATGB0027,E00012845,0,0,0,0,0,0
00AJGU0013,E00006653,0,0,0,0,0,0
00AJGU0012,E00006652,0,0,0,0,0,0
00AJGU0004,E00006644,0,0,0,0,0,0
00AJGU0031,E00006671,0,0,0,0,0,0
00AJGU0011,E00006651,0,0,0,0,0,0
00AJGU0016,E00006656,0,0,0,0,0,0
00AJGU0008,E00006648,0,0,0,0,0,0
00AJGU0010,E00006650,0,0,0,0,0,0
00AJGU0007,E00006647,0,0,0,0,0,0
00AJGU0014,E00006654,0,0,0,0,0,0
00AJGU0001,E00006641,0,0,0,0,0,0
00AJGU0029,E00006669,0,0,0,0,0,0
00AJGU0032,E00006672,0,0,0,0,0,0
00ATGR0033,E00013310,0,0,0,0,0,0
00ATGR0027,E00013304,0,0,0,0,0,0
00AJGJ0010,E00006235,0,0,0,0,0,0
00AJGJ0043,E00006268,0,0,0,0,0,0
00ATFZ0007,E00012752,0,0,0,0,0,0
00ATGS0011,E00013321,0,0,0,0,0,0
00ATFZ0011,E00012756,0,0,0,0,0,0
00ATFZ0015,E00012760,0,0,0,0,0,0
00ATFZ0033,E00012778,0,0,0,0,0,0
00ATFZ0034,E00012779,0,0,0,0,0,0
00AJGQ0021,E00006494,0,0,0,0,0,0
00AJGQ0014,E00006487,0,0,0,0,0,0
00ATFZ0014,E00012759,0,0,0,0,0,0
00AJGQ0028,E00006501,0,0,0,0,0,0
00AJGQ0034,E00006507,0,0,0,0,0,0
00AJGJ0040,E00006265,0,0,0,0,0,0
00AJGJ0039,E00006264,0,0,0,0,0,0
00AJGQ0026,E00006499,0,0,0,0,0,0
00AJGN0018,E00006417,0,0,0,0,0,0
00AJGQ0029,E00006502,0,0,0,0,0,0
00AJGQ0030,E00006503,0,0,0,0,0,0
00AJGJ0038,E00006263,0,0,0,0,0,0
00AJGQ0031,E00006504,0,0,0,0,0,0
00AJGJ0036,E00006261,0,0,0,0,0,0
00AJGN0015,E00006414,0,0,0,0,0,0
00AJGJ0033,E00006258,0,0,0,0,0,0
00AJGJ0042,E00006267,0,0,0,0,0,0
00AJHB0016,E00006882,0,0,0,0,0,0
00AJGQ0038,E00006511,0,0,0,0,0,0
00AJGQ0003,E00006476,0,0,0,0,0,0
00AJGJ0027,E00006252,0,0,0,0,0,0
00AJGQ0008,E00006481,0,0,0,0,0,0
00AJGJ0001,E00006226,0,0,0,0,0,0
00AJGJ0030,E00006255,0,0,0,0,0,0
00AJGJ0026,E00006251,0,0,0,0,0,0
00AJGJ0023,E00006248,0,0,0,0,0,0
00AJGD0002,E00006012,0,0,0,0,0,0
00AJGJ0024,E00006249,0,0,0,0,0,0
00AJGJ0025,E00006250,0,0,0,0,0,0
00AJGJ0028,E00006253,0,0,0,0,0,0
00AJGJ0034,E00006259,0,0,0,0,0,0
00AJGJ0031,E00006256,0,0,0,0,0,0
00AJGJ0035,E00006260,0,0,0,0,0,0
00AJGJ0002,E00006227,0,0,0,0,0,0
00AJGJ0029,E00006254,0,0,0,0,0,0
00ASHD0017,E00012655,0,0,0,0,0,0
00BKGP0022,E00023901,0,0,0,0,0,0
00AJGJ0037,E00006262,0,0,0,0,0,0
00AJGQ0007,E00006480,0,0,0,0,0,0
00AJGQ0042,E00006515,0,0,0,0,0,0
00AJGQ0004,E00006477,0,0,0,0,0,0
00AJGD0021,E00006031,0,0,0,0,0,0
00AJGQ0018,E00006491,0,0,0,0,0,0
00AJGQ0043,E00006516,0,0,0,0,0,0
00AJGQ0012,E00006485,0,0,0,0,0,0
00AJGQ0013,E00006486,0,0,0,0,0,0
00AJHB0006,E00006872,0,0,0,0,0,0
00AJHB0022,E00006888,0,0,0,0,0,0
00AJGQ0037,E00006510,0,0,0,0,0,0
00AJGQ0039,E00006512,0,0,0,0,0,0
00AJHB0021,E00006887,0,0,0,0,0,0
00AJGQ0001,E00006474,0,0,0,0,0,0
00AJGQ0041,E00006514,0,0,0,0,0,0
00AJHB0005,E00006871,0,0,0,0,0,0
00AJHB0018,E00006884,0,0,0,0,0,0
00AJGQ0025,E00006498,0,0,0,0,0,0
00AJGK0037,E00006306,0,0,0,0,0,0
00AJGK0038,E00006307,0,0,0,0,0,0
00AJHB0003,E00006869,0,0,0,0,0,0
00AJGK0039,E00006308,0,0,0,0,0,0
00AJGQ0016,E00006489,0,0,0,0,0,0
00AJGQ0006,E00006479,0,0,0,0,0,0
00AJHB0009,E00006875,0,0,0,0,0,0
00AJGQ0009,E00006482,0,0,0,0,0,0
00AJGQ0011,E00006484,0,0,0,0,0,0
00AJHB0017,E00006883,0,0,0,0,0,0
00AJGQ0035,E00006508,0,0,0,0,0,0
00AJHB0015,E00006881,0,0,0,0,0,0
00AJHB0040,E00006906,0,0,0,0,0,0
00AJHB0037,E00006903,0,0,0,0,0,0
00AJHB0038,E00006904,0,0,0,0,0,0
00AJGQ0036,E00006509,0,0,0,0,0,0
00AJHB0013,E00006879,0,0,0,0,0,0
00AJHB0001,E00006867,0,0,0,0,0,0
00BKGP0027,E00023906,0,0,0,0,0,0
00ATFZ0024,E00012769,0,0,0,0,0,0
00AJHB0011,E00006877,0,0,0,0,0,0
00AJHB0036,E00006902,0,0,0,0,0,0
00AJHB0042,E00006908,0,0,0,0,0,0
00AJGN0024,E00006423,0,0,0,0,0,0
00AJHB0008,E00006874,0,0,0,0,0,0
00AJHB0020,E00006886,0,0,0,0,0,0
00AJHB0014,E00006880,0,0,0,0,0,0
00AJHB0039,E00006905,0,0,0,0,0,0
00AJHB0007,E00006873,0,0,0,0,0,0
00AJGY0005,E00006764,0,0,0,0,0,0
00AJGJ0017,E00006242,0,0,0,0,0,0
00AJGY0022,E00006781,0,0,0,0,0,0
00AJGE0033,E00006089,0,0,0,0,0,0
00AJGY0029,E00006788,0,0,0,0,0,0
00AJGY0024,E00006783,0,0,0,0,0,0
00AJGY0007,E00006766,0,0,0,0,0,0
00AJGY0009,E00006768,0,0,0,0,0,0
00AJGU0028,E00006668,0,0,0,0,0,0
00AJGU0025,E00006665,0,0,0,0,0,0
00ATFZ0025,E00012770,0,0,0,0,0,0
00AJGU0027,E00006667,0,0,0,0,0,0
00AJGU0024,E00006664,0,0,0,0,0,0
00AJGY0015,E00006774,0,0,0,0,0,0
00AJGY0001,E00006760,0,0,0,0,0,0
00ASHD0036,E00012674,0,0,0,0,0,0
00AJGE0032,E00006088,0,0,0,0,0,0
00AJGE0026,E00006082,0,0,0,0,0,0
00AJGP0015,E00006457,0,0,0,0,0,0
00AJGE0015,E00006071,0,0,0,0,0,0
00AJGP0020,E00006462,0,0,0,0,0,0
00AJGP0012,E00006454,0,0,0,0,0,0
00AJGE0007,E00006063,0,0,0,0,0,0
00ASHD0020,E00012658,0,0,0,0,0,0
00ASHD0030,E00012668,0,0,0,0,0,0
00AJGT0038,E00006634,0,0,0,0,0,0
00AJGK0028,E00006297,0,0,0,0,0,0
00AJGE0025,E00006081,0,0,0,0,0,0
00AJGE0027,E00006083,0,0,0,0,0,0
00BJGC0035,E00022660,0,0,0,0,0,0
00AJGE0030,E00006086,0,0,0,0,0,0
00AJGE0031,E00006087,0,0,0,0,0,0
00AJGE0019,E00006075,0,0,0,0,0,0
00AJGE0021,E00006077,0,0,0,0,0,0
00AJGE0029,E00006085,0,0,0,0,0,0
00AJGE0023,E00006079,0,0,0,0,0,0
00AJGE0028,E00006084,0,0,0,0,0,0
00AJGE0034,E00006090,0,0,0,0,0,0
00AJGE0024,E00006080,0,0,0,0,0,0
00BKGP0028,E00023907,0,0,0,0,0,0
00AJGP0011,E00006453,0,0,0,0,0,0
00AJGP0021,E00006463,0,0,0,0,0,0
00AJGE0020,E00006076,0,0,0,0,0,0
00AJGP0017,E00006459,0,0,0,0,0,0
00AJGP0018,E00006460,0,0,0,0,0,0
00AJGE0014,E00006070,0,0,0,0,0,0
00AJGP0013,E00006455,0,0,0,0,0,0
00AJGE0011,E00006067,0,0,0,0,0,0
00AJGE0016,E00006072,0,0,0,0,0,0
00AJGE0005,E00006061,0,0,0,0,0,0
00AJGE0022,E00006078,0,0,0,0,0,0
00AJGE0017,E00006073,0,0,0,0,0,0
00AJGP0022,E00006464,0,0,0,0,0,0
00AJGP0019,E00006461,0,0,0,0,0,0
00AJGN0026,E00006425,0,0,0,0,0,0
00AJGP0014,E00006456,0,0,0,0,0,0
00AJGP0016,E00006458,0,0,0,0,0,0
00AJGE0010,E00006066,0,0,0,0,0,0
00AJGE0006,E00006062,0,0,0,0,0,0
00AJGE0018,E00006074,0,0,0,0,0,0
00AJGN0009,E00006408,0,0,0,0,0,0
00AJGP0007,E00006449,0,0,0,0,0,0
00AJGP0010,E00006452,0,0,0,0,0,0
00AJGP0003,E00006445,0,0,0,0,0,0
00AJGP0006,E00006448,0,0,0,0,0,0
00AJGE0004,E00006060,0,0,0,0,0,0
00AJGP0009,E00006451,0,0,0,0,0,0
00AJGN0016,E00006415,0,0,0,0,0,0
00AJGP0030,E00006472,0,0,0,0,0,0
00AJGP0004,E00006446,0,0,0,0,0,0
00AJGP0025,E00006467,0,0,0,0,0,0
00AJGP0008,E00006450,0,0,0,0,0,0
00AJGP0031,E00006473,0,0,0,0,0,0
00AJGE0003,E00006059,0,0,0,0,0,0
00AJGP0001,E00006443,0,0,0,0,0,0
00AJGP0002,E00006444,0,0,0,0,0,0
00AJGK0042,E00006311,0,0,0,0,0,0
00AJGP0029,E00006471,0,0,0,0,0,0
00AJHB0032,E00006898,0,0,0,0,0,0
00BKGP0029,E00023908,0,0,0,0,0,0
00AJGK0001,E00006270,0,0,0,0,0,0
00AJGP0024,E00006466,0,0,0,0,0,0
00AJGK0026,E00006295,0,0,0,0,0,0
00AJGK0019,E00006288,0,0,0,0,0,0
00AJGP0023,E00006465,0,0,0,0,0,0
00AJGP0028,E00006470,0,0,0,0,0,0
00AJGK0032,E00006301,0,0,0,0,0,0
00AJGK0035,E00006304,0,0,0,0,0,0
00AJGK0033,E00006302,0,0,0,0,0,0
00AJGK0036,E00006305,0,0,0,0,0,0
00AJGK0027,E00006296,0,0,0,0,0,0
00AJGE0002,E00006058,0,0,0,0,0,0
00AJGP0026,E00006468,0,0,0,0,0,0
00AJGE0001,E00006057,0,0,0,0,0,0
00AJHB0034,E00006900,0,0,0,0,0,0
00AJGP0005,E00006447,0,0,0,0,0,0
00AJGK0040,E00006309,0,0,0,0,0,0
00AJHB0028,E00006894,0,0,0,0,0,0
00AJGP0027,E00006469,0,0,0,0,0,0
00AJGK0041,E00006310,0,0,0,0,0,0
00AJGN0034,E00006433,0,0,0,0,0,0
00AJGN0042,E00006441,0,0,0,0,0,0
00AJGK0031,E00006300,0,0,0,0,0,0
00AJGK0034,E00006303,0,0,0,0,0,0
00AJGK0030,E00006299,0,0,0,0,0,0
00AJGU0026,E00006666,0,0,0,0,0,0
00AJGJ0020,E00006245,0,0,0,0,0,0
00AJGJ0007,E00006232,0,0,0,0,0,0
00AJGJ0008,E00006233,0,0,0,0,0,0
00AJHB0029,E00006895,0,0,0,0,0,0
00AJHB0031,E00006897,0,0,0,0,0,0
00AJHB0033,E00006899,0,0,0,0,0,0
00AJGJ0018,E00006243,0,0,0,0,0,0
00AJHB0012,E00006878,0,0,0,0,0,0
00AJHB0035,E00006901,0,0,0,0,0,0
00AJHB0030,E00006896,0,0,0,0,0,0
00AJHB0002,E00006868,0,0,0,0,0,0
00ANGC0039,E00009353,0,0,0,0,0,0
00AJGJ0004,E00006229,0,0,0,0,0,0
00AJHB0026,E00006892,0,0,0,0,0,0
00AJGJ0019,E00006244,0,0,0,0,0,0
00AJGJ0021,E00006246,0,0,0,0,0,0
00AJGJ0006,E00006231,0,0,0,0,0,0
00AJGN0021,E00006420,0,0,0,0,0,0
00AJGN0005,E00006404,0,0,0,0,0,0
00AJGN0004,E00006403,0,0,0,0,0,0
00AJGN0008,E00006407,0,0,0,0,0,0
00AJGN0025,E00006424,0,0,0,0,0,0
00AJGN0012,E00006411,0,0,0,0,0,0
00AJGN0006,E00006405,0,0,0,0,0,0
00AJGN0028,E00006427,0,0,0,0,0,0
00AJGN0037,E00006436,0,0,0,0,0,0
00AJGN0035,E00006434,0,0,0,0,0,0
00AJGN0039,E00006438,0,0,0,0,0,0
00AJGN0020,E00006419,0,0,0,0,0,0
00AJGN0022,E00006421,0,0,0,0,0,0
00AJGD0028,E00006038,0,0,0,0,0,0
00AJGJ0009,E00006234,0,0,0,0,0,0
00AJGN0023,E00006422,0,0,0,0,0,0
00AJGJ0044,E00006269,0,0,0,0,0,0
00AJGJ0014,E00006239,0,0,0,0,0,0
00AJGJ0013,E00006238,0,0,0,0,0,0
00AJGJ0012,E00006237,0,0,0,0,0,0
00AJGD0025,E00006035,0,0,0,0,0,0
00AJGN0040,E00006439,0,0,0,0,0,0
00AJGN0043,E00006442,0,0,0,0,0,0
00AJGN0014,E00006413,0,0,0,0,0,0
00BKGE0002,E00023564,0,1,0,1,0,1
00AJGN0011,E00006410,0,0,0,0,0,0
00AJGN0019,E00006418,0,0,0,0,0,0
00AJGN0003,E00006402,0,0,0,0,0,0
00AJGD0024,E00006034,0,0,0,0,0,0
00AJGD0020,E00006030,0,0,0,0,0,0
00AWGC0026,E00014207,0,0,0,0,0,0
00AJGN0017,E00006416,0,0,0,0,0,0
00AJGN0010,E00006409,0,0,0,0,0,0
00AJGN0013,E00006412,0,0,0,0,0,0
00AJGD0023,E00006033,0,0,0,0,0,0
00AJGD0030,E00006040,0,0,0,0,0,0
00AJGF0027,E00006117,0,0,0,0,0,0
00AJGJ0003,E00006228,0,0,0,0,0,0
00AJGF0035,E00006125,0,0,0,0,0,0
00AJGD0022,E00006032,0,0,0,0,0,0
00AJGJ0016,E00006241,0,0,0,0,0,0
00AJGJ0005,E00006230,0,0,0,0,0,0
00AJGF0038,E00006128,0,0,0,0,0,0
00AJGD0029,E00006039,0,0,0,0,0,0
00AJGF0009,E00006099,0,0,0,0,0,0
00AJGF0039,E00006129,0,0,0,0,0,0
00AJGF0040,E00006130,0,0,0,0,0,0
00AJHB0025,E00006891,0,0,0,0,0,0
00AJGD0027,E00006037,0,0,0,0,0,0
00AJGF0031,E00006121,0,0,0,0,0,0
00AJGD0001,E00006011,0,0,0,0,0,0
00AJGF0016,E00006106,0,0,0,0,0,0
00ATFZ0021,E00012766,0,0,0,0,0,0
00AJGF0021,E00006111,0,0,0,0,0,0
00AJGF0029,E00006119,0,0,0,0,0,0
00AJGF0020,E00006110,0,0,0,0,0,0
00AJGD0045,E00006055,0,0,0,0,0,0
00AJGD0003,E00006013,0,0,0,0,0,0
00AJGD0040,E00006050,0,0,0,0,0,0
00AJGD0037,E00006047,0,0,0,0,0,0
00AJGD0035,E00006045,0,0,0,0,0,0
00AJGD0034,E00006044,0,0,0,0,0,0
00AJGD0031,E00006041,0,0,0,0,0,0
00AJGN0029,E00006428,0,0,0,0,0,0
00ATGS0013,E00013323,0,0,0,0,0,0
00AJGF0028,E00006118,0,0,0,0,0,0
00AJGF0007,E00006097,0,0,0,0,0,0
00AJGF0012,E00006102,0,0,0,0,0,0
00AJGD0026,E00006036,0,0,0,0,0,0
00AJGD0018,E00006028,0,0,0,0,0,0
00AJGF0004,E00006094,0,0,0,0,0,0
00AJGF0030,E00006120,0,0,0,0,0,0
00AJGF0025,E00006115,0,0,0,0,0,0
00AJGN0033,E00006432,0,0,0,0,0,0
00ATFZ0001,E00012746,0,0,0,0,0,0
00ATFZ0028,E00012773,0,0,0,0,0,0
00ATGS0017,E00013327,0,0,0,0,0,0
00ATGB0011,E00012829,0,0,0,0,0,0
00ATGB0001,E00012819,0,0,0,0,0,0
00AJGF0022,E00006112,0,0,0,0,0,0
00AJGF0019,E00006109,0,0,0,0,0,0
00AJGN0036,E00006435,0,0,0,0,0,0
00AJGF0024,E00006114,0,0,0,0,0,0
00AJGF0033,E00006123,0,0,0,0,0,0
00AJGF0026,E00006116,0,0,0,0,0,0
00AJGN0041,E00006440,0,0,0,0,0,0
00BJGC0006,E00022631,0,0,0,0,0,0
00AJGN0001,E00006400,0,0,0,0,0,0
00AJGN0032,E00006431,0,0,0,0,0,0
00AJGN0007,E00006406,0,0,0,0,0,0
00AJGQ0024,E00006497,0,0,0,0,0,0
00AJGQ0033,E00006506,0,0,0,0,0,0
00AJGN0030,E00006429,0,0,0,0,0,0
00AJGN0038,E00006437,0,0,0,0,0,0
00AJGD0014,E00006024,0,0,0,0,0,0
00AJGD0007,E00006017,0,0,0,0,0,0
00AJGD0013,E00006023,0,0,0,0,0,0
00AJGD0019,E00006029,0,0,0,0,0,0
00AJGN0002,E00006401,0,0,0,0,0,0
00AJGQ0002,E00006475,0,0,0,0,0,0
00AJGN0027,E00006426,0,0,0,0,0,0
00AJGD0036,E00006046,0,0,0,0,0,0
00AJGD0038,E00006048,0,0,0,0,0,0
00AJGD0043,E00006053,0,0,0,0,0,0
00AJGD0016,E00006026,0,0,0,0,0,0
00AJGD0042,E00006052,0,0,0,0,0,0
00AJGD0044,E00006054,0,0,0,0,0,0
00AJGD0015,E00006025,0,0,0,0,0,0
00AJGD0046,E00006056,0,0,0,0,0,0
00AJGD0039,E00006049,0,0,0,0,0,0
00AJGD0004,E00006014,0,0,0,0,0,0
00AJGF0045,E00006135,0,0,0,0,0,0
00AJGD0005,E00006015,0,0,0,0,0,0
00ATFZ0009,E00012754,0,0,0,0,0,0
00AJGD0011,E00006021,0,0,0,0,0,0
00AJGD0009,E00006019,0,0,0,0,0,0
00ATGB0023,E00012841,0,0,0,0,0,0
00ATGB0012,E00012830,0,0,0,0,0,0
00ATFZ0027,E00012772,0,0,0,0,0,0
00ATFZ0026,E00012771,0,0,0,0,0,0
00BDGE0029,E00019364,0,0,0,0,0,0
00ATGB0014,E00012832,0,0,0,0,0,0
00ATGB0015,E00012833,0,0,0,0,0,0
00ATFZ0010,E00012755,0,0,0,0,0,0
00BKGP0037,E00023916,0,1,0,1,0,1
00ATFZ0012,E00012757,0,0,0,0,0,0
00ATFZ0005,E00012750,0,0,0,0,0,0
00AJGQ0027,E00006500,0,0,0,0,0,0
00ATFZ0036,E00012781,0,0,0,0,0,0
00AJGQ0032,E00006505,0,0,0,0,0,0
00AJGQ0020,E00006493,0,0,0,0,0,0
00AJHB0019,E00006885,0,0,0,0,0,0
00AJGQ0005,E00006478,0,0,0,0,0,0
00AJGQ0040,E00006513,0,0,0,0,0,0
00ATFZ0022,E00012767,0,0,0,0,0,0
00AJGQ0010,E00006483,0,0,0,0,0,0
00AJHB0004,E00006870,0,0,0,0,0,0
00AJHB0041,E00006907,0,0,0,0,0,0
00AJHB0010,E00006876,0,0,0,0,0,0
00ATFZ0006,E00012751,0,0,0,0,0,0
00BKGE0018,E00023580,0,0,0,0,0,1
00ATFZ0002,E00012747,0,0,0,0,0,0
00BJGK0001,E00022952,0,0,0,0,0,0
00AWGP0029,E00014609,0,0,0,0,0,0
00ATFZ0018,E00012763,0,0,0,0,0,0
00AWGP0016,E00014596,0,0,0,0,0,0
00BJGK0020,E00022971,0,0,0,0,0,0
00BJGK0021,E00022972,0,0,0,0,0,0
00BJGK0023,E00022974,0,0,0,0,0,0
00ATFZ0019,E00012764,0,0,0,0,0,0
00ATFZ0023,E00012768,0,0,0,0,0,0
00ATFZ0020,E00012765,0,0,0,0,0,0
00AJGQ0017,E00006490,0,0,0,0,0,0
00ATFZ0008,E00012753,0,0,0,0,0,0
00ATFZ0031,E00012776,0,0,0,0,0,0
00ATFZ0035,E00012780,0,0,0,0,0,0
00AJGQ0019,E00006492,0,0,0,0,0,0
00AJGQ0022,E00006495,0,0,0,0,0,0
00ATGT0028,E00013371,0,0,0,0,0,0
00ATFZ0030,E00012775,0,0,0,0,0,0
00ATFZ0017,E00012762,0,0,0,0,0,0
00ATFZ0013,E00012758,0,0,0,0,0,0
00ATFZ0029,E00012774,0,0,0,0,0,0
00ATFZ0016,E00012761,0,0,0,0,0,0
00ATGB0037,E00012855,0,0,0,0,0,0
00ATGB0007,E00012825,0,0,0,0,0,0
00ATGB0010,E00012828,0,0,0,0,0,0
00ATGB0006,E00012824,0,0,0,0,0,0
00ATGB0016,E00012834,0,0,0,0,0,0
00ATGB0036,E00012854,0,0,0,0,0,0
00ATGB0022,E00012840,0,0,0,0,0,0
00ATGB0008,E00012826,0,0,0,0,0,0
00ATGB0020,E00012838,0,0,0,0,0,0
00ATGB0038,E00012856,0,0,0,0,0,0
00ATGB0009,E00012827,0,0,0,0,0,0
00ATGB0039,E00012857,0,0,0,0,0,0
00ATGB0017,E00012835,0,0,0,0,0,0
00ATGT0021,E00013364,0,0,0,0,0,0
00ATGT0018,E00013361,0,0,0,0,0,0
00ATGT0015,E00013358,0,0,0,0,0,0
00ATGT0029,E00013372,0,0,0,0,0,0
00ATGA0003,E00012785,0,0,0,0,0,0
00ATGT0036,E00013379,0,0,0,0,0,0
00ATGT0007,E00013350,0,0,0,0,0,0
00ATGT0040,E00013383,0,0,0,0,0,0
00ATGT0014,E00013357,0,0,0,0,0,0
00ATGT0008,E00013351,0,0,0,0,0,0
00AJGG0021,E00006156,0,0,0,0,0,0
00AJGQ0015,E00006488,0,0,0,0,0,0
00AJGG0019,E00006154,0,0,0,0,0,0
00AJGG0007,E00006142,0,0,0,0,0,0
00AJGG0024,E00006159,0,0,0,0,0,0
00AJGG0025,E00006160,0,0,0,0,0,0
00AJGG0026,E00006161,0,0,0,0,0,0
00AJGG0004,E00006139,0,0,0,0,0,0
00AJGG0006,E00006141,0,0,0,0,0,0
00AJGG0027,E00006162,0,0,0,0,0,0
00AJGG0022,E00006157,0,0,0,0,0,0
00AJGG0009,E00006144,0,0,0,0,0,0
00AJGG0023,E00006158,0,0,0,0,0,0
00AJGG0005,E00006140,0,0,0,0,0,0
00AJGG0016,E00006151,0,0,0,0,0,0
00AJGG0018,E00006153,0,0,0,0,0,0
00AJGG0045,E00006180,0,0,0,0,0,0
00AJGG0008,E00006143,0,0,0,0,0,0
00AJGG0013,E00006148,0,0,0,0,0,0
00AJGG0020,E00006155,0,0,0,0,0,0
00AJGG0015,E00006150,0,0,0,0,0,0
00AJGG0010,E00006145,0,0,0,0,0,0
00ANGM0022,E00009665,0,0,0,0,0,0
00AJGX0038,E00006750,0,0,0,0,0,0
00AJGG0011,E00006146,0,0,0,0,0,0
00ATGT0035,E00013378,0,0,0,0,0,0
00AJGG0014,E00006149,0,0,0,0,0,0
00ATGT0032,E00013375,0,0,0,0,0,0
00ATGT0033,E00013376,0,0,0,0,0,0
00AJGG0017,E00006152,0,0,0,0,0,0
00AJGX0022,E00006734,0,0,0,0,0,0
00AJGX0019,E00006731,0,0,0,0,0,0
00AJGX0002,E00006714,0,0,0,0,0,0
00AJGX0041,E00006753,0,0,0,0,0,0
00AJGX0013,E00006725,0,0,0,0,0,0
00AJGX0045,E00006757,0,0,0,0,0,0
00AJGX0047,E00006759,0,0,0,0,0,0
00ATGB0005,E00012823,0,0,0,0,0,0
00BDFW0020,E00019096,0,0,0,0,0,0
00ATGA0005,E00012787,0,0,0,0,0,0
00BDFW0009,E00019085,0,0,0,0,0,0
00BDFW0001,E00019077,0,0,0,0,0,0
00ATGB0018,E00012836,0,0,0,0,0,0
00ATGB0019,E00012837,0,0,0,0,0,0
00ATGA0001,E00012783,0,0,0,0,0,0
00ATGT0034,E00013377,0,0,0,0,0,0
00ATGA0006,E00012788,0,0,0,0,0,0
00ATGA0004,E00012786,0,0,0,0,0,0
00AJHA0036,E00006855,0,0,0,0,0,0
00ATGB0013,E00012831,0,0,0,0,0,0
00ATGT0001,E00013344,0,0,0,0,0,0
00AJHA0038,E00006857,0,0,0,0,0,0
00AJGX0025,E00006737,0,0,0,0,0,0
00AJHA0002,E00006821,0,0,0,0,0,0
00AJGX0017,E00006729,0,0,0,0,0,0
00AJGX0024,E00006736,0,0,0,0,0,0
00AJGX0016,E00006728,0,0,0,0,0,0
00AJGX0042,E00006754,0,0,0,0,0,0
00AJGX0021,E00006733,0,0,0,0,0,0
00AJHA0029,E00006848,0,0,0,0,0,0
00AJGX0014,E00006726,0,0,0,0,0,0
00AJGX0040,E00006752,0,0,0,0,0,0
00AJGX0046,E00006758,0,0,0,0,0,0
00ATGT0019,E00013362,0,0,0,0,0,0
00AJHA0011,E00006830,0,0,0,0,0,0
00ATGT0022,E00013365,0,0,0,0,0,0
00ATGT0003,E00013346,0,0,0,0,0,0
00ATGT0031,E00013374,0,0,0,0,0,0
00ATGT0004,E00013347,0,0,0,0,0,0
00ATGT0027,E00013370,0,0,0,0,0,0
00ATGT0013,E00013356,0,0,0,0,0,0
00ATGT0020,E00013363,0,0,0,0,0,0
00ATGT0017,E00013360,0,0,0,0,0,0
00AJHA0034,E00006853,0,0,0,0,0,0
00ATGT0025,E00013368,0,0,0,0,0,0
00ATGT0011,E00013354,0,0,0,0,0,0
00ATGT0026,E00013369,0,0,0,0,0,0
00ATGT0010,E00013353,0,0,0,0,0,0
00ATGT0030,E00013373,0,0,0,0,0,0
00ATGA0034,E00012816,0,0,0,0,0,0
00ATGT0041,E00013384,0,0,0,0,0,0
00ATGT0023,E00013366,0,0,0,0,0,0
00ATGT0024,E00013367,0,0,0,0,0,0
00ATGT0016,E00013359,0,0,0,0,0,0
00ATGT0012,E00013355,0,0,0,0,0,0
00ATGT0039,E00013382,0,0,0,0,0,0
00AJHA0040,E00006859,0,0,0,0,0,0
00AJHA0041,E00006860,0,0,0,0,0,0
00ANGM0023,E00009666,0,0,0,0,0,0
00ATGA0027,E00012809,0,0,0,0,0,0
00AJHA0033,E00006852,0,0,0,0,0,0
00ANGM0024,E00009667,0,0,0,0,0,0
00ATGT0006,E00013349,0,0,0,0,0,0
00ATGT0009,E00013352,0,0,0,0,0,0
00ATGT0037,E00013380,0,0,0,0,0,0
00ATGA0021,E00012803,0,0,0,0,0,0
00ATGA0026,E00012808,0,0,0,0,0,0
00AJHA0003,E00006822,0,0,0,0,0,0
00ATGA0031,E00012813,0,0,0,0,0,0
00ATGT0005,E00013348,0,0,0,0,0,0
00ANGM0016,E00009659,0,0,0,0,0,0
00AJHA0028,E00006847,0,0,0,0,0,0
00AJHA0020,E00006839,0,0,0,0,0,0
00ATGT0038,E00013381,0,0,0,0,0,0
00AJHA0032,E00006851,0,0,0,0,0,0
00ATGA0035,E00012817,0,0,0,0,0,0
00ATGA0022,E00012804,0,0,0,0,0,0
00ATGA0024,E00012806,0,0,0,0,0,0
00ATGA0036,E00012818,0,0,0,0,0,0
00ATGA0002,E00012784,0,0,0,0,0,0
00ATGA0032,E00012814,0,0,0,0,0,0
00ANGM0017,E00009660,0,0,0,0,0,0
00ATGA0033,E00012815,0,0,0,0,0,0
00ANGM0029,E00009672,0,0,0,0,0,0
00ANGM0030,E00009673,0,0,0,0,0,0
00ATGA0030,E00012812,0,0,0,0,0,0
00ATGA0017,E00012799,0,0,0,0,0,0
00ATGA0029,E00012811,0,0,0,0,0,0
00ATGA0028,E00012810,0,0,0,0,0,0
00ATGA0023,E00012805,0,0,0,0,0,0
00ATGA0025,E00012807,0,0,0,0,0,0
00ANGM0028,E00009671,0,0,0,0,0,0
00ATGA0020,E00012802,0,0,0,0,0,0
00ANGM0027,E00009670,0,0,0,0,0,0
00ANGM0015,E00009658,0,0,0,0,0,0
00ANGM0025,E00009668,0,0,0,0,0,0
00AJHA0026,E00006845,0,0,0,0,0,0
00AJHA0030,E00006849,0,0,0,0,0,0
00AJHA0024,E00006843,0,0,0,0,0,0
00AJHA0042,E00006861,0,0,0,0,0,0
00AJHA0008,E00006827,0,0,0,0,0,0
00AJGX0008,E00006720,0,0,0,0,0,0
00AJHA0006,E00006825,0,0,0,0,0,0
00AJHA0037,E00006856,0,0,0,0,0,0
00AJHA0035,E00006854,0,0,0,0,0,0
00BJGC0002,E00022627,0,0,0,0,0,0
00AJHA0039,E00006858,0,0,0,0,0,0
00AJHA0018,E00006837,0,0,0,0,0,0
00AJHA0013,E00006832,0,0,0,0,0,0
00AJHA0019,E00006838,0,0,0,0,0,0
00AJHA0007,E00006826,0,0,0,0,0,0
00AJHA0047,E00006866,0,0,0,0,0,0
00AJHA0027,E00006846,0,0,0,0,0,0
00AJHA0014,E00006833,0,0,0,0,0,0
00BJGC0049,E00022674,0,0,0,0,0,0
00AJHA0017,E00006836,0,0,0,0,0,0
00AJHA0016,E00006835,0,0,0,0,0,0
00AJHA0021,E00006840,0,0,0,0,0,0
00AJHA0022,E00006841,0,0,0,0,0,0
00AJHA0023,E00006842,0,0,0,0,0,0
00AJHA0001,E00006820,0,0,0,0,0,0
00AJHA0010,E00006829,0,0,0,0,0,0
00AJHA0012,E00006831,0,0,0,0,0,0
00ATGA0016,E00012798,0,0,0,0,0,0
00AJHA0015,E00006834,0,0,0,0,0,0
00ANGB0020,E00009290,0,0,0,0,0,0
00AJGX0006,E00006718,0,0,0,0,0,0
00AJGX0007,E00006719,0,0,0,0,0,0
00AJGX0001,E00006713,0,0,0,0,0,0
00AJHA0046,E00006865,0,0,0,0,0,0
00AJGC0005,E00005970,0,0,0,0,0,0
00AJGX0005,E00006717,0,0,0,0,0,0
00AJGX0044,E00006756,0,0,0,0,0,0
00AJHA0005,E00006824,0,0,0,0,0,0
00AJHA0009,E00006828,0,0,0,0,0,0
00AJGH0006,E00006186,0,0,0,0,0,0
00ANGM0004,E00009647,0,0,0,0,0,0
00AJHA0044,E00006863,0,0,0,0,0,0
00AJGH0045,E00006225,0,0,0,0,0,0
00AJHA0043,E00006862,0,0,0,0,0,0
00ATGA0015,E00012797,0,0,0,0,0,0
00ATGA0019,E00012801,0,0,0,0,0,0
00ATGA0018,E00012800,0,0,0,0,0,0
00ANGM0034,E00009677,0,0,0,0,0,0
00ANGM0035,E00009678,0,0,0,0,0,0
00ANGM0037,E00009680,0,0,0,0,0,0
00ANGM0033,E00009676,0,0,0,0,0,0
00ANGB0035,E00009305,0,0,0,0,0,0
00ANGB0040,E00009310,0,0,0,0,0,0
00ANGB0041,E00009311,0,0,0,0,0,0
00ANGM0032,E00009675,0,0,0,0,0,0
00ANGB0042,E00009312,0,0,0,0,0,0
00ANGM0002,E00009645,0,0,0,0,0,0
00ANGB0022,E00009292,0,0,0,0,0,0
00ANGM0007,E00009650,0,0,0,0,0,0
00ANGB0003,E00009273,0,0,0,0,0,0
00ANGB0027,E00009297,0,0,0,0,0,0
00ANGM0031,E00009674,0,0,0,0,0,0
00ANGB0021,E00009291,0,0,0,0,0,0
00ANGB0034,E00009304,0,0,0,0,0,0
00AJGH0008,E00006188,0,0,0,0,0,0
00ANGR0032,E00009825,0,0,0,0,0,0
00ANGB0038,E00009308,0,0,0,0,0,0
00ANGB0002,E00009272,0,0,0,0,0,0
00AJGH0009,E00006189,0,0,0,0,0,0
00ANGB0032,E00009302,0,0,0,0,0,0
00ANGB0013,E00009283,0,0,0,0,0,0
00ANGB0031,E00009301,0,0,0,0,0,0
00AJGH0005,E00006185,0,0,0,0,0,0
00AJGH0007,E00006187,0,0,0,0,0,0
00ANGB0004,E00009274,0,0,0,0,0,0
00AJGM0041,E00006392,0,0,0,0,0,0
00ANGB0033,E00009303,0,0,0,0,0,0
00AJGM0002,E00006353,0,0,0,0,0,0
00ANGB0007,E00009277,0,0,0,0,0,0
00ANGB0008,E00009278,0,0,0,0,0,0
00ANGB0015,E00009285,0,0,0,0,0,0
00ANGB0026,E00009296,0,0,0,0,0,0
00ANGB0018,E00009288,0,0,0,0,0,0
00ANGB0009,E00009279,0,0,0,0,0,0
00ANGB0016,E00009286,0,0,0,0,0,0
00ANGR0002,E00009795,0,0,0,0,0,0
00ANGB0019,E00009289,0,0,0,0,0,0
00AJGC0042,E00006007,0,0,0,0,0,0
00AJGH0035,E00006215,0,0,0,0,0,0
00AJGH0038,E00006218,0,0,0,0,0,0
00ANGB0017,E00009287,0,0,0,0,0,0
00AJGH0039,E00006219,0,0,0,0,0,0
00ANGR0017,E00009810,0,0,0,0,0,0
00ANGB0001,E00009271,0,0,0,0,0,0
00ANGR0026,E00009819,0,0,0,0,0,0
00ANGB0029,E00009299,0,0,0,0,0,0
00ANGB0030,E00009300,0,0,0,0,0,0
00ANGB0011,E00009281,0,0,0,0,0,0
00ANGB0006,E00009276,0,0,0,0,0,0
00ANGB0010,E00009280,0,0,0,0,0,0
00AJHB0043,E00006909,0,0,0,0,0,0
00AJHB0024,E00006890,0,0,0,0,0,0
00AJGG0042,E00006177,0,0,0,0,0,0
00AJGG0044,E00006179,0,0,0,0,0,0
00AJGG0040,E00006175,0,0,0,0,0,0
00AJGG0003,E00006138,0,0,0,0,0,0
00ANGR0020,E00009813,0,0,0,0,0,0
00ANGR0021,E00009814,0,0,0,0,0,0
00AJGX0004,E00006716,0,0,0,0,0,0
00AJGX0035,E00006747,0,0,0,0,0,0
00AJGG0034,E00006169,0,0,0,0,0,0
00AJGX0034,E00006746,0,0,0,0,0,0
00AJGX0037,E00006749,0,0,0,0,0,0
00AJGC0004,E00005969,0,0,0,0,0,0
00AJGX0036,E00006748,0,0,0,0,0,0
00AJHB0023,E00006889,0,0,0,0,0,0
00AJGF0003,E00006093,0,0,0,0,0,0
00AJGF0036,E00006126,0,0,0,0,0,0
00ANGR0025,E00009818,0,0,0,0,0,0
00AJGC0031,E00005996,0,0,0,0,0,0
00AJGF0034,E00006124,0,0,0,0,0,0
00AJGF0011,E00006101,0,0,0,0,0,0
00AJGM0043,E00006394,0,0,0,0,0,0
00AJGM0042,E00006393,0,0,0,0,0,0
00AJGF0037,E00006127,0,0,0,0,0,0
00AJGM0033,E00006384,0,0,0,0,0,0
00AJGM0026,E00006377,0,0,0,0,0,0
00AJGM0040,E00006391,0,0,0,0,0,0
00AJGM0001,E00006352,0,0,0,0,0,0
00AJGF0010,E00006100,0,0,0,0,0,0
00BJGP0037,E00023175,0,0,0,0,0,0
00AJGG0038,E00006173,0,0,0,0,0,0
00AJGG0039,E00006174,0,0,0,0,0,0
00AJGG0002,E00006137,0,0,0,0,0,0
00AJGG0036,E00006171,0,0,0,0,0,0
00AJGG0030,E00006165,0,0,0,0,0,0
00AJGG0033,E00006168,0,0,0,0,0,0
00AJGF0043,E00006133,0,0,0,0,0,0
00AJGG0032,E00006167,0,0,0,0,0,0
00AJGG0031,E00006166,0,0,0,0,0,0
00AJGG0035,E00006170,0,0,0,0,0,0
00AJGG0037,E00006172,0,0,0,0,0,0
00AJGG0029,E00006164,0,0,0,0,0,0
00AJGF0002,E00006092,0,0,0,0,0,0
00AJGF0032,E00006122,0,0,0,0,0,0
00AJGF0008,E00006098,0,0,0,0,0,0
00AJGF0018,E00006108,0,0,0,0,0,0
00AJGF0023,E00006113,0,0,0,0,0,0
00AJGM0015,E00006366,0,0,0,0,0,0
00AJGF0005,E00006095,0,0,0,0,0,0
00AJGF0015,E00006105,0,0,0,0,0,0
00AJGF0006,E00006096,0,0,0,0,0,0
00AJGG0001,E00006136,0,0,0,0,0,0
00AJGM0005,E00006356,0,0,0,0,0,0
00AJGM0013,E00006364,0,0,0,0,0,0
00AJGM0016,E00006367,0,0,0,0,0,0
00AJGG0028,E00006163,0,0,0,0,0,0
00AJGM0008,E00006359,0,0,0,0,0,0
00AJGM0009,E00006360,0,0,0,0,0,0
00AJGM0010,E00006361,0,0,0,0,0,0
00AJGM0006,E00006357,0,0,0,0,0,0
00AJGX0027,E00006739,0,0,0,0,0,0
00AJGM0012,E00006363,0,0,0,0,0,0
00AJGC0021,E00005986,0,0,0,0,0,0
00AJGX0029,E00006741,0,0,0,0,0,0
00AJGX0030,E00006742,0,0,0,0,0,0
00AJGX0032,E00006744,0,0,0,0,0,0
00AJGX0033,E00006745,0,0,0,0,0,0
00AJGC0001,E00005966,0,0,0,0,0,0
00AJGX0028,E00006740,0,0,0,0,0,0
00AJGX0031,E00006743,0,0,0,0,0,0
00AJGC0014,E00005979,0,0,0,0,0,0
00AJGM0011,E00006362,0,0,0,0,0,0
00AWGD0024,E00014244,0,0,0,0,0,0
00AJGC0011,E00005976,0,0,0,0,0,0
00AJGF0013,E00006103,0,0,0,0,0,0
00AJGF0001,E00006091,0,0,0,0,0,0
00AJGM0003,E00006354,0,0,0,0,0,0
00AJGM0004,E00006355,0,0,0,0,0,0
00AJGF0014,E00006104,0,0,0,0,0,0
00AJGM0038,E00006389,0,0,0,0,0,0
00AWGD0026,E00014246,0,0,0,0,0,0
00AJGM0007,E00006358,0,0,0,0,0,0
00AJGM0030,E00006381,0,0,0,0,0,0
00AJGM0037,E00006388,0,0,0,0,0,0
00AJGM0027,E00006378,0,0,0,0,0,0
00AJGM0028,E00006379,0,0,0,0,0,0
00AJGM0032,E00006383,0,0,0,0,0,0
00AJGM0039,E00006390,0,0,0,0,0,0
00AJGM0020,E00006371,0,0,0,0,0,0
00AJGM0031,E00006382,0,0,0,0,0,0
00AJGM0035,E00006386,0,0,0,0,0,0
00AJGM0046,E00006397,0,0,0,0,0,0
00AJGM0044,E00006395,0,0,0,0,0,0
00AJGM0047,E00006398,0,0,0,0,0,0
00AJGM0045,E00006396,0,0,0,0,0,0
00BJGT0027,E00023346,0,0,0,0,0,0
00AJGC0009,E00005974,0,0,0,0,0,0
00AJGC0008,E00005973,0,0,0,0,0,0
00AJGM0034,E00006385,0,0,0,0,0,0
00AJGM0036,E00006387,0,0,0,0,0,0
00AJGC0003,E00005968,0,0,0,0,0,0
00AJGC0039,E00006004,0,0,0,0,0,0
00AJGC0045,E00006010,0,0,0,0,0,0
00AJGC0022,E00005987,0,0,0,0,0,0
00AJGH0014,E00006194,0,0,0,0,0,0
00AJGH0043,E00006223,0,0,0,0,0,0
00AJGH0044,E00006224,0,0,0,0,0,0
00ANGR0028,E00009821,0,0,0,0,0,0
00ANGR0027,E00009820,0,0,0,0,0,0
00AJGC0007,E00005972,0,0,0,0,0,0
00ANGD0025,E00009383,0,0,0,0,0,0
00AJGC0029,E00005994,0,0,0,0,0,0
00AJGC0012,E00005977,0,0,0,0,0,0
00ANGR0029,E00009822,0,0,0,0,0,0
00AJGC0023,E00005988,0,0,0,0,0,0
00AJGC0036,E00006001,0,0,0,0,0,0
00AJGC0035,E00006000,0,0,0,0,0,0
00AJGC0030,E00005995,0,0,0,0,0,0
00AJGC0010,E00005975,0,0,0,0,0,0
00ANGR0037,E00009830,0,0,0,0,0,0
00AJGH0016,E00006196,0,0,0,0,0,0
00AJGH0022,E00006202,0,0,0,0,0,0
00AJGH0001,E00006181,0,0,0,0,0,0
00AJGC0028,E00005993,0,0,0,0,0,0
00AJGC0032,E00005997,0,0,0,0,0,0
00AJGC0033,E00005998,0,0,0,0,0,0
00AJGC0034,E00005999,0,0,0,0,0,0
00BJGT0029,E00023348,0,0,0,0,0,0
00AJGC0038,E00006003,0,0,0,0,0,0
00AJGC0040,E00006005,0,0,0,0,0,0
00AJGH0041,E00006221,0,0,0,0,0,0
00AJGC0026,E00005991,0,0,0,0,0,0
00AJGC0041,E00006006,0,0,0,0,0,0
00AJGC0025,E00005990,0,0,0,0,0,0
00BJGT0033,E00023352,0,0,0,0,0,0
00AJGH0034,E00006214,0,0,0,0,0,0
00AJGH0042,E00006222,0,0,0,0,0,0
00AJGH0037,E00006217,0,0,0,0,0,0
00AJGC0016,E00005981,0,0,0,0,0,0
00AJGC0018,E00005983,0,0,0,0,0,0
00AJGC0020,E00005985,0,0,0,0,0,0
00AJGC0013,E00005978,0,0,0,0,0,0
00AJGC0019,E00005984,0,0,0,0,0,0
00AJGH0025,E00006205,0,0,0,0,0,0
00AJGH0020,E00006200,0,0,0,0,0,0
00BJGU0021,E00023387,0,0,0,0,0,0
00BKGM0005,E00023815,1,0,1,0,1,0
00AJGC0015,E00005980,0,0,0,0,0,0
00AJGH0032,E00006212,0,0,0,0,0,0
00AJGH0002,E00006182,0,0,0,0,0,0
00AJGH0026,E00006206,0,0,0,0,0,0
00AJGH0027,E00006207,0,0,0,0,0,0
00AJGH0029,E00006209,0,0,0,0,0,0
00BJGU0022,E00023388,0,0,0,0,0,0
00AJGH0030,E00006210,0,0,0,0,0,0
00AJGH0003,E00006183,0,0,0,0,0,0
00ANGR0010,E00009803,0,0,0,0,0,0
00AJGH0036,E00006216,0,0,0,0,0,0
00AJGH0040,E00006220,0,0,0,0,0,0
00BJGT0045,E00023364,0,0,0,0,0,0
00AJGH0033,E00006213,0,0,0,0,0,0
00ANGR0011,E00009804,0,0,0,0,0,0
00ANGR0023,E00009816,0,0,0,0,0,0
00ANGR0013,E00009806,0,0,0,0,0,0
00ANGR0022,E00009815,0,0,0,0,0,0
00ANGR0003,E00009796,0,0,0,0,0,0
00ANGR0006,E00009799,0,0,0,0,0,0
00ANGR0001,E00009794,0,0,0,0,0,0
00ANGR0016,E00009809,0,0,0,0,0,0
00ANGD0002,E00009360,0,0,0,0,0,0
00ANGD0020,E00009378,0,0,0,0,0,0
00AJGH0024,E00006204,0,0,0,0,0,0
00ANGD0006,E00009364,0,0,0,0,0,0
00AJGH0028,E00006208,0,0,0,0,0,0
00ANGD0015,E00009373,0,0,0,0,0,0
00ANGD0016,E00009374,0,0,0,0,0,0
00ANGD0022,E00009380,0,0,0,0,0,0
00ANGD0023,E00009381,0,0,0,0,0,0
00ANGD0018,E00009376,0,0,0,0,0,0
00BAGS0027,E00017598,0,0,0,0,0,0
00ANGD0003,E00009361,0,0,0,0,0,0
00ANGD0004,E00009362,0,0,0,0,0,0
00ANGD0019,E00009377,0,0,0,0,0,0
00AJGH0018,E00006198,0,0,0,0,0,0
00AJGH0019,E00006199,0,0,0,0,0,0
00AJGH0023,E00006203,0,0,0,0,0,0
00AJGH0017,E00006197,0,0,0,0,0,0
00AJGH0021,E00006201,0,0,0,0,0,0
00BJGL0027,E00023027,0,0,0,0,0,0
00BJGT0003,E00023322,0,0,0,0,0,0
00BJGC0028,E00022653,0,0,0,0,0,0
00BJGT0010,E00023329,0,0,0,0,0,0
00BJGT0016,E00023335,0,0,0,0,0,0
00BJGT0007,E00023326,0,0,0,0,0,0
00BJGT0001,E00023320,0,0,0,0,0,0
00BJGT0008,E00023327,0,0,0,0,0,0
00BJGU0016,E00023382,0,0,0,0,0,0
00BJGP0006,E00023144,0,0,0,0,0,0
00BJGL0026,E00023026,0,0,0,0,0,0
00BJGL0014,E00023014,0,0,0,0,0,0
00BJGT0012,E00023331,0,0,0,0,0,0
00BJGL0017,E00023017,0,0,0,0,0,0
00BJGL0021,E00023021,0,0,0,0,0,0
00BJGU0001,E00023367,0,0,0,0,0,0
00BJGU0008,E00023374,0,0,0,0,0,0
00BJGU0045,E00023411,0,0,0,0,0,0
00BJGU0028,E00023394,0,0,0,0,0,0
00BJGU0007,E00023373,0,0,0,0,0,0
00BJGU0013,E00023379,0,0,0,0,0,0
00BJGT0041,E00023360,0,0,0,0,0,0
00BJGU0017,E00023383,0,0,0,0,0,0
00BJGT0043,E00023362,0,0,0,0,0,0
00BJGT0009,E00023328,0,0,0,0,0,0
00BJGU0025,E00023391,0,0,0,0,0,0
00BJGU0027,E00023393,0,0,0,0,0,0
00BJGU0024,E00023390,0,0,0,0,0,0
00BJGL0011,E00023011,0,0,0,0,0,0
00BJGT0022,E00023341,0,0,0,0,0,0
00BJGT0030,E00023349,0,0,0,0,0,0
00BJGT0020,E00023339,0,0,0,0,0,0
00BJGC0036,E00022661,0,0,0,0,0,0
00BJGU0012,E00023378,0,0,0,0,0,0
00BJGU0005,E00023371,0,0,0,0,0,0
00BJGT0038,E00023357,0,0,0,0,0,0
00BJGU0004,E00023370,0,0,0,0,0,0
00BJGC0041,E00022666,0,0,0,0,0,0
00BJGT0032,E00023351,0,0,0,0,0,0
00BJGT0035,E00023354,0,0,0,0,0,0
00BJGT0006,E00023325,0,0,0,0,0,0
00BJGT0044,E00023363,0,0,0,0,0,0
00BJGT0011,E00023330,0,0,0,0,0,0
00BJGT0040,E00023359,0,0,0,0,0,0
00BJGT0047,E00023366,0,0,0,0,0,0
00BJGP0008,E00023146,0,0,0,0,0,0
00BJGP0042,E00023180,0,0,0,0,0,0
00BJGP0043,E00023181,0,0,0,0,0,0
00BJGP0049,E00023187,0,0,0,0,0,0
00BJGP0035,E00023173,0,0,0,0,0,0
00BJGC0032,E00022657,0,0,0,0,0,0
00BJGP0036,E00023174,0,0,0,0,0,0
00BJGP0040,E00023178,0,0,0,0,0,0
00BJGT0024,E00023343,0,0,0,0,0,0
00BJGP0005,E00023143,0,0,0,0,0,0
00ALHF0036,E00008479,0,0,0,0,0,0
00BJGP0034,E00023172,0,0,0,0,0,0
00BJGT0026,E00023345,0,0,0,0,0,0
00BJGT0031,E00023350,0,0,0,0,0,0
00BJGT0019,E00023338,0,0,0,0,0,0
00BJGT0034,E00023353,0,0,0,0,0,0
00BJGT0021,E00023340,0,0,0,0,0,0
00BJGT0023,E00023342,0,0,0,0,0,0
00BJGT0025,E00023344,0,0,0,0,0,0
00BJGP0031,E00023169,0,0,0,0,0,0
00BJGT0037,E00023356,0,0,0,0,0,0
00BJGP0027,E00023165,0,0,0,0,0,0
00BJGP0032,E00023170,0,0,0,0,0,0
00BJGP0025,E00023163,0,0,0,0,0,0
00BKGR0038,E00023998,0,0,0,0,0,0
00BJGP0023,E00023161,0,0,0,0,0,0
00BJGP0028,E00023166,0,0,0,0,0,0
00BJGU0019,E00023385,0,0,0,0,0,0
00BJGU0023,E00023389,0,0,0,0,0,0
00BJGC0001,E00022626,0,0,0,0,0,0
00BJGC0004,E00022629,0,0,0,0,0,0
00BJGC0011,E00022636,0,0,0,0,0,0
00BJGU0044,E00023410,0,0,0,0,0,0
00BJGC0005,E00022630,0,0,0,0,0,0
00BJGT0017,E00023336,0,0,0,0,0,0
00BJGC0033,E00022658,0,0,0,0,0,0
00BJGC0047,E00022672,0,0,0,0,0,0
00BJGC0027,E00022652,0,0,0,0,0,0
00BJGC0026,E00022651,0,0,0,0,0,0
00BJGC0029,E00022654,0,0,0,0,0,0
00BJGC0025,E00022650,0,0,0,0,0,0
00BJGC0003,E00022628,0,0,0,0,0,0
00BJGC0039,E00022664,0,0,0,0,0,0
00BJGC0038,E00022663,0,0,0,0,0,0
00BJGC0022,E00022647,0,0,0,0,0,0
00BJGC0015,E00022640,0,0,0,0,0,0
00BJGC0030,E00022655,0,0,0,0,0,0
00BJGC0037,E00022662,0,0,0,0,0,0
00BJGC0016,E00022641,0,0,0,0,0,0
00BJGC0021,E00022646,0,0,0,0,0,0
00BJGQ0017,E00023205,0,0,0,0,0,0
00BJGC0024,E00022649,0,0,0,0,0,0
00BJGC0007,E00022632,0,0,0,0,0,0
00BJGC0052,E00022677,0,0,0,0,0,0
00BJGC0008,E00022633,0,0,0,0,0,0
00BJGC0045,E00022670,0,0,0,0,0,0
00BJGC0010,E00022635,0,0,0,0,0,0
00BJGC0012,E00022637,0,0,0,0,0,0
00BJGD0019,E00022696,0,0,0,0,0,0
00BJGC0048,E00022673,0,0,0,0,0,0
00BJGD0016,E00022693,0,0,0,0,0,0
00BJGB0017,E00022596,0,0,0,0,0,0
00BJGD0021,E00022698,0,0,0,0,0,0
00BJGD0046,E00022723,0,0,0,0,0,0
00BJGQ0016,E00023204,0,0,0,0,0,0
00BJGC0051,E00022676,0,0,0,0,0,0
00BAGS0026,E00017597,0,0,0,0,0,0
00BAGS0025,E00017596,0,0,0,0,0,0
00BJGB0020,E00022599,0,0,0,0,0,0
00BAGS0021,E00017592,0,0,0,0,0,0
00BAGS0022,E00017593,0,0,0,0,0,0
00BJGB0021,E00022600,0,0,0,0,0,0
00BJGB0012,E00022591,0,0,0,0,0,0
00BJGS0027,E00023303,0,0,0,0,0,0
00BAGS0023,E00017594,0,0,0,0,0,0
00BJGS0028,E00023304,0,0,0,0,0,0
00BAGS0024,E00017595,0,0,0,0,0,0
00BJGP0048,E00023186,0,0,0,0,0,0
00BJGB0007,E00022586,0,0,0,0,0,0
00BJGB0014,E00022593,0,0,0,0,0,0
00BJGS0020,E00023296,0,0,0,0,0,0
00BJGB0015,E00022594,0,0,0,0,0,0
00BJGB0016,E00022595,0,0,0,0,0,0
00BJGH0031,E00022889,0,0,0,0,0,0
00BJGH0034,E00022892,0,0,0,0,0,0
00BJGP0010,E00023148,0,0,0,0,0,0
00BJGP0046,E00023184,0,0,0,0,0,0
00BJGP0038,E00023176,0,0,0,0,0,0
00BJGP0002,E00023140,0,0,0,0,0,0
00BJGP0003,E00023141,0,0,0,0,0,0
00BJGP0026,E00023164,0,0,0,0,0,0
00BJGP0029,E00023167,0,0,0,0,0,0
00BJGP0022,E00023160,0,0,0,0,0,0
00AWGP0023,E00014603,0,0,0,0,0,0
00BJGP0039,E00023177,0,0,0,0,0,0
00BJGP0050,E00023188,0,0,0,0,0,0
00BJGP0033,E00023171,0,0,0,0,0,0
00BJGC0034,E00022659,0,0,0,0,0,0
00BJGP0018,E00023156,0,0,0,0,0,0
00BJGP0019,E00023157,0,0,0,0,0,0
00BJGC0031,E00022656,0,0,0,0,0,0
00BJGC0018,E00022643,0,0,0,0,0,0
00BJGD0003,E00022680,0,0,0,0,0,0
00BJGP0020,E00023158,0,0,0,0,0,0
00BJGP0017,E00023155,0,0,0,0,0,0
00BJGD0011,E00022688,0,0,0,0,0,0
00BJGD0015,E00022692,0,0,0,0,0,0
00BAGS0020,E00017591,0,0,0,0,0,0
00BJGB0045,E00022624,0,0,0,0,0,0
00BJGP0044,E00023182,0,0,0,0,0,0
00BJGP0004,E00023142,0,0,0,0,0,0
00BJGP0009,E00023147,0,0,0,0,0,0
00BJGP0041,E00023179,0,0,0,0,0,0
00BJGP0045,E00023183,0,0,0,0,0,0
00BJGB0011,E00022590,0,0,0,0,0,0
00BJGS0016,E00023292,0,0,0,0,0,0
00BJGB0006,E00022585,0,0,0,0,0,0
00BJGB0010,E00022589,0,0,0,0,0,0
00BJGB0005,E00022584,0,0,0,0,0,0
00BJGB0044,E00022623,0,0,0,0,0,0
00BJGB0008,E00022587,0,0,0,0,0,0
00BJGB0046,E00022625,0,0,0,0,0,0
00BJGP0021,E00023159,0,0,0,0,0,0
00BJGB0004,E00022583,0,0,0,0,0,0
00BJGB0043,E00022622,0,0,0,0,0,0
00BJGB0038,E00022617,0,0,0,0,0,0
00BJGP0024,E00023162,0,0,0,0,0,0
00BJGB0040,E00022619,0,0,0,0,0,0
00BJGB0002,E00022581,0,0,0,0,0,0
00BJGS0015,E00023291,0,0,0,0,0,0
00BJGB0041,E00022620,0,0,0,0,0,0
00BJGS0003,E00023279,0,0,0,0,0,0
00BJGS0012,E00023288,0,0,0,0,0,0
00BJGS0005,E00023281,0,0,0,0,0,0
00BJGB0035,E00022614,0,0,0,0,0,0
00BJGS0011,E00023287,0,0,0,0,0,0
00BJGS0014,E00023290,0,0,0,0,0,0
00BJGB0042,E00022621,0,0,0,0,0,0
00BJGB0037,E00022616,0,0,0,0,0,0
00BJGB0039,E00022618,0,0,0,0,0,0
00AWGP0028,E00014608,0,0,0,0,0,0
00BJGB0003,E00022582,0,0,0,0,0,0
00BJGS0024,E00023300,0,0,0,0,0,0
00BJGS0025,E00023301,0,0,0,0,0,0
00BJGS0019,E00023295,0,0,0,0,0,0
00BJGS0022,E00023298,0,0,0,0,0,0
00BJGS0021,E00023297,0,0,0,0,0,0
00BJGS0023,E00023299,0,0,0,0,0,0
00BJGS0001,E00023277,0,0,0,0,0,0
00BJGS0026,E00023302,0,0,0,0,0,0
00BJGH0016,E00022874,0,0,0,0,0,0
00BJGS0017,E00023293,0,0,0,0,0,0
00BJGD0022,E00022699,0,0,0,0,0,0
00BJGS0018,E00023294,0,0,0,0,0,0
00BJGS0004,E00023280,0,0,0,0,0,0
00BJGB0036,E00022615,0,0,0,0,0,0
00BJGP0001,E00023139,0,0,0,0,0,0
00BJGP0014,E00023152,0,0,0,0,0,0
00BJGP0016,E00023154,0,0,0,0,0,0
00BJGP0012,E00023150,0,0,0,0,0,0
00BJGP0015,E00023153,0,0,0,0,0,0
00BJGP0013,E00023151,0,0,0,0,0,0
00BJGS0008,E00023284,0,0,0,0,0,0
00BJGS0042,E00023318,0,0,0,0,0,0
00BJGD0025,E00022702,0,0,0,0,0,0
00BJGD0028,E00022705,0,0,0,0,0,0
00AWGP0030,E00014610,0,0,0,0,0,0
00BJGD0030,E00022707,0,0,0,0,0,0
00BJGS0043,E00023319,0,0,0,0,0,0
00BJGD0023,E00022700,0,0,0,0,0,0
00BJGS0034,E00023310,0,0,0,0,0,0
00AWGD0037,E00014257,0,0,0,0,0,0
00BJGS0007,E00023283,0,0,0,0,0,0
00BJGS0039,E00023315,0,0,0,0,0,0
00BJGS0035,E00023311,0,0,0,0,0,0
00BJGB0033,E00022612,0,0,0,0,0,0
00BJGS0006,E00023282,0,0,0,0,0,0
00BJGS0041,E00023317,0,0,0,0,0,0
00BJGD0027,E00022704,0,0,0,0,0,0
00BJGD0029,E00022706,0,0,0,0,0,0
00BJGD0026,E00022703,0,0,0,0,0,0
00BJGS0037,E00023313,0,0,0,0,0,0
00BJGD0024,E00022701,0,0,0,0,0,0
00BJGG0030,E00022841,0,0,0,0,0,0
00ANGN0007,E00009688,0,0,0,0,0,0
00BJGD0010,E00022687,0,0,0,0,0,0
00BJGD0009,E00022686,0,0,0,0,0,0
00BJGP0011,E00023149,0,0,0,0,0,0
00BJGD0020,E00022697,0,0,0,0,0,0
00BJGS0031,E00023307,0,0,0,0,0,0
00BJGD0012,E00022689,0,0,0,0,0,0
00BJGD0014,E00022691,0,0,0,0,0,0
00ANGN0008,E00009689,0,0,0,0,0,0
00BJGD0007,E00022684,0,0,0,0,0,0
00BJGD0013,E00022690,0,0,0,0,0,0
00BJGD0044,E00022721,0,0,0,0,0,0
00BJGS0033,E00023309,0,0,0,0,0,0
00BJGD0018,E00022695,0,0,0,0,0,0
00BKGD0009,E00023538,0,0,0,0,0,0
00ANGL0004,E00009611,0,0,0,0,0,0
00ANGN0029,E00009710,0,0,0,0,0,0
00ANGN0028,E00009709,0,0,0,0,0,0
00BJGD0017,E00022694,0,0,0,0,0,0
00BJGS0030,E00023306,0,0,0,0,0,0
00BJGD0032,E00022709,0,0,0,0,0,0
00BJGD0001,E00022678,0,0,0,0,0,0
00BJGS0002,E00023278,0,0,0,0,0,0
00BJGS0032,E00023308,0,0,0,0,0,0
00BJGS0040,E00023316,0,0,0,0,0,0
00BJGS0038,E00023314,0,0,0,0,0,0
00BDFW0011,E00019087,0,0,0,0,0,0
00BJGS0010,E00023286,0,0,0,0,0,0
00BJGJ0042,E00022948,0,0,0,0,0,0
00BJGQ0028,E00023216,0,0,0,0,0,0
00BJGJ0039,E00022945,0,0,0,0,0,0
00BJGJ0040,E00022946,0,0,0,0,0,0
00BJGS0029,E00023305,0,0,0,0,0,0
00BJGD0008,E00022685,0,0,0,0,0,0
00BJGQ0003,E00023191,0,0,0,0,0,0
00BDFW0016,E00019092,0,0,0,0,0,0
00BDFW0013,E00019089,0,0,0,0,0,0
00BJGD0045,E00022722,0,0,0,0,0,0
00BJGD0043,E00022720,0,0,0,0,0,0
00BJGJ0021,E00022927,0,0,0,0,0,0
00BJGJ0018,E00022924,0,0,0,0,0,0
00BJGJ0029,E00022935,0,0,0,0,0,0
00BJGJ0034,E00022940,0,0,0,0,0,0
00BJGU0029,E00023395,0,0,0,0,0,0
00BJGJ0038,E00022944,0,0,0,0,0,0
00BJGJ0017,E00022923,0,0,0,0,0,0
00BJGJ0015,E00022921,0,0,0,0,0,0
00BJGJ0020,E00022926,0,0,0,0,0,0
00ANGK0002,E00009582,0,0,0,0,0,0
00BJGU0009,E00023375,0,0,0,0,0,0
00BJGU0031,E00023397,0,0,0,0,0,0
00BJGU0037,E00023403,0,0,0,0,0,0
00BJGU0043,E00023409,0,0,0,0,0,0
00BJGU0002,E00023368,0,0,0,0,0,0
00ANGK0001,E00009581,0,0,0,0,0,0
00ANGK0020,E00009600,0,0,0,0,0,0
00BJGU0038,E00023404,0,0,0,0,0,0
00BJGC0042,E00022667,0,0,0,0,0,0
00BJGQ0012,E00023200,0,0,0,0,0,0
00BJGQ0018,E00023206,0,0,0,0,0,0
00BJGQ0013,E00023201,0,0,0,0,0,0
00BJGQ0019,E00023207,0,0,0,0,0,0
00BJGQ0020,E00023208,0,0,0,0,0,0
00BJGQ0004,E00023192,0,0,0,0,0,0
00BJGQ0014,E00023202,0,0,0,0,0,0
00BJGQ0015,E00023203,0,0,0,0,0,0
00BJGQ0008,E00023196,0,0,0,0,0,0
00BJGQ0005,E00023193,0,0,0,0,0,0
00BJGQ0010,E00023198,0,0,0,0,0,0
00ANGK0008,E00009588,0,0,0,0,0,0
00BDGF0035,E00019404,0,0,0,0,0,0
00BDGF0029,E00019398,0,0,0,0,0,0
00BJGQ0045,E00023233,0,0,0,0,0,0
00BJGU0034,E00023400,0,0,0,0,0,0
00BDGF0028,E00019397,0,0,0,0,0,0
00AUFY0034,E00013457,0,0,1,0,1,0
00BJGU0032,E00023398,0,0,0,0,0,0
00BJGU0039,E00023405,0,0,0,0,0,0
00ANGQ0035,E00009791,0,0,0,0,0,0
00BJGQ0002,E00023190,0,0,0,0,0,0
00BJGQ0039,E00023227,0,0,0,0,0,0
00BJGQ0040,E00023228,0,0,0,0,0,0
00BJGQ0043,E00023231,0,0,0,0,0,0
00BKGJ0011,E00023701,0,0,0,0,0,0
00BJGQ0032,E00023220,0,0,0,0,0,0
00BJGQ0029,E00023217,0,0,0,0,0,0
00BJGQ0033,E00023221,0,0,0,0,0,0
00BKGR0029,E00023989,0,0,0,0,0,0
00BJGQ0034,E00023222,0,0,0,0,0,0
00BJGQ0009,E00023197,0,0,0,0,0,0
00ANGQ0037,E00009793,0,0,0,0,0,0
00BJGQ0011,E00023199,0,0,0,0,0,0
00AYGJ0021,E00015594,0,0,0,0,0,0
00ANGK0023,E00009603,0,0,0,0,0,0
00BJGQ0001,E00023189,0,0,0,0,0,0
00BJGU0035,E00023401,0,0,0,0,0,0
00BJGQ0044,E00023232,0,0,0,0,0,0
00BJGQ0036,E00023224,0,0,0,0,0,0
00ANGK0025,E00009605,0,0,0,0,0,0
00BJGQ0031,E00023219,0,0,0,0,0,0
00BJGQ0037,E00023225,0,0,0,0,0,0
00BJGQ0030,E00023218,0,0,0,0,0,0
00BJGQ0025,E00023213,0,0,0,0,0,0
00BJGQ0021,E00023209,0,0,0,0,0,0
00BJGQ0024,E00023212,0,0,0,0,0,0
00BJGQ0027,E00023215,0,0,0,0,0,0
00BJGQ0022,E00023210,0,0,0,0,0,0
00ANGL0031,E00009638,0,0,0,0,0,0
00ANGH0014,E00009515,0,0,0,0,0,0
00BJGQ0023,E00023211,0,0,0,0,0,0
00BJGQ0026,E00023214,0,0,0,0,0,0
00BJGQ0042,E00023230,0,0,0,0,0,0
00BJGG0024,E00022835,0,0,0,0,0,0
00BJGQ0007,E00023195,0,0,0,0,0,0
00BJGQ0038,E00023226,0,0,0,0,0,0
00ANGK0003,E00009583,0,0,0,0,0,0
00BJGQ0035,E00023223,0,0,0,0,0,0
00BJGQ0041,E00023229,0,0,0,0,0,0
00AWFY0009,E00014050,0,0,0,0,0,0
00ANGQ0036,E00009792,0,0,0,0,0,0
00AWFY0012,E00014053,0,0,0,0,0,0
00ANGH0015,E00009516,0,0,0,0,0,0
00ANGK0022,E00009602,0,0,0,0,0,0
00ANGQ0034,E00009790,0,0,0,0,0,0
00AWGB0024,E00014173,0,0,0,0,0,0
00ANGQ0006,E00009762,0,0,0,0,0,0
00ANGH0013,E00009514,0,0,0,0,0,0
00ANGK0027,E00009607,0,0,0,0,0,0
00ANGL0005,E00009612,0,0,0,0,0,0
00BKGN0019,E00023867,0,0,0,0,0,0
00ANGQ0005,E00009761,0,0,0,0,0,0
00ANGL0002,E00009609,0,0,0,0,0,0
00ANGQ0002,E00009758,0,0,0,0,0,0
00ANGQ0033,E00009789,0,0,0,0,0,0
00ANGQ0004,E00009760,0,0,0,0,0,0
00BJGG0026,E00022837,0,0,0,0,0,0
00ANGK0017,E00009597,0,0,0,0,0,0
00ANGL0006,E00009613,0,0,0,0,0,0
00ANGL0003,E00009610,0,0,0,0,0,0
00AWGR0012,E00014656,0,0,0,0,0,0
00ANGL0035,E00009642,0,0,0,0,0,0
00ANGK0012,E00009592,0,0,0,0,0,0
00ANGN0026,E00009707,0,0,0,0,0,0
00ANGK0024,E00009604,0,0,0,0,0,0
00ANGK0013,E00009593,0,0,0,0,0,0
00ANGK0016,E00009596,0,0,0,0,0,0
00ANGF0002,E00009424,0,0,0,0,0,0
00ANGK0019,E00009599,0,0,0,0,0,0
00ANGK0014,E00009594,0,0,0,0,0,0
00ANGK0015,E00009595,0,0,0,0,0,0
00ANGK0018,E00009598,0,0,0,0,0,0
00ANGC0041,E00009355,0,0,0,0,0,0
00BDFW0015,E00019091,0,0,0,0,0,0
00ANGK0010,E00009590,0,0,0,0,0,0
00ANGK0011,E00009591,0,0,0,0,0,0
00ANGF0008,E00009430,0,0,0,0,0,0
00ANGF0010,E00009432,0,0,0,0,0,0
00ANGF0035,E00009457,0,0,0,0,0,0
00BEGF0010,E00019817,1,0,1,0,1,0
00ANGK0009,E00009589,0,0,0,0,0,0
00ANGK0005,E00009585,0,0,0,0,0,0
00ANGK0006,E00009586,0,0,0,0,0,0
00BEGW0024,E00020398,0,0,0,0,0,0
00ANGF0012,E00009434,0,0,0,0,0,0
00ANGK0007,E00009587,0,0,0,0,0,0
00ANGF0011,E00009433,0,0,0,0,0,0
00ANGF0003,E00009425,0,0,0,0,0,0
00ANGN0032,E00009713,0,0,0,0,0,0
00BKGR0030,E00023990,0,0,0,0,0,0
00ANGF0007,E00009429,0,0,0,0,0,0
00ANGK0021,E00009601,0,0,0,0,0,0
00ANGH0011,E00009512,0,0,0,0,0,0
00ANGH0001,E00009502,0,0,0,0,0,0
00ANGH0006,E00009507,0,0,0,0,0,0
00ANGC0043,E00009357,0,0,0,0,0,0
00ANGQ0025,E00009781,0,0,0,0,0,0
00ANGH0008,E00009509,0,0,0,0,0,0
00ANGH0012,E00009513,0,0,0,0,0,0
00ANGQ0023,E00009779,0,0,0,0,0,0
00BJGG0019,E00022830,0,0,0,0,0,0
00ANGH0020,E00009521,0,0,0,0,0,0
00ANGH0035,E00009536,0,0,0,0,0,0
00ANGH0007,E00009508,0,0,0,0,0,0
00ANGH0009,E00009510,0,0,0,0,0,0
00BJGG0016,E00022827,0,0,0,0,0,0
00ANGH0010,E00009511,0,0,0,0,0,0
00ANGH0002,E00009503,0,0,0,0,0,0
00ANGQ0027,E00009783,0,0,0,0,0,0
00ANGQ0014,E00009770,0,0,0,0,0,0
00ANGH0003,E00009504,0,0,0,0,0,0
00ANGH0004,E00009505,0,0,0,0,0,0
00BJGG0028,E00022839,0,0,0,0,0,0
00BEGL0017,E00020024,0,1,0,1,0,1
00ANGH0005,E00009506,0,0,0,0,0,0
00ANGH0036,E00009537,0,0,0,0,0,0
00ANGH0033,E00009534,0,0,0,0,0,0
00ANGH0032,E00009533,0,0,0,0,0,0
00ANGH0034,E00009535,0,0,0,0,0,0
00ANGH0031,E00009532,0,0,0,0,0,0
00ANGQ0032,E00009788,0,0,0,0,0,0
00ANGF0004,E00009426,0,0,0,0,0,0
00ANGQ0029,E00009785,0,0,0,0,0,0
00ANGQ0019,E00009775,0,0,0,0,0,0
00ANGQ0026,E00009782,0,0,0,0,0,0
00ANGQ0018,E00009774,0,0,0,0,0,0
00BKGS0013,E00024013,0,0,0,0,0,0
00ANGQ0010,E00009766,0,0,0,0,0,0
00ANGQ0028,E00009784,0,0,0,0,0,0
00ANGQ0030,E00009786,0,0,0,0,0,0
00ANGQ0031,E00009787,0,0,0,0,0,0
00ANGQ0013,E00009769,0,0,0,0,0,0
00AGGR0042,E00004645,0,0,0,0,0,0
00ANGQ0001,E00009757,0,0,0,0,0,0
00ANGQ0011,E00009767,0,0,0,0,0,0
00ANGQ0017,E00009773,0,0,0,0,0,0
00ANGQ0022,E00009778,0,0,0,0,0,0
00ANGH0028,E00009529,0,0,0,0,0,0
00ANGQ0024,E00009780,0,0,0,0,0,0
00ANGQ0012,E00009768,0,0,0,0,0,0
00ANGQ0009,E00009765,0,0,0,0,0,0
00ANGF0005,E00009427,0,0,0,0,0,0
00BGGB0019,E00021347,0,0,0,0,0,0
00ANGH0017,E00009518,0,0,0,0,0,0
00ANGH0021,E00009522,0,0,0,0,0,0
00ANGH0019,E00009520,0,0,0,0,0,0
00ANGE0029,E00009413,0,0,0,0,0,0
00ANGE0031,E00009415,0,0,0,0,0,0
00ANGE0027,E00009411,0,0,0,0,0,0
00ANGE0032,E00009416,0,0,0,0,0,0
00ANGH0024,E00009525,0,0,0,0,0,0
00ANGH0022,E00009523,0,0,0,0,0,0
00ANGE0030,E00009414,0,0,0,0,0,0
00ACGB0039,E00000807,0,0,0,0,0,0
00ANGH0026,E00009527,0,0,0,0,0,0
00ANGH0027,E00009528,0,0,0,0,0,0
00ANGF0009,E00009431,0,0,0,0,0,0
00ANGH0016,E00009517,0,0,0,0,0,0
00ANGH0018,E00009519,0,0,0,0,0,0
00ANGE0004,E00009388,0,0,0,0,0,0
00ANGH0025,E00009526,0,0,0,0,0,0
00ANGH0029,E00009530,0,0,0,0,0,0
00BJGD0040,E00022717,0,0,0,0,0,0
00ANGQ0003,E00009759,0,0,0,0,0,0
00ANGH0030,E00009531,0,0,0,0,0,0
00BJGM0044,E00023087,0,0,0,0,0,0
00AYGE0010,E00015399,0,0,0,0,0,0
00ANGE0001,E00009385,0,0,0,0,0,0
00ANGN0009,E00009690,0,0,0,0,0,0
00ANGE0007,E00009391,0,0,0,0,0,0
00ANGE0009,E00009393,0,0,0,0,0,0
00ANGE0011,E00009395,0,0,0,0,0,0
00AWGD0031,E00014251,0,0,0,0,0,0
00ANGE0013,E00009397,0,0,0,0,0,0
00ANGE0035,E00009419,0,0,0,0,0,0
00ANGH0023,E00009524,0,0,0,0,0,0
00ANGE0026,E00009410,0,0,0,0,0,0
00BJGD0042,E00022719,0,0,0,0,0,0
00ANGE0038,E00009422,0,0,0,0,0,0
00ANGE0006,E00009390,0,0,0,0,0,0
00ANGE0024,E00009408,0,0,0,0,0,0
00ANGE0034,E00009418,0,0,0,0,0,0
00ANGE0037,E00009421,0,0,0,0,0,0
00BJGQ0006,E00023194,0,0,0,0,0,0
00BKGB0015,E00023464,0,0,0,0,0,0
00BJGD0038,E00022715,0,0,0,0,0,0
00BJGD0039,E00022716,0,0,0,0,0,0
00BJGD0002,E00022679,0,0,0,0,0,0
00BJGD0037,E00022714,0,0,0,0,0,0
00BJGD0036,E00022713,0,0,0,0,0,0
00BJGJ0011,E00022917,0,0,0,0,0,0
00AWGE0037,E00014294,0,0,0,0,0,0
00BJGJ0009,E00022915,0,0,0,0,0,0
00BJGJ0010,E00022916,0,0,0,0,0,0
00BJGD0005,E00022682,0,0,0,0,0,0
00BJGD0033,E00022710,0,0,0,0,0,0
00ANGN0011,E00009692,0,0,0,0,0,0
00BJGG0023,E00022834,0,0,0,0,0,0
00BJGG0031,E00022842,0,0,0,0,0,0
00BJGD0006,E00022683,0,0,0,0,0,0
00BJGJ0007,E00022913,0,0,0,0,0,0
00BJGG0015,E00022826,0,0,0,0,0,0
00BJGD0034,E00022711,0,0,0,0,0,0
00BJGD0035,E00022712,0,0,0,0,0,0
00BJGN0007,E00023098,0,0,0,0,0,0
00BJGG0012,E00022823,0,0,0,0,0,0
00BJGJ0006,E00022912,0,0,0,0,0,0
00BJGJ0012,E00022918,0,0,0,0,0,0
00BJGJ0013,E00022919,0,0,0,0,0,0
00ANGL0036,E00009643,0,0,0,0,0,0
00AYGE0012,E00015401,0,0,0,0,0,0
00ANGK0026,E00009606,0,0,0,0,0,0
00ANGL0033,E00009640,0,0,0,0,0,0
00BEGK0039,E00020004,0,0,0,1,0,1
00ANGQ0021,E00009777,0,0,0,0,0,0
00ANGL0034,E00009641,0,0,0,0,0,0
00ANGQ0016,E00009772,0,0,0,0,0,0
00ANGN0036,E00009717,0,0,0,0,0,0
00BJGG0021,E00022832,0,0,0,0,0,0
00ANGL0028,E00009635,0,0,0,0,0,0
00ANGE0022,E00009406,0,0,0,0,0,0
00ANGE0036,E00009420,0,0,0,0,0,0
00BJGG0009,E00022820,0,0,0,0,0,0
00ANGL0020,E00009627,0,0,0,0,0,0
00ANGQ0015,E00009771,0,0,0,0,0,0
00ANGQ0020,E00009776,0,0,0,0,0,0
00ANGL0019,E00009626,0,0,0,0,0,0
00BJGG0013,E00022824,0,0,0,0,0,0
00BJGM0003,E00023046,0,0,0,0,0,0
00ANGN0016,E00009697,0,0,0,0,0,0
00BJGM0042,E00023085,0,0,0,0,0,0
00ANGQ0007,E00009763,0,0,0,0,0,0
00ANGE0008,E00009392,0,0,0,0,0,0
00ANGL0023,E00009630,0,0,0,0,0,0
00ANGN0015,E00009696,0,0,0,0,0,0
00ANGN0017,E00009698,0,0,0,0,0,0
00ANGN0014,E00009695,0,0,0,0,0,0
00BJGM0007,E00023050,0,0,0,0,0,0
00ANGL0032,E00009639,0,0,0,0,0,0
00ANGN0030,E00009711,0,0,0,0,0,0
00ANGN0002,E00009683,0,0,0,0,0,0
00ANGN0031,E00009712,0,0,0,0,0,0
00ANGN0012,E00009693,0,0,0,0,0,0
00ANGN0033,E00009714,0,0,0,0,0,0
00ANGL0030,E00009637,0,0,0,0,0,0
00ANGN0001,E00009682,0,0,0,0,0,0
00AGGS0011,E00004656,0,0,1,0,1,0
00BJGM0006,E00023049,0,0,0,0,0,0
00AHGE0007,E00004860,0,0,0,0,0,0
00ANGN0034,E00009715,0,0,0,0,0,0
00ANGN0013,E00009694,0,0,0,0,0,0
00ANGN0005,E00009686,0,0,0,0,0,0
00ANGN0010,E00009691,0,0,0,0,0,0
00ANGN0022,E00009703,0,0,0,0,0,0
00ANGN0021,E00009702,0,0,0,0,0,0
00ANGN0006,E00009687,0,0,0,0,0,0
00ANGN0025,E00009706,0,0,0,0,0,0
00ANGN0003,E00009684,0,0,0,0,0,0
00ANGN0004,E00009685,0,0,0,0,0,0
00ANGN0024,E00009705,0,0,0,0,0,0
00ANGN0027,E00009708,0,0,0,0,0,0
00ANGN0035,E00009716,0,0,0,0,0,0
00BJGG0027,E00022838,0,0,0,0,0,0
00BJGG0025,E00022836,0,0,0,0,0,0
00BJGG0029,E00022840,0,0,0,0,0,0
00BJGG0018,E00022829,0,0,0,0,0,0
00BJGG0022,E00022833,0,0,0,0,0,0
00BJGG0032,E00022843,0,0,0,0,0,0
00BJGG0020,E00022831,0,0,0,0,0,0
00ANGQ0008,E00009764,0,0,0,0,0,0
00BJGJ0008,E00022914,0,0,0,0,0,0
00BJGJ0004,E00022910,0,0,0,0,0,0
00BJGM0037,E00023080,0,0,0,0,0,0
00ANGL0014,E00009621,0,0,0,0,0,0
00BJGG0046,E00022857,0,0,0,0,0,0
00BJGN0005,E00023096,0,0,0,0,0,0
00BJGG0010,E00022821,0,0,0,0,0,0
00ANGE0033,E00009417,0,0,0,0,0,0
00ANGL0007,E00009614,0,0,0,0,0,0
00BJGJ0005,E00022911,0,0,0,0,0,0
00BJGN0009,E00023100,0,0,0,0,0,0
00BJGG0017,E00022828,0,0,0,0,0,0
00BJGM0047,E00023090,0,0,0,0,0,0
00BKGG0013,E00023629,0,0,0,0,0,0
00BJGG0004,E00022815,0,0,0,0,0,0
00BJGM0048,E00023091,0,0,0,0,0,0
00BJGM0035,E00023078,0,0,0,0,0,0
00BJGG0005,E00022816,0,0,0,0,0,0
00BJGG0007,E00022818,0,0,0,0,0,0
00BKGR0006,E00023966,0,0,0,0,0,0
00BJGG0006,E00022817,0,0,0,0,0,0
00AYGK0028,E00015647,0,0,0,1,0,1
00BJGG0042,E00022853,0,0,0,0,0,0
00BJGG0002,E00022813,0,0,0,0,0,0
00BJGG0014,E00022825,0,0,0,0,0,0
00BJGM0039,E00023082,0,0,0,0,0,0
00BJGM0012,E00023055,0,0,0,0,0,0
00BJGM0046,E00023089,0,0,0,0,0,0
00BJGG0008,E00022819,0,0,0,0,0,0
00BJGG0011,E00022822,0,0,0,0,0,0
00BJGM0002,E00023045,0,0,0,0,0,0
00BJGM0040,E00023083,0,0,0,0,0,0
00BJGM0043,E00023086,0,0,0,0,0,0
00AWGB0019,E00014168,0,0,0,0,0,0
00BJGG0039,E00022850,0,0,0,0,0,0
00ANGL0017,E00009624,0,0,0,0,0,0
00BJGM0038,E00023081,0,0,0,0,0,0
00ANGL0025,E00009632,0,0,0,0,0,0
00ANGL0029,E00009636,0,0,0,0,0,0
00BKGU0015,E00024086,0,0,0,0,0,0
00ANGL0018,E00009625,0,0,0,0,0,0
00ANGL0022,E00009629,0,0,0,0,0,0
00ANGL0015,E00009622,0,0,0,0,0,0
00ANGL0016,E00009623,0,0,0,0,0,0
00AWGF0021,E00014320,0,0,0,0,0,0
00ANGL0021,E00009628,0,0,0,0,0,0
00ANGL0026,E00009633,0,0,0,0,0,0
00ANGL0027,E00009634,0,0,0,0,0,0
00ANGN0023,E00009704,0,0,0,0,0,0
00ANGN0018,E00009699,0,0,0,0,0,0
00ANGN0020,E00009701,0,0,0,0,0,0
00AYGB0037,E00015286,0,0,0,0,0,0
00ANGL0010,E00009617,0,0,0,0,0,0
00AWGD0035,E00014255,0,0,0,0,0,0
00AUGE0009,E00013671,0,0,0,0,0,0
00ANGN0019,E00009700,0,0,0,0,0,0
00ANGE0023,E00009407,0,0,0,0,0,0
00AWGD0001,E00014221,0,0,0,0,0,0
00ANGL0024,E00009631,0,0,0,0,0,0
00ANGL0013,E00009620,0,0,0,0,0,0
00ANGE0010,E00009394,0,0,0,0,0,0
00ANGL0001,E00009608,0,0,0,0,0,0
00ANGL0009,E00009616,0,0,0,0,0,0
00ANGE0012,E00009396,0,0,0,0,0,0
00ANGL0011,E00009618,0,0,0,0,0,0
00ANGE0005,E00009389,0,0,0,0,0,0
00ANGL0012,E00009619,0,0,0,0,0,0
00AWGD0002,E00014222,0,0,0,0,0,0
00ANGL0008,E00009615,0,0,0,0,0,0
00AWGR0023,E00014667,0,0,0,0,0,0
00AWGD0033,E00014253,0,0,0,0,0,0
00AWGR0029,E00014673,0,0,0,0,0,0
00AWGR0030,E00014674,0,0,0,0,0,0
00AWGR0001,E00014645,0,0,0,0,0,0
00AWGD0025,E00014245,0,0,0,0,0,0
00AWGD0028,E00014248,0,0,0,0,0,0
00AWGD0034,E00014254,0,0,0,0,0,0
00AWGC0005,E00014186,0,0,0,0,0,0
00AWGN0005,E00014549,0,0,0,0,0,0
00AWGD0022,E00014242,0,0,0,0,0,0
00AWGR0026,E00014670,0,0,0,0,0,0
00AWGR0027,E00014671,0,0,0,0,0,0
00AWGR0028,E00014672,0,0,0,0,0,0
00AWGD0027,E00014247,0,0,0,0,0,0
00AWGD0036,E00014256,0,0,0,0,0,0
00BJGM0028,E00023071,0,0,0,0,0,0
00BJGM0041,E00023084,0,0,0,0,0,0
00BJGM0004,E00023047,0,0,0,0,0,0
00BJGM0020,E00023063,0,0,0,0,0,0
00BJGM0026,E00023069,0,0,0,0,0,0
00BJGM0024,E00023067,0,0,0,0,0,0
00BJGM0029,E00023072,0,0,0,0,0,0
00BJFZ0015,E00022501,0,0,0,0,0,0
00BJGM0010,E00023053,0,0,0,0,0,0
00BJGM0016,E00023059,0,0,0,0,0,0
00BJGM0034,E00023077,0,0,0,0,0,0
00BJGM0018,E00023061,0,0,0,0,0,0
00BJGM0032,E00023075,0,0,0,0,0,0
00BJFZ0008,E00022494,0,0,0,0,0,0
00AYGS0044,E00015980,0,0,0,0,0,0
00BJGM0027,E00023070,0,0,0,0,0,0
00AYGD0049,E00015389,0,0,0,0,0,0
00AYGS0033,E00015969,0,0,0,0,0,0
00AUGE0011,E00013673,0,0,0,0,0,0
00BJGM0036,E00023079,0,0,0,0,0,0
00BJGM0033,E00023076,0,0,0,0,0,0
00BJGM0001,E00023044,0,0,0,0,0,0
00BJGM0005,E00023048,0,0,0,0,0,0
00BJGM0025,E00023068,0,0,0,0,0,0
00BJGM0030,E00023073,0,0,0,0,0,0
00BJGM0017,E00023060,0,0,0,0,0,0
00ALGW0008,E00008066,0,0,0,0,0,0
00BJGM0031,E00023074,0,0,0,0,0,0
00BJGM0013,E00023056,0,0,0,0,0,0
00AYGP0047,E00015846,0,0,0,0,0,0
00AUGC0018,E00013597,0,0,0,0,0,0
00BJGM0021,E00023064,0,0,0,0,0,0
00BJGM0022,E00023065,0,0,0,0,0,0
00BJGM0023,E00023066,0,0,0,0,0,0
00BJGM0014,E00023057,0,0,0,0,0,0
00AWGD0030,E00014250,0,0,0,0,0,0
00BEGD0011,E00019732,0,0,0,0,0,0
00BJGM0011,E00023054,0,0,0,0,0,0
00AWGF0030,E00014329,0,0,0,0,0,0
00AWGD0032,E00014252,0,0,0,0,0,0
00AWGD0019,E00014239,0,0,0,0,0,0
00AWGD0023,E00014243,0,0,0,0,0,0
00AWGD0029,E00014249,0,0,0,0,0,0
00AWGD0017,E00014237,0,0,0,0,0,0
00AWGD0015,E00014235,0,0,0,0,0,0
00AWGD0016,E00014236,0,0,0,0,0,0
00AWGR0024,E00014668,0,0,0,0,0,0
00AWGD0013,E00014233,0,0,0,0,0,0
00AWGD0014,E00014234,0,0,0,0,0,0
00AWGL0020,E00014490,0,0,0,0,0,0
00AWGD0018,E00014238,0,0,0,0,0,0
00AWGD0021,E00014241,0,0,0,0,0,0
00BKGS0031,E00024031,0,0,0,0,0,0
00BJGM0008,E00023051,0,0,0,0,0,0
00BJGM0009,E00023052,0,0,0,0,0,0
00AWGD0012,E00014232,0,0,0,0,0,0
00BJGH0035,E00022893,0,0,0,0,0,0
00BJGH0036,E00022894,0,0,0,0,0,0
00AYGS0027,E00015963,0,0,0,0,0,0
00BJGH0032,E00022890,0,0,0,0,0,0
00BJGH0033,E00022891,0,0,0,0,0,0
00AYGN0010,E00015763,0,0,0,0,0,1
00BJGA0028,E00022559,0,0,0,0,0,0
00BJGA0023,E00022554,0,0,0,0,0,0
00BJGA0025,E00022556,0,0,0,0,0,0
00AYGM0026,E00015734,0,0,0,0,0,0
00BJGA0019,E00022550,0,0,0,0,0,0
00BJGA0022,E00022553,0,0,0,0,0,0
00AYGM0024,E00015732,0,0,0,0,0,0
00AYGM0004,E00015712,0,0,0,0,0,0
00BJGH0002,E00022860,0,0,0,0,0,0
00BJGA0010,E00022541,0,0,0,0,0,0
00BJGA0016,E00022547,0,0,0,0,0,0
00BJGA0011,E00022542,0,0,0,0,0,0
00BJGA0013,E00022544,0,0,0,0,0,0
00AYGB0004,E00015253,0,0,0,0,0,0
00BJGA0015,E00022546,0,0,0,0,0,0
00BJGA0017,E00022548,0,0,0,0,0,0
00BJGA0018,E00022549,0,0,0,0,0,0
00BJGA0021,E00022552,0,0,0,0,0,0
00AYGN0012,E00015765,0,0,0,0,0,0
00BJGA0008,E00022539,0,0,0,0,0,0
00BJGH0048,E00022906,0,0,0,0,0,0
00BJGN0034,E00023125,0,0,0,0,0,0
00AYGM0025,E00015733,0,0,0,0,0,0
00BJGH0028,E00022886,0,0,0,0,0,0
00BJGH0017,E00022875,0,0,0,0,0,0
00BJGH0024,E00022882,0,0,0,0,0,0
00BJGH0013,E00022871,0,0,0,0,0,0
00BJGJ0001,E00022907,0,0,0,0,0,0
00BJFZ0041,E00022527,0,0,0,0,0,0
00BJGH0026,E00022884,0,0,0,0,0,0
00BJGH0045,E00022903,0,0,0,0,0,0
00BJGJ0045,E00022951,0,0,0,0,0,0
00BJGJ0016,E00022922,0,0,0,0,0,0
00BJGJ0023,E00022929,0,0,0,0,0,0
00BJGJ0027,E00022933,0,0,0,0,0,0
00BJGJ0032,E00022938,0,0,0,0,0,0
00BJGJ0036,E00022942,0,0,0,0,0,0
00BJGJ0022,E00022928,0,0,0,0,0,0
00AYGN0006,E00015759,0,0,0,0,0,0
00BJGJ0014,E00022920,0,0,0,0,0,0
00AYGJ0043,E00015616,0,0,0,0,0,0
00BJFZ0039,E00022525,0,0,0,0,0,0
00BJGJ0041,E00022947,0,0,0,0,0,0
00BJGJ0043,E00022949,0,0,0,0,0,0
00BJGJ0044,E00022950,0,0,0,0,0,0
00BJGJ0025,E00022931,0,0,0,0,0,0
00BJGH0021,E00022879,0,0,0,0,0,0
00BJGH0029,E00022887,0,0,0,0,0,0
00BJGH0030,E00022888,0,0,0,0,0,0
00BJGH0011,E00022869,0,0,0,0,0,0
00BJGH0014,E00022872,0,0,0,0,0,0
00BJGH0015,E00022873,0,0,0,0,0,0
00BJGH0001,E00022859,0,0,0,0,0,0
00BGFW0009,E00021149,0,0,0,0,0,0
00BJGH0022,E00022880,0,0,0,0,0,0
00BJGH0027,E00022885,0,0,0,0,0,0
00BJGH0025,E00022883,0,0,0,0,0,0
00BJGA0009,E00022540,0,0,0,0,0,0
00BJGA0014,E00022545,0,0,0,0,0,0
00BJGN0017,E00023108,0,0,0,0,0,0
00BJGH0012,E00022870,0,0,0,0,0,0
00BJFZ0016,E00022502,0,0,0,0,0,0
00BJFZ0019,E00022505,0,0,0,0,0,0
00BJGH0023,E00022881,0,0,0,0,0,0
00BJFZ0020,E00022506,0,0,0,0,0,0
00BJGA0007,E00022538,0,0,0,0,0,0
00BJGA0012,E00022543,0,0,0,0,0,0
00BJGH0018,E00022876,0,0,0,0,0,0
00BJGH0010,E00022868,0,0,0,0,0,0
00BJGH0005,E00022863,0,0,0,0,0,0
00BJGH0009,E00022867,0,0,0,0,0,0
00BJGH0046,E00022904,0,0,0,0,0,0
00BJGH0047,E00022905,0,0,0,0,0,0
00BJGH0007,E00022865,0,0,0,0,0,0
00BJGH0004,E00022862,0,0,0,0,0,0
00BJGH0043,E00022901,0,0,0,0,0,0
00BJGH0041,E00022899,0,0,0,0,0,0
00BJGH0042,E00022900,0,0,0,0,0,0
00BJGH0006,E00022864,0,0,0,0,0,0
00AYGS0034,E00015970,0,0,0,0,0,0
00BJGH0003,E00022861,0,0,0,0,0,0
00BJGH0044,E00022902,0,0,0,0,0,0
00BJGH0040,E00022898,0,0,0,0,0,0
00BJFZ0005,E00022491,0,0,0,0,0,0
00BJFZ0018,E00022504,0,0,0,0,0,0
00BJGN0038,E00023129,0,0,0,0,0,0
00BJFZ0007,E00022493,0,0,0,0,0,0
00BJFZ0006,E00022492,0,0,0,0,0,0
00BJFZ0009,E00022495,0,0,0,0,0,0
00BJFZ0010,E00022496,0,0,0,0,0,0
00AYGJ0016,E00015589,0,0,0,0,0,0
00BJFZ0012,E00022498,0,0,0,0,0,0
00BJFZ0013,E00022499,0,0,0,0,0,0
00BJFZ0014,E00022500,0,0,0,0,0,0
00AYGJ0027,E00015600,0,0,0,0,0,0
00BJFZ0017,E00022503,0,0,0,0,0,0
00BJFZ0004,E00022490,0,0,0,0,0,0
00BJFZ0043,E00022529,0,0,0,0,0,0
00BJFZ0044,E00022530,0,0,0,0,0,0
00BJFZ0045,E00022531,0,0,0,0,0,0
00BJGH0008,E00022866,0,0,0,0,0,0
00BJFZ0011,E00022497,0,0,0,0,0,0
00AYGS0038,E00015974,0,0,0,0,0,0
00AYGJ0015,E00015588,0,0,0,0,0,0
00AYGS0040,E00015976,0,0,0,0,0,0
00AYGS0042,E00015978,0,0,0,0,0,0
00BJFZ0003,E00022489,0,0,0,0,0,0
00AYGS0001,E00015937,0,0,0,0,0,0
00AYGS0002,E00015938,0,0,0,0,0,0
00AYGS0043,E00015979,0,0,0,0,0,0
00AYGP0014,E00015813,0,0,0,0,0,0
00AYGP0041,E00015840,0,0,0,0,0,0
00AYGP0044,E00015843,0,0,0,0,0,0
00AYGP0048,E00015847,0,0,0,0,0,0
00AYGS0037,E00015973,0,0,0,0,0,0
00AYGP0010,E00015809,0,0,0,0,0,0
00BJGG0033,E00022844,0,0,0,0,0,0
00AYGP0038,E00015837,0,0,0,0,0,0
00AYGP0037,E00015836,0,0,0,0,0,0
00AYGP0006,E00015805,0,0,0,0,0,0
00AYGS0022,E00015958,0,0,0,0,0,0
00ANGE0021,E00009405,0,0,0,0,0,0
00AYGS0017,E00015953,0,0,0,0,0,0
00AYGS0023,E00015959,0,0,0,0,0,0
00AYGS0024,E00015960,0,0,0,0,0,0
00AYGS0029,E00015965,0,0,0,0,0,0
00ANGE0025,E00009409,0,0,0,0,0,0
00AYGS0036,E00015972,0,0,0,0,0,0
00AYGS0026,E00015962,0,0,0,0,0,0
00AYGS0032,E00015968,0,0,0,0,0,0
00AYGS0028,E00015964,0,0,0,0,0,0
00AYGS0009,E00015945,0,0,0,0,0,0
00AYGS0039,E00015975,0,0,0,0,0,0
00AYGS0041,E00015977,0,0,0,0,0,0
00AYGS0025,E00015961,0,0,0,0,0,0
00AYGS0018,E00015954,0,0,0,0,0,0
00AYGP0026,E00015825,0,0,0,0,0,0
00AYGS0019,E00015955,0,0,0,0,0,0
00AYGS0031,E00015967,0,0,0,0,0,0
00AYGS0015,E00015951,0,0,0,0,0,0
00BEGU0042,E00020374,0,0,0,0,0,0
00AYGP0032,E00015831,0,0,0,0,0,0
00AYGS0035,E00015971,0,0,0,0,0,0
00AYGP0027,E00015826,0,0,0,0,0,0
00AYGW0032,E00016097,0,0,0,0,0,0
00AYGS0030,E00015966,0,0,0,0,0,0
00AYGP0034,E00015833,0,0,0,0,0,0
00AYGS0016,E00015952,0,0,0,0,0,0
00AYGS0020,E00015956,0,0,0,0,0,0
00AYGS0021,E00015957,0,0,0,0,0,0
00AYGS0014,E00015950,0,0,0,0,0,0
00BJFZ0032,E00022518,0,0,0,0,0,0
00BJFZ0025,E00022511,0,0,0,0,0,0
00BJFZ0027,E00022513,0,0,0,0,0,0
00BJFZ0038,E00022524,0,0,0,0,0,0
00BJGJ0003,E00022909,0,0,0,0,0,0
00BJFZ0001,E00022487,0,0,0,0,0,0
00BJFZ0023,E00022509,0,0,0,0,0,0
00BJFZ0024,E00022510,0,0,0,0,0,0
00BJFZ0022,E00022508,0,0,0,0,0,0
00BJGK0019,E00022970,0,0,0,0,0,0
00BJGJ0037,E00022943,0,0,0,0,0,0
00BJFZ0021,E00022507,0,0,0,0,0,0
00BJFZ0029,E00022515,0,0,0,0,0,0
00BJFZ0028,E00022514,0,0,0,0,0,0
00BJFZ0030,E00022516,0,0,0,0,0,0
00BJFZ0033,E00022519,0,0,0,0,0,0
00AYGW0033,E00016098,0,0,0,0,0,0
00AYGB0008,E00015257,0,0,0,0,0,0
00BJFZ0002,E00022488,0,0,0,0,0,0
00BJFZ0035,E00022521,0,0,0,0,0,0
00AYGW0037,E00016102,0,0,0,0,0,0
00BJFZ0034,E00022520,0,0,0,0,0,0
00BJFZ0037,E00022523,0,0,0,0,0,0
00BJFZ0036,E00022522,0,0,0,0,0,0
00BJFZ0031,E00022517,0,0,0,0,0,0
00BJFZ0026,E00022512,0,0,0,0,0,0
00BJFZ0042,E00022528,0,0,0,0,0,0
00AYGB0019,E00015268,0,0,0,0,0,0
00BJGJ0035,E00022941,0,0,0,0,0,0
00AMGG0027,E00008781,0,0,0,0,0,0
00AYGB0020,E00015269,0,0,0,0,0,0
00BJGJ0026,E00022932,0,0,0,0,0,0
00BJGJ0002,E00022908,0,0,0,0,0,0
00BJGJ0030,E00022936,0,0,0,0,0,0
00AYGA0040,E00015242,0,0,0,0,0,0
00BJGJ0031,E00022937,0,0,0,0,0,0
00BJGJ0028,E00022934,0,0,0,0,0,0
00BJGJ0024,E00022930,0,0,0,0,0,0
00BKGL0035,E00023808,0,0,0,0,0,0
00BJFZ0040,E00022526,0,0,0,0,0,0
00AYGS0010,E00015946,0,0,0,0,0,0
00AYGB0016,E00015265,0,0,0,0,0,0
00ANGB0024,E00009294,0,0,0,0,0,0
00AYGB0025,E00015274,0,0,0,0,0,0
00AYGB0018,E00015267,0,0,0,0,0,0
00AYGB0021,E00015270,0,0,0,0,0,0
00AYGS0012,E00015948,0,0,0,0,0,0
00AYGB0022,E00015271,0,0,0,0,0,0
00AYGB0023,E00015272,0,0,0,0,0,0
00AYGB0024,E00015273,0,0,0,0,0,0
00AYGB0014,E00015263,0,0,0,0,0,0
00AYGB0017,E00015266,0,0,0,0,0,0
00BEGL0038,E00020045,0,1,0,1,0,1
00AYGB0011,E00015260,0,0,0,0,0,0
00AYGB0009,E00015258,0,0,0,0,0,0
00AYGB0028,E00015277,0,0,0,0,0,0
00AYGB0010,E00015259,0,0,0,0,0,0
00AYGP0043,E00015842,0,0,0,0,0,0
00AYGS0008,E00015944,0,0,0,0,0,0
00AYGB0029,E00015278,0,0,0,0,0,0
00AYGB0030,E00015279,0,0,0,0,0,0
00AYGS0013,E00015949,0,0,0,0,0,0
00AYGB0026,E00015275,0,0,0,0,0,0
00AYGB0027,E00015276,0,0,0,0,0,0
00BKGS0033,E00024033,0,0,0,0,0,0
00AYGB0013,E00015262,0,0,0,0,0,0
00AYGS0006,E00015942,0,0,0,0,0,0
00AYGS0011,E00015947,0,0,0,0,0,0
00AYGA0024,E00015226,0,0,0,0,0,0
00AYGB0015,E00015264,0,0,0,0,0,0
00AYGS0003,E00015939,0,0,0,0,0,0
00AYGS0004,E00015940,0,0,0,0,0,0
00AYGS0005,E00015941,0,0,0,0,0,0
00AYGB0012,E00015261,0,0,0,0,0,0
00AYGA0033,E00015235,0,0,0,0,0,0
00AYGS0007,E00015943,0,0,0,0,0,0
00AYGA0027,E00015229,0,0,0,0,0,0
00AYGA0028,E00015230,0,0,0,0,0,0
00AYGA0032,E00015234,0,0,0,0,0,0
00AYGB0006,E00015255,0,0,0,0,0,0
00AYGB0007,E00015256,0,0,0,0,0,0
00AYGB0002,E00015251,0,0,0,0,0,0
00AYGB0005,E00015254,0,0,0,0,0,0
00AYGB0038,E00015287,0,0,0,0,0,0
00AYGB0032,E00015281,0,0,0,0,0,0
00AYGB0041,E00015290,0,0,0,0,0,0
00AYGB0040,E00015289,0,0,0,0,0,0
00AYGB0001,E00015250,0,0,0,0,0,0
00AYGB0034,E00015283,0,0,0,0,0,0
00AYGB0036,E00015285,0,0,0,0,0,0
00AYGB0043,E00015292,0,0,0,0,0,0
00AYGP0028,E00015827,0,0,0,0,0,0
00AYGB0039,E00015288,0,0,0,0,0,0
00AYGB0042,E00015291,0,0,0,0,0,0
00AYGP0039,E00015838,0,0,0,0,0,0
00BKGJ0033,E00023723,0,0,0,0,0,0
00AYGM0027,E00015735,0,0,0,0,0,0
00AYGM0029,E00015737,0,0,0,0,0,0
00AYGR0019,E00015908,0,0,0,0,0,0
00AYGP0024,E00015823,0,0,0,0,0,0
00AZGK0043,E00016437,0,0,0,0,0,0
00AYGP0022,E00015821,0,0,0,0,0,0
00AYGH0026,E00015551,0,0,0,0,0,0
00AYGT0017,E00015997,0,0,0,0,0,0
00AYGT0014,E00015994,0,0,0,0,0,0
00AYGP0018,E00015817,0,0,0,0,0,0
00AYGP0030,E00015829,0,0,0,0,0,0
00AYGP0021,E00015820,0,0,0,0,0,0
00AYGP0029,E00015828,0,0,0,0,0,0
00AYGP0020,E00015819,0,0,0,0,0,0
00AYGP0016,E00015815,0,0,0,0,0,0
00AYGP0017,E00015816,0,0,0,0,0,0
00AYGT0005,E00015985,0,0,0,0,0,0
00AYGT0007,E00015987,0,0,0,0,0,0
00AYGT0010,E00015990,0,0,0,0,0,0
00AYGA0045,E00015247,0,0,0,0,0,0
00AYGU0038,E00016057,0,0,0,0,0,0
00BKGL0037,E00023810,0,0,0,0,0,0
00AYGT0006,E00015986,0,0,0,0,0,0
00AYGT0008,E00015988,0,0,0,0,0,0
00AYGT0009,E00015989,0,0,0,0,0,0
00AYGP0040,E00015839,0,0,0,0,0,0
00AYGA0010,E00015212,0,0,0,0,0,0
00AYGP0015,E00015814,0,0,0,0,0,0
00AYGP0036,E00015835,0,0,0,0,0,0
00AYGP0033,E00015832,0,0,0,0,0,0
00AYGA0038,E00015240,0,0,0,0,0,0
00AYGP0002,E00015801,0,0,0,0,0,0
00AYGA0042,E00015244,0,0,0,0,0,0
00AYGA0046,E00015248,0,0,0,0,0,0
00ANGF0024,E00009446,0,0,0,0,0,0
00AYGA0022,E00015224,0,0,0,0,0,0
00AYGA0029,E00015231,0,0,0,0,0,0
00AYGA0037,E00015239,0,0,0,0,0,0
00AYGA0017,E00015219,0,0,0,0,0,0
00AYGA0015,E00015217,0,0,0,0,0,0
00AYGA0019,E00015221,0,0,0,0,0,0
00AYGA0025,E00015227,0,0,0,0,0,0
00AYGA0031,E00015233,0,0,0,0,0,0
00AYGA0001,E00015203,0,0,0,0,0,0
00AYGA0006,E00015208,0,0,0,0,0,0
00AYGA0007,E00015209,0,0,0,0,0,0
00AYGA0008,E00015210,0,0,0,0,0,0
00AYGA0009,E00015211,0,0,0,0,0,0
00AYGW0019,E00016084,0,0,0,0,0,0
00AYGP0004,E00015803,0,0,0,0,0,0
00AYGP0005,E00015804,0,0,0,0,0,0
00AYGP0011,E00015810,0,0,0,0,0,0
00AYGP0013,E00015812,0,0,0,0,0,0
00AYGP0003,E00015802,0,0,0,0,0,0
00AYGP0023,E00015822,0,0,0,0,0,0
00AYGP0042,E00015841,0,0,0,0,0,0
00AYGP0046,E00015845,0,0,0,0,0,0
00BEGZ0020,E00020517,0,0,0,0,0,0
00AYGP0007,E00015806,0,0,0,0,0,0
00AYGP0035,E00015834,0,0,0,0,0,0
00ANGJ0008,E00009545,0,0,0,0,0,0
00AYGP0001,E00015800,0,0,0,0,0,0
00AYGP0009,E00015808,0,0,0,0,0,0
00AYGP0019,E00015818,0,0,0,0,0,0
00AYGP0045,E00015844,0,0,0,0,0,0
00AYGU0022,E00016041,0,0,0,0,0,0
00AYGN0029,E00015782,0,0,0,0,0,0
00AYGU0020,E00016039,0,0,0,0,0,0
00AYGU0021,E00016040,0,0,0,0,0,0
00AYGA0004,E00015206,0,0,0,0,0,0
00AYGP0012,E00015811,0,0,0,0,0,0
00AYGU0023,E00016042,0,0,0,0,0,0
00AYGU0007,E00016026,0,0,0,0,0,0
00AYGP0031,E00015830,0,0,0,0,0,0
00ANGJ0014,E00009551,0,0,0,0,0,0
00AYGN0034,E00015787,0,0,0,0,0,0
00AYGA0039,E00015241,0,0,0,0,0,0
00AZGK0042,E00016436,0,0,0,0,0,0
00AYGU0043,E00016062,0,0,0,0,0,0
00AYGA0002,E00015204,0,0,0,0,0,0
00AYGA0003,E00015205,0,0,0,0,0,0
00AYGA0044,E00015246,0,0,0,0,0,0
00AYGA0047,E00015249,0,0,0,0,0,0
00AZGK0009,E00016403,0,0,0,0,0,0
00AZGK0046,E00016440,0,0,0,0,0,0
00BJGK0004,E00022955,0,0,0,0,0,0
00AYGA0041,E00015243,0,0,0,0,0,0
00AYGA0043,E00015245,0,0,0,0,0,0
00AYGU0018,E00016037,0,0,0,0,0,0
00AYGU0019,E00016038,0,0,0,0,0,0
00AYGU0001,E00016020,0,0,0,0,0,0
00AYGU0013,E00016032,0,0,0,0,0,0
00AYGA0023,E00015225,0,0,0,0,0,0
00AYGU0031,E00016050,0,0,0,0,0,0
00AYGU0009,E00016028,0,0,0,0,0,0
00AYGU0015,E00016034,0,0,0,0,0,0
00AYGU0016,E00016035,0,0,0,0,0,0
00AYGU0017,E00016036,0,0,0,0,0,0
00AYGU0010,E00016029,0,0,0,0,0,0
00AYGU0014,E00016033,0,0,0,0,0,0
00BJGK0049,E00023000,0,0,0,0,0,0
00ANGJ0027,E00009564,0,0,0,0,0,0
00AYGU0011,E00016030,0,0,0,0,0,0
00AYGT0031,E00016011,0,0,0,0,0,0
00AYGT0038,E00016018,0,0,0,0,0,0
00AYGT0035,E00016015,0,0,0,0,0,0
00AYGP0008,E00015807,0,0,0,0,0,0
00AYGT0037,E00016017,0,0,0,0,0,0
00AYGT0039,E00016019,0,0,0,0,0,0
00AYGT0032,E00016012,0,0,0,0,0,0
00BJGK0032,E00022983,0,0,0,0,0,0
00AYGT0036,E00016016,0,0,0,0,0,0
00AYGT0001,E00015981,0,0,0,0,0,0
00AYGT0021,E00016001,0,0,0,0,0,0
00AYGT0033,E00016013,0,0,0,0,0,0
00AYGT0003,E00015983,0,0,0,0,0,0
00AYGT0030,E00016010,0,0,0,0,0,0
00AYGA0034,E00015236,0,0,0,0,0,0
00AYGT0002,E00015982,0,0,0,0,0,0
00AYGT0034,E00016014,0,0,0,0,0,0
00AYGT0024,E00016004,0,0,0,0,0,0
00AYGT0022,E00016002,0,0,0,0,0,0
00AYGU0006,E00016025,0,0,0,0,0,0
00BKGL0008,E00023781,0,0,0,0,0,0
00AYGT0028,E00016008,0,0,0,0,0,0
00AYGT0026,E00016006,0,0,0,0,0,0
00AYGT0004,E00015984,0,0,0,0,0,0
00BJGK0038,E00022989,0,0,0,0,0,0
00BJGK0043,E00022994,0,0,0,0,0,0
00AYGT0019,E00015999,0,0,0,0,0,0
00AYGT0020,E00016000,0,0,0,0,0,0
00AYGT0029,E00016009,0,0,0,0,0,0
00BEGZ0004,E00020501,0,0,0,0,0,0
00AYGG0004,E00015487,0,0,0,0,0,0
00AYGT0027,E00016007,0,0,0,0,0,0
00AYGT0025,E00016005,0,0,0,0,0,0
00AYGT0023,E00016003,0,0,0,0,0,0
00BJGK0026,E00022977,0,0,0,0,0,0
00AYGU0004,E00016023,0,0,0,0,0,0
00BKGQ0025,E00023950,0,0,0,0,0,0
00AYGU0037,E00016056,0,0,0,0,0,0
00AYGU0041,E00016060,0,0,0,0,0,0
00AYGA0030,E00015232,0,0,0,0,0,0
00AYGU0044,E00016063,0,0,0,0,0,0
00AYGU0036,E00016055,0,0,0,0,0,0
00AWGE0002,E00014259,0,0,0,0,0,0
00AYGA0035,E00015237,0,0,0,0,0,0
00AYGA0036,E00015238,0,0,0,0,0,0
00BJGK0002,E00022953,0,0,0,0,0,0
00AYGU0003,E00016022,0,0,0,0,0,0
00AYGA0026,E00015228,0,0,0,0,0,0
00AYGG0008,E00015491,0,0,0,0,0,0
00AYGU0008,E00016027,0,0,0,0,0,0
00AYGU0005,E00016024,0,0,0,0,0,0
00AYGU0035,E00016054,0,0,0,0,0,0
00AYGU0040,E00016059,0,0,0,0,0,0
00AYGU0045,E00016064,0,0,0,0,0,0
00AYGU0032,E00016051,0,0,0,0,0,0
00AYGU0002,E00016021,0,0,0,0,0,0
00ANGG0038,E00009496,0,0,0,0,0,0
00AYGU0030,E00016049,0,0,0,0,0,0
00AWGE0024,E00014281,0,0,0,0,0,0
00AYGC0041,E00015333,0,0,0,0,0,0
00AYGU0034,E00016053,0,0,0,0,0,0
00AYGU0039,E00016058,0,0,0,0,0,0
00AYGU0012,E00016031,0,0,0,0,0,0
00AYGU0046,E00016065,0,0,0,0,0,0
00AYGU0042,E00016061,0,0,0,0,0,0
00AYGU0033,E00016052,0,0,0,0,0,0
00AYGA0018,E00015220,0,0,0,0,0,0
00AYGA0013,E00015215,0,0,0,0,0,0
00AYGA0014,E00015216,0,0,0,0,0,0
00AYGA0011,E00015213,0,0,0,0,0,0
00AYGA0012,E00015214,0,0,0,0,0,0
00AYGU0027,E00016046,0,0,0,0,0,0
00AYGA0021,E00015223,0,0,0,0,0,0
00ANGG0035,E00009493,0,0,0,0,0,0
00AYGA0016,E00015218,0,0,0,0,0,0
00AYGA0020,E00015222,0,0,0,0,0,0
00AYGU0026,E00016045,0,0,0,0,0,0
00AYGD0003,E00015343,0,0,0,0,0,0
00AYGD0005,E00015345,0,0,0,0,0,0
00AYGG0036,E00015519,0,0,0,0,0,0
00AYGD0008,E00015348,0,0,0,0,0,0
00AYGG0042,E00015525,0,0,0,0,0,0
00AYGD0007,E00015347,0,0,0,0,0,0
00AYGG0038,E00015521,0,0,0,0,0,0
00AYGU0028,E00016047,0,0,0,0,0,0
00AYGU0029,E00016048,0,0,0,0,0,0
00AYGU0025,E00016044,0,0,0,0,0,0
00AYGD0006,E00015346,0,0,0,0,0,0
00BEGZ0013,E00020510,0,0,0,0,0,0
00BEGZ0016,E00020513,0,0,0,0,0,0
00AYGD0009,E00015349,0,0,0,0,0,0
00AYGG0040,E00015523,0,0,0,0,0,0
00AYGD0011,E00015351,0,0,0,0,0,0
00AYGT0018,E00015998,0,0,0,0,0,0
00AYGG0009,E00015492,0,0,0,0,0,0
00AYGG0010,E00015493,0,0,0,0,0,0
00AYGD0004,E00015344,0,0,0,0,0,0
00AYGG0007,E00015490,0,0,0,0,0,0
00BEGZ0018,E00020515,0,0,0,0,0,0
00BEGZ0027,E00020524,0,0,0,0,0,0
00BEGZ0032,E00020529,0,0,0,0,0,0
00BEGZ0026,E00020523,0,0,0,0,0,0
00AYGG0037,E00015520,0,0,0,0,0,0
00AYGG0039,E00015522,0,0,0,0,0,0
00AYGG0005,E00015488,0,0,0,0,0,0
00BGGL0020,E00021691,0,1,0,1,0,1
00AYGG0035,E00015518,0,0,0,0,0,0
00AYGG0041,E00015524,0,0,0,0,0,0
00AYGG0006,E00015489,0,0,0,0,0,0
00AYGD0012,E00015352,0,0,0,0,0,0
00ANGC0015,E00009329,0,0,0,0,0,0
00BEGZ0021,E00020518,0,0,0,0,0,0
00BEGZ0017,E00020514,0,0,0,0,0,0
00BJGN0019,E00023110,0,0,0,0,0,0
00AYGB0033,E00015282,0,0,0,0,0,0
00BJGJ0019,E00022925,0,0,0,0,0,0
00AYGB0003,E00015252,0,0,0,0,0,0
00AYGB0035,E00015284,0,0,0,0,0,0
00AYGE0007,E00015396,0,0,0,0,0,0
00AWGC0004,E00014185,0,0,0,0,0,0
00AYGC0039,E00015331,0,0,0,0,0,0
00AYGE0006,E00015395,0,0,0,0,0,0
00BJGN0020,E00023111,0,0,0,0,0,0
00AYGC0038,E00015330,0,0,0,0,0,0
00BJGG0043,E00022854,0,0,0,0,0,0
00AWGE0036,E00014293,0,0,0,0,0,0
00AYGB0031,E00015280,0,0,0,0,0,0
00AYGE0044,E00015433,0,0,0,0,0,0
00AYGE0003,E00015392,0,0,0,0,0,0
00BJGN0042,E00023133,0,0,0,0,0,0
00BJGG0047,E00022858,0,0,0,0,0,0
00BJGN0031,E00023122,0,0,0,0,0,0
00AYGC0030,E00015322,0,0,0,0,0,0
00BJGN0041,E00023132,0,0,0,0,0,0
00BJGG0003,E00022814,0,0,0,0,0,0
00BJGN0025,E00023116,0,0,0,0,0,0
00BJGG0045,E00022856,0,0,0,0,0,0
00BEGD0026,E00019747,0,0,0,0,0,0
00BJGG0034,E00022845,0,0,0,0,0,0
00BJGG0038,E00022849,0,0,0,0,0,0
00BJGK0048,E00022999,0,0,0,0,0,0
00BJGN0004,E00023095,0,0,0,0,0,0
00BEGD0010,E00019731,0,0,0,0,0,0
00AWGE0006,E00014263,0,0,0,0,0,0
00BJGN0010,E00023101,0,0,0,0,0,0
00BJGN0015,E00023106,0,0,0,0,0,0
00BJGN0016,E00023107,0,0,0,0,0,0
00BJGN0036,E00023127,0,0,0,0,0,0
00BJGN0044,E00023135,0,0,0,0,0,0
00BJGN0039,E00023130,0,0,0,0,0,0
00AWGC0024,E00014205,0,0,0,0,0,0
00BJGN0043,E00023134,0,0,0,0,0,0
00BJGN0032,E00023123,0,0,0,0,0,0
00BJGN0035,E00023126,0,0,0,0,0,0
00BJGN0047,E00023138,0,0,0,0,0,0
00AYGN0035,E00015788,0,0,0,0,0,0
00BJGN0008,E00023099,0,0,0,0,0,0
00BJGN0011,E00023102,0,0,0,0,0,0
00BJGN0014,E00023105,0,0,0,0,0,0
00BKGB0025,E00023474,0,0,0,0,0,0
00BJGN0003,E00023094,0,0,0,0,0,0
00BJGN0006,E00023097,0,0,0,0,0,0
00AWGC0028,E00014209,0,0,0,0,0,0
00AYGK0037,E00015656,0,0,0,1,0,1
00BJGN0046,E00023137,0,0,0,0,0,0
00BJGN0033,E00023124,0,0,0,0,0,0
00BJGN0040,E00023131,0,0,0,0,0,0
00AYGC0002,E00015294,0,0,0,0,0,0
00AYGC0016,E00015308,0,0,0,0,0,0
00BKGB0020,E00023469,0,0,0,0,0,0
00AYGC0020,E00015312,0,0,0,0,0,0
00AYGC0021,E00015313,0,0,0,0,0,0
00AYGC0034,E00015326,0,0,0,0,0,0
00BJGN0045,E00023136,0,0,0,0,0,0
00AYGC0026,E00015318,0,0,0,0,0,0
00AYGC0003,E00015295,0,0,0,0,0,0
00BJGN0012,E00023103,0,0,0,0,0,0
00BJGN0013,E00023104,0,0,0,0,0,0
00BJGN0018,E00023109,0,0,0,0,0,0
00AYGC0031,E00015323,0,0,0,0,0,0
00AYGC0037,E00015329,0,0,0,0,0,0
00BJGK0009,E00022960,0,0,0,0,0,0
00AYGC0022,E00015314,0,0,0,0,0,0
00BJGN0037,E00023128,0,0,0,0,0,0
00AYGC0006,E00015298,0,0,0,0,0,0
00BJGN0024,E00023115,0,0,0,0,0,0
00AYGN0042,E00015795,0,0,0,0,0,1
00BJGN0021,E00023112,0,0,0,0,0,0
00BJGN0002,E00023093,0,0,0,0,0,0
00BJGG0044,E00022855,0,0,0,0,0,0
00BJGN0001,E00023092,0,0,0,0,0,0
00BJGG0001,E00022812,0,0,0,0,0,0
00BJGG0041,E00022852,0,0,0,0,0,0
00BJGK0031,E00022982,0,0,0,0,0,0
00BJGK0046,E00022997,0,0,0,0,0,0
00BJGN0030,E00023121,0,0,0,0,0,0
00BJGN0023,E00023114,0,0,0,0,0,0
00BJGG0037,E00022848,0,0,0,0,0,0
00BJGK0012,E00022963,0,0,0,0,0,0
00BJGN0028,E00023119,0,0,0,0,0,0
00BJGN0029,E00023120,0,0,0,0,0,0
00BJGG0040,E00022851,0,0,0,0,0,0
00BJGK0006,E00022957,0,0,0,0,0,0
00BJGN0027,E00023118,0,0,0,0,0,0
00AYGC0004,E00015296,0,0,0,0,0,0
00AYGN0045,E00015798,0,0,0,0,0,1
00AYGC0048,E00015340,0,0,0,0,0,0
00BJGN0026,E00023117,0,0,0,0,0,0
00BJGN0022,E00023113,0,0,0,0,0,0
00BJGK0010,E00022961,0,0,0,0,0,0
00BJGK0014,E00022965,0,0,0,0,0,0
00BJGK0017,E00022968,0,0,0,0,0,0
00BJGK0018,E00022969,0,0,0,0,0,0
00AYGC0010,E00015302,0,0,0,0,0,0
00AYGC0047,E00015339,0,0,0,0,0,0
00BJGK0013,E00022964,0,0,0,0,0,0
00BJGK0016,E00022967,0,0,0,0,0,0
00BJGK0011,E00022962,0,0,0,0,0,0
00AYGC0012,E00015304,0,0,0,0,0,0
00AYGC0025,E00015317,0,0,0,0,0,0
00BJGK0037,E00022988,0,0,0,0,0,0
00AYGC0033,E00015325,0,0,0,0,0,0
00AYGK0030,E00015649,0,1,0,1,0,1
00AYGC0018,E00015310,0,0,0,0,0,0
00AYGC0023,E00015315,0,0,0,0,0,0
00AYGC0035,E00015327,0,0,0,0,0,0
00AYGC0013,E00015305,0,0,0,0,0,0
00AYGC0011,E00015303,0,0,0,0,0,0
00AYGC0032,E00015324,0,0,0,0,0,0
00AYGJ0009,E00015582,0,0,0,0,0,0
00AYGC0027,E00015319,0,0,0,0,0,0
00AYGC0015,E00015307,0,0,0,0,0,0
00AYGC0028,E00015320,0,0,0,0,0,0
00AYGC0017,E00015309,0,0,0,0,0,0
00AYGE0029,E00015418,0,0,0,0,0,0
00AYGC0029,E00015321,0,0,0,0,0,0
00AYGC0019,E00015311,0,0,0,0,0,0
00AYGE0026,E00015415,0,0,0,0,0,0
00AYGC0009,E00015301,0,0,0,0,0,0
00AYGE0031,E00015420,0,0,0,0,0,0
00AYGJ0003,E00015576,0,0,0,0,0,0
00AYGC0036,E00015328,0,0,0,0,0,0
00AYGE0038,E00015427,0,0,0,0,0,0
00AYGE0039,E00015428,0,0,0,0,0,0
00AYGC0024,E00015316,0,0,0,0,0,0
00AYGJ0028,E00015601,0,0,0,0,0,0
00AYGK0010,E00015629,0,1,0,1,0,1
00AYGE0027,E00015416,0,0,0,0,0,0
00AYGJ0010,E00015583,0,0,0,0,0,0
00AYGC0007,E00015299,0,0,0,0,0,0
00AYGC0046,E00015338,0,0,0,0,0,0
00AYGC0008,E00015300,0,0,0,0,0,0
00AYGC0040,E00015332,0,0,0,0,0,0
00AYGC0042,E00015334,0,0,0,0,0,0
00AYGC0043,E00015335,0,0,0,0,0,0
00AYGC0001,E00015293,0,0,0,0,0,0
00AYGC0045,E00015337,0,0,0,0,0,0
00AYGJ0022,E00015595,0,0,0,0,0,0
00AYGJ0030,E00015603,0,0,0,0,0,0
00AYGJ0035,E00015608,0,0,0,0,0,0
00AYGJ0014,E00015587,0,0,0,0,0,0
00AYGC0005,E00015297,0,0,0,0,0,0
00AYGC0014,E00015306,0,0,0,0,0,0
00AYGC0044,E00015336,0,0,0,0,0,0
00AYGJ0045,E00015618,0,0,0,0,0,0
00AYGJ0018,E00015591,0,0,0,0,0,0
00AYGJ0019,E00015592,0,0,0,0,0,0
00AYGJ0023,E00015596,0,0,0,0,0,0
00AYGJ0029,E00015602,0,0,0,0,0,0
00AYGJ0031,E00015604,0,0,0,0,0,0
00BJGG0036,E00022847,0,0,0,0,0,0
00AYGK0015,E00015634,0,1,0,1,0,1
00BEGD0031,E00019752,0,0,0,0,0,0
00AYGJ0034,E00015607,0,0,0,0,0,0
00BJGK0047,E00022998,0,0,0,0,0,0
00BJGK0007,E00022958,0,0,0,0,0,0
00BJGK0008,E00022959,0,0,0,0,0,0
00BJGG0035,E00022846,0,0,0,0,0,0
00BJGK0044,E00022995,0,0,0,0,0,0
00BJGK0036,E00022987,0,0,0,0,0,0
00AYGD0038,E00015378,0,0,0,0,0,0
00BJGK0041,E00022992,0,0,0,0,0,0
00BJGK0005,E00022956,0,0,0,0,0,0
00BJGK0015,E00022966,0,0,0,0,0,0
00AWGE0040,E00014297,0,0,0,0,0,0
00BJGK0035,E00022986,0,0,0,0,0,0
00BJGK0028,E00022979,0,0,0,0,0,0
00BJGK0033,E00022984,0,0,0,0,0,0
00BJGK0027,E00022978,0,0,0,0,0,0
00BJGK0024,E00022975,0,0,0,0,0,0
00BJGK0039,E00022990,0,0,0,0,0,0
00BJGK0030,E00022981,0,0,0,0,0,0
00BJGK0029,E00022980,0,0,0,0,0,0
00BJGK0025,E00022976,0,0,0,0,0,0
00BJGK0034,E00022985,0,0,0,0,0,0
00BJGK0042,E00022993,0,0,0,0,0,0
00AYGE0005,E00015394,0,0,0,0,0,0
00AWFY0036,E00014077,0,0,0,0,0,0
00BJGK0003,E00022954,0,0,0,0,0,0
00BJGK0045,E00022996,0,0,0,0,0,0
00AYGJ0013,E00015586,0,0,0,0,0,0
00AYGN0009,E00015762,0,0,0,0,0,0
00AYGJ0017,E00015590,0,0,0,0,0,0
00AYGN0023,E00015776,0,0,0,0,0,0
00AYGJ0011,E00015584,0,0,0,0,0,0
00AYGJ0012,E00015585,0,0,0,0,0,0
00AYGN0005,E00015758,0,0,0,0,0,0
00AYGN0040,E00015793,0,0,0,0,0,0
00AYGN0046,E00015799,0,0,0,0,0,1
00AYGN0016,E00015769,0,0,0,0,0,0
00AYGN0044,E00015797,0,0,0,0,0,0
00BJGK0022,E00022973,0,0,0,0,0,0
00AWGL0036,E00014506,0,0,0,0,0,0
00AYGE0004,E00015393,0,0,0,0,0,0
00AYGE0008,E00015397,0,0,0,0,0,0
00AYGA0005,E00015207,0,0,0,0,0,0
00AYGE0045,E00015434,0,0,0,0,0,0
00AYGU0024,E00016043,0,0,0,0,0,0
00AYGD0048,E00015388,0,0,0,0,0,0
00AYGD0047,E00015387,0,0,0,0,0,0
00AYGD0046,E00015386,0,0,0,0,0,0
00AYGG0034,E00015517,0,0,0,0,0,0
00AYGE0015,E00015404,0,0,0,0,0,0
00AYGE0033,E00015422,0,0,0,0,0,0
00AYGD0010,E00015350,0,0,0,0,0,0
00AYGD0045,E00015385,0,0,0,0,0,0
00BEGZ0008,E00020505,0,0,0,0,0,0
00AYGE0035,E00015424,0,0,0,0,0,0
00BEGZ0010,E00020507,0,0,0,0,0,0
00AYGG0031,E00015514,0,0,0,0,0,0
00AYGE0002,E00015391,0,0,0,0,0,0
00AYGE0041,E00015430,0,0,0,0,0,0
00AYGE0042,E00015431,0,0,0,0,0,0
00AYGE0043,E00015432,0,0,0,0,0,0
00AYGD0044,E00015384,0,0,0,0,0,0
00AYGE0034,E00015423,0,0,0,0,0,0
00AYGD0036,E00015376,0,0,0,0,0,0
00AYGD0039,E00015379,0,0,0,0,0,0
00AYGG0024,E00015507,0,0,0,0,0,0
00AYGG0032,E00015515,0,0,0,0,0,0
00AYGD0002,E00015342,0,0,0,0,0,0
00BEGW0037,E00020411,0,0,0,0,0,0
00AYGJ0008,E00015581,0,0,0,0,0,0
00AYGJ0001,E00015574,0,0,0,0,0,0
00AYGJ0046,E00015619,0,0,0,0,0,0
00AYGJ0042,E00015615,0,0,0,0,0,0
00AYGJ0037,E00015610,0,0,0,0,0,0
00AYGE0040,E00015429,0,0,0,0,0,0
00AYGN0031,E00015784,0,0,0,0,0,0
00AYGN0030,E00015783,0,0,0,0,0,0
00AYGN0028,E00015781,0,0,0,0,0,0
00AYGE0036,E00015425,0,0,0,0,0,0
00AYGJ0005,E00015578,0,0,0,0,0,0
00AYGE0032,E00015421,0,0,0,0,0,0
00AYGJ0039,E00015612,0,0,0,0,0,0
00AYGJ0033,E00015606,0,0,0,0,0,0
00AYGN0032,E00015785,0,0,0,0,0,0
00AYGN0013,E00015766,0,0,0,0,0,1
00AYGN0019,E00015772,0,0,0,0,0,0
00AYGN0021,E00015774,0,0,0,0,0,0
00AYGK0039,E00015658,0,0,0,1,0,1
00BKGP0038,E00023917,0,0,0,0,0,0
00AYGK0032,E00015651,0,0,0,1,0,1
00AYGN0026,E00015779,0,0,0,0,0,0
00AYGN0002,E00015755,0,0,0,0,0,1
00AYGN0018,E00015771,0,0,0,0,0,0
00AYGD0022,E00015362,0,0,0,0,0,0
00AYGE0001,E00015390,0,0,0,0,0,0
00AYGE0023,E00015412,0,0,0,0,0,0
00AYGE0030,E00015419,0,0,0,0,0,0
00AYGJ0004,E00015577,0,0,0,0,0,0
00BKGL0009,E00023782,0,0,0,0,0,0
00AYGJ0006,E00015579,0,0,0,0,0,0
00AYGE0028,E00015417,0,0,0,0,0,0
00AYGE0021,E00015410,0,0,0,0,0,0
00AYGE0014,E00015403,0,0,0,0,0,0
00AYGJ0007,E00015580,0,0,0,0,0,0
00AYGE0037,E00015426,0,0,0,0,0,0
00AYGE0022,E00015411,0,0,0,0,0,0
00BKGP0021,E00023900,0,0,0,0,0,1
00AYGE0025,E00015414,0,0,0,0,0,0
00AYGD0034,E00015374,0,0,0,0,0,0
00AYGD0035,E00015375,0,0,0,0,0,0
00AYGD0042,E00015382,0,0,0,0,0,0
00AYGN0033,E00015786,0,0,0,0,0,0
00AYGE0024,E00015413,0,0,0,0,0,0
00AYGD0023,E00015363,0,0,0,0,0,0
00AYGD0033,E00015373,0,0,0,0,0,0
00AYGD0041,E00015381,0,0,0,0,0,0
00AYGD0043,E00015383,0,0,0,0,0,0
00AYGN0007,E00015760,0,0,0,0,0,0
00AYGD0032,E00015372,0,0,0,0,0,0
00AYGD0029,E00015369,0,0,0,0,0,0
00AYGJ0041,E00015614,0,0,0,0,0,0
00AYGJ0024,E00015597,0,0,0,0,0,0
00AYGJ0026,E00015599,0,0,0,0,0,0
00AYGJ0036,E00015609,0,0,0,0,0,0
00AYGJ0038,E00015611,0,0,0,0,0,0
00AYGJ0040,E00015613,0,0,0,0,0,0
00AYGE0016,E00015405,0,0,0,0,0,0
00AYGJ0020,E00015593,0,0,0,0,0,0
00AGGS0027,E00004672,1,0,1,0,1,0
00AYGJ0002,E00015575,0,0,0,0,0,0
00AYGJ0044,E00015617,0,0,0,0,0,0
00AYGJ0025,E00015598,0,0,0,0,0,0
00AYGJ0032,E00015605,0,0,0,0,0,0
00AYGE0013,E00015402,0,0,0,0,0,0
00AYGE0017,E00015406,0,0,0,0,0,0
00AYGW0044,E00016109,0,0,0,0,0,0
00AYGE0011,E00015400,0,0,0,0,0,0
00AYGD0018,E00015358,0,0,0,0,0,0
00AYGD0025,E00015365,0,0,0,0,0,0
00AYGE0019,E00015408,0,0,0,0,0,0
00BEGX0018,E00020431,0,0,0,0,0,0
00AYGE0009,E00015398,0,0,0,0,0,0
00AYGD0027,E00015367,0,0,0,0,0,0
00AYGD0013,E00015353,0,0,0,0,0,0
00AYGE0020,E00015409,0,0,0,0,0,0
00AYGD0017,E00015357,0,0,0,0,0,0
00AYGW0005,E00016070,0,0,0,0,0,0
00AYGW0045,E00016110,0,0,0,0,0,0
00AYGE0018,E00015407,0,0,0,0,0,0
00BGGD0021,E00021418,0,0,0,0,0,0
00AYGD0028,E00015368,0,0,0,0,0,0
00AYGG0002,E00015485,0,0,0,0,0,0
00AYGD0001,E00015341,0,0,0,0,0,0
00AYGD0037,E00015377,0,0,0,0,0,0
00AYGD0040,E00015380,0,0,0,0,0,0
00AYGN0017,E00015770,0,0,0,0,0,0
00AYFZ0023,E00015188,0,0,1,0,1,0
00AYGG0027,E00015510,0,0,0,0,0,0
00AYGD0030,E00015370,0,0,0,0,0,0
00AYGD0031,E00015371,0,0,0,0,0,0
00AYGG0003,E00015486,0,0,0,0,0,0
00AYGG0026,E00015509,0,0,0,0,0,0
00AYGG0029,E00015512,0,0,0,0,0,0
00BEGN0040,E00020133,0,0,0,0,0,1
00AYGG0028,E00015511,0,0,0,0,0,0
00BEGD0012,E00019733,0,0,0,0,0,0
00AYGG0033,E00015516,0,0,0,0,0,0
00AYGG0030,E00015513,0,0,0,0,0,0
00BEGW0031,E00020405,0,0,0,0,0,0
00AYGD0024,E00015364,0,0,0,0,0,0
00AYGD0026,E00015366,0,0,0,0,0,0
00AYGD0014,E00015354,0,0,0,0,0,0
00AYGD0015,E00015355,0,0,0,0,0,0
00AYGD0019,E00015359,0,0,0,0,0,0
00AYGG0013,E00015496,0,0,0,0,0,0
00AYGD0021,E00015361,0,0,0,0,0,0
00AYGG0001,E00015484,0,0,0,0,0,0
00AYGN0001,E00015754,0,0,0,0,0,1
00AYGG0016,E00015499,0,0,0,0,0,0
00AYGG0025,E00015508,0,0,0,0,0,0
00AYGG0020,E00015503,0,0,0,0,0,0
00AYGG0021,E00015504,0,0,0,0,0,0
00AYGD0016,E00015356,0,0,0,0,0,0
00AYGD0020,E00015360,0,0,0,0,0,0
00BEGD0028,E00019749,0,0,0,0,0,0
00BEGD0025,E00019746,0,0,0,0,0,0
00AYGG0014,E00015497,0,0,0,0,0,0
00AYGG0019,E00015502,0,0,0,0,0,0
00AYGG0015,E00015498,0,0,0,0,0,0
00AYGW0046,E00016111,0,0,0,0,0,0
00AYGW0040,E00016105,0,0,0,0,0,0
00AYGG0022,E00015505,0,0,0,0,0,0
00AYGG0017,E00015500,0,0,0,0,0,0
00AYGW0025,E00016090,0,0,0,0,0,0
00AYGG0011,E00015494,0,0,0,0,0,0
00AYGG0012,E00015495,0,0,0,0,0,0
00AYGG0023,E00015506,0,0,0,0,0,0
00AYGG0018,E00015501,0,0,0,0,0,0
00BEGD0030,E00019751,0,0,0,0,0,0
00AYGN0003,E00015756,0,0,0,0,0,0
00AYGN0011,E00015764,0,0,0,0,0,0
00AYGN0015,E00015768,0,0,0,0,0,0
00AYGN0022,E00015775,0,0,0,0,0,0
00AYGN0027,E00015780,0,0,0,0,0,0
00AYGW0016,E00016081,0,0,0,0,0,0
00AYGW0035,E00016100,0,0,0,0,0,0
00AYGN0039,E00015792,0,0,0,0,0,1
00AYGN0024,E00015777,0,0,0,0,0,0
00AYGN0025,E00015778,0,0,0,0,0,0
00AYGN0020,E00015773,0,0,0,0,0,0
00AYGW0034,E00016099,0,0,0,0,0,0
00AYGW0043,E00016108,0,0,0,0,0,0
00AYGW0028,E00016093,0,0,0,0,0,0
00AYGW0001,E00016066,0,0,0,0,0,0
00AYGW0022,E00016087,0,0,0,0,0,0
00AYGW0024,E00016089,0,0,0,0,0,0
00AYGW0042,E00016107,0,0,0,0,0,0
00BEGD0014,E00019735,0,0,0,0,0,0
00AYGW0010,E00016075,0,0,0,0,0,0
00AYGW0041,E00016106,0,0,0,0,0,0
00AYGW0023,E00016088,0,0,0,0,0,0
00AYGW0027,E00016092,0,0,0,0,0,0
00AYGW0020,E00016085,0,0,0,0,0,0
00AYGW0030,E00016095,0,0,0,0,0,0
00AYGW0036,E00016101,0,0,0,0,0,0
00AYGW0015,E00016080,0,0,0,0,0,1
00AYGN0037,E00015790,0,0,0,1,0,1
00AUFZ0014,E00013477,0,0,0,0,0,1
00AYGN0036,E00015789,0,0,0,1,0,1
00AYGK0018,E00015637,0,1,0,1,0,1
00AYGK0021,E00015640,0,1,0,1,0,1
00AYGN0041,E00015794,0,0,0,0,0,1
00AYGK0020,E00015639,0,1,0,1,0,1
00AYGK0022,E00015641,0,0,0,1,0,1
00AYGK0024,E00015643,0,0,0,1,0,1
00AYGK0031,E00015650,0,0,0,1,0,1
00AYGK0035,E00015654,0,0,0,0,0,1
00AYGK0036,E00015655,0,0,0,1,0,1
00AYGK0029,E00015648,0,0,0,1,0,1
00AYGN0038,E00015791,0,0,0,1,0,1
00AYGN0043,E00015796,0,0,0,0,0,1
00AYGK0002,E00015621,0,1,0,1,0,1
00AYGK0001,E00015620,0,1,0,1,0,1
00AYGK0023,E00015642,0,0,0,1,0,1
00AYGW0009,E00016074,0,0,0,0,0,1
00AYGK0017,E00015636,0,1,0,1,0,1
00AYGK0033,E00015652,0,0,0,1,0,1
00AYGK0014,E00015633,0,0,0,1,0,1
00AYGK0016,E00015635,0,0,0,1,0,1
00AYGK0034,E00015653,0,0,0,0,0,1
00AYGW0011,E00016076,0,0,0,0,0,0
00AYGW0017,E00016082,0,0,0,0,0,0
00AYGW0006,E00016071,0,0,0,0,0,1
00AYGK0026,E00015645,0,0,0,1,0,1
00AYGK0038,E00015657,0,0,0,0,0,1
00AYGW0008,E00016073,0,0,0,0,0,1
00AYGK0025,E00015644,0,0,0,1,0,1
00AYGW0039,E00016104,0,0,0,0,0,0
00AYGW0003,E00016068,0,0,0,0,0,0
00AYGW0029,E00016094,0,0,0,0,0,0
00BEGD0004,E00019725,0,0,0,0,0,0
00AYGW0004,E00016069,0,0,0,0,0,0
00AYGW0002,E00016067,0,0,0,0,0,0
00AYGW0026,E00016091,0,0,0,0,0,0
00AYGW0031,E00016096,0,0,0,0,0,0
00BEGD0022,E00019743,0,0,0,0,0,0
00AYGW0018,E00016083,0,0,0,0,0,0
00AYGW0012,E00016077,0,0,0,0,0,0
00AYGW0021,E00016086,0,0,0,0,0,0
00AYGW0038,E00016103,0,0,0,0,0,0
00BEGD0018,E00019739,0,0,0,0,0,0
00AWGE0020,E00014277,0,0,0,0,0,0
00AWGC0016,E00014197,0,0,0,0,0,0
00BEGD0017,E00019738,0,0,0,0,0,0
00BEGD0019,E00019740,0,0,0,0,0,0
00BEGD0029,E00019750,0,0,0,0,0,0
00BEGD0023,E00019744,0,0,0,0,0,0
00BEGD0027,E00019748,0,0,0,0,0,0
00BEGD0016,E00019737,0,0,0,0,0,0
00BEGD0020,E00019741,0,0,0,0,0,0
00BEGD0024,E00019745,0,0,0,0,0,0
00AWGC0036,E00014217,0,0,0,0,0,0
00BEGD0013,E00019734,0,0,0,0,0,0
00AYGW0007,E00016072,0,0,0,0,0,0
00BEGN0041,E00020134,0,0,0,0,0,1
00BEGD0002,E00019723,0,0,0,0,0,0
00BEGD0040,E00019761,0,0,0,0,0,0
00BEGD0041,E00019762,0,0,0,0,0,0
00BEGD0003,E00019724,0,0,0,0,0,0
00AWGE0021,E00014278,0,0,0,0,0,0
00BEGD0001,E00019722,0,0,0,0,0,0
00BEGD0034,E00019755,0,0,0,0,0,0
00AYGW0013,E00016078,0,0,0,0,0,0
00BEGD0038,E00019759,0,0,0,0,0,0
00BEGN0039,E00020132,0,0,0,0,0,1
00BEGD0032,E00019753,0,0,0,0,0,0
00BEGN0004,E00020097,0,0,0,0,0,1
00BEGN0005,E00020098,0,0,0,0,0,1
00BEGD0006,E00019727,0,0,0,0,0,0
00BEGN0006,E00020099,0,0,0,0,0,0
00BEGD0036,E00019757,0,0,0,0,0,0
00BEGD0039,E00019760,0,0,0,0,0,0
00BEGD0035,E00019756,0,0,0,0,0,0
00BEGK0032,E00019997,0,0,0,0,0,0
00BEGD0005,E00019726,0,0,0,0,0,0
00BEGD0008,E00019729,0,0,0,0,0,0
00BEGD0044,E00019765,0,0,0,0,0,0
00BDFW0004,E00019080,0,0,0,0,0,0
00AZGE0045,E00016203,0,0,0,0,0,0
00BDFW0032,E00019108,0,0,0,0,0,0
00BDFW0002,E00019078,0,0,0,0,0,0
00ANGF0032,E00009454,0,0,0,0,0,0
00BDFW0007,E00019083,0,0,0,0,0,0
00BDFW0008,E00019084,0,0,0,0,0,0
00BDFW0003,E00019079,0,0,0,0,0,0
00ANGF0030,E00009452,0,0,0,0,0,0
00ANGF0034,E00009456,0,0,0,0,0,0
00ANGF0001,E00009423,0,0,0,0,0,0
00ANGF0006,E00009428,0,0,0,0,0,0
00ANGF0036,E00009458,0,0,0,0,0,0
00ANGE0016,E00009400,0,0,0,0,0,0
00BDFW0033,E00019109,0,0,0,0,0,0
00ANGF0033,E00009455,0,0,0,0,0,0
00ANGF0031,E00009453,0,0,0,0,0,0
00ANGE0003,E00009387,0,0,0,0,0,0
00ANGF0026,E00009448,0,0,0,0,0,0
00ANGF0029,E00009451,0,0,0,0,0,0
00ANGJ0009,E00009546,0,0,0,0,0,0
00ANGF0028,E00009450,0,0,0,0,0,0
00ANGJ0007,E00009544,0,0,0,0,0,0
00ANGM0001,E00009644,0,0,0,0,0,0
00ANGM0026,E00009669,0,0,0,0,0,0
00BDFW0005,E00019081,0,0,0,0,0,0
00ANGJ0041,E00009578,0,0,0,0,0,0
00AGGH0035,E00004316,0,0,0,0,0,0
00ANGG0007,E00009465,0,0,0,0,0,0
00ANGG0031,E00009489,0,0,0,0,0,0
00ANGG0037,E00009495,0,0,0,0,0,0
00ANGM0012,E00009655,0,0,0,0,0,0
00ANGM0020,E00009663,0,0,0,0,0,0
00ANGM0008,E00009651,0,0,0,0,0,0
00ANGM0036,E00009679,0,0,0,0,0,0
00ANGB0043,E00009313,0,0,0,0,0,0
00ANGP0035,E00009752,0,0,0,0,0,0
00ANGB0025,E00009295,0,0,0,0,0,0
00ANGM0003,E00009646,0,0,0,0,0,0
00ANGG0009,E00009467,0,0,0,0,0,0
00ANGM0006,E00009649,0,0,0,0,0,0
00ANGP0031,E00009748,0,0,0,0,0,0
00ANGB0005,E00009275,0,0,0,0,0,0
00ANGB0023,E00009293,0,0,0,0,0,0
00ANGG0042,E00009500,0,0,0,0,0,0
00ANGG0043,E00009501,0,0,0,0,0,0
00ANGF0022,E00009444,0,0,0,0,0,0
00ANGF0016,E00009438,0,0,0,0,0,0
00ANGG0041,E00009499,0,0,0,0,0,0
00ANGG0006,E00009464,0,0,0,0,0,0
00ANGF0017,E00009439,0,0,0,0,0,0
00ANGF0018,E00009440,0,0,0,0,0,0
00ANGF0027,E00009449,0,0,0,0,0,0
00ANGG0004,E00009462,0,0,0,0,0,0
00ANGG0005,E00009463,0,0,0,0,0,0
00ANGG0034,E00009492,0,0,0,0,0,0
00ANGF0013,E00009435,0,0,0,0,0,0
00ANGF0023,E00009445,0,0,0,0,0,0
00ANGG0008,E00009466,0,0,0,0,0,0
00ANGG0039,E00009497,0,0,0,0,0,0
00ANGG0040,E00009498,0,0,0,0,0,0
00ANGG0025,E00009483,0,0,0,0,0,0
00ANGG0003,E00009461,0,0,0,0,0,0
00ANGG0028,E00009486,0,0,0,0,0,0
00ANGC0009,E00009323,0,0,0,0,0,0
00ANGG0026,E00009484,0,0,0,0,0,0
00ANGM0013,E00009656,0,0,0,0,0,0
00ANGG0027,E00009485,0,0,0,0,0,0
00ANGG0036,E00009494,0,0,0,0,0,0
00ANGG0030,E00009488,0,0,0,0,0,0
00ANGG0032,E00009490,0,0,0,0,0,0
00ANGG0033,E00009491,0,0,0,0,0,0
00ANGC0020,E00009334,0,0,0,0,0,0
00ANGG0029,E00009487,0,0,0,0,0,0
00ANGC0033,E00009347,0,0,0,0,0,0
00ANGC0040,E00009354,0,0,0,0,0,0
00ANGJ0004,E00009541,0,0,0,0,0,0
00ANGJ0026,E00009563,0,0,0,0,0,0
00ANGJ0030,E00009567,0,0,0,0,0,0
00ANGJ0038,E00009575,0,0,0,0,0,0
00AWGR0007,E00014651,0,0,0,0,0,0
00ANGF0015,E00009437,0,0,0,0,0,0
00AWGE0009,E00014266,0,0,0,0,0,0
00ANGJ0012,E00009549,0,0,0,0,0,0
00ANGF0020,E00009442,0,0,0,0,0,0
00ANGJ0042,E00009579,0,0,0,0,0,0
00ANGF0014,E00009436,0,0,0,0,0,0
00ANGF0021,E00009443,0,0,0,0,0,0
00ANGJ0006,E00009543,0,0,0,0,0,0
00ANGJ0013,E00009550,0,0,0,0,0,0
00BEGF0022,E00019829,1,0,1,0,1,0
00ANGJ0017,E00009554,0,0,0,0,0,0
00ANGJ0018,E00009555,0,0,0,0,0,0
00ANGJ0031,E00009568,0,0,0,0,0,0
00ANGJ0035,E00009572,0,0,0,0,0,0
00ANGJ0003,E00009540,0,0,0,0,0,0
00AWGC0031,E00014212,0,0,0,0,0,0
00ANGJ0016,E00009553,0,0,0,0,0,0
00ANGJ0020,E00009557,0,0,0,0,0,0
00ANGJ0022,E00009559,0,0,0,0,0,0
00ANGJ0025,E00009562,0,0,0,0,0,0
00ANGJ0028,E00009565,0,0,0,0,0,0
00ANGJ0019,E00009556,0,0,0,0,0,0
00ANGJ0010,E00009547,0,0,0,0,0,0
00ANGJ0021,E00009558,0,0,0,0,0,0
00ANGJ0034,E00009571,0,0,0,0,0,0
00ANGJ0040,E00009577,0,0,0,0,0,0
00ANGJ0043,E00009580,0,0,0,0,0,0
00ANGJ0002,E00009539,0,0,0,0,0,0
00ANGJ0039,E00009576,0,0,0,0,0,0
00ANGJ0001,E00009538,0,0,0,0,0,0
00ANGJ0005,E00009542,0,0,0,0,0,0
00ANGJ0015,E00009552,0,0,0,0,0,0
00ANGJ0029,E00009566,0,0,0,0,0,0
00ANGJ0033,E00009570,0,0,0,0,0,0
00ANGJ0036,E00009573,0,0,0,0,0,0
00ANGJ0037,E00009574,0,0,0,0,0,0
00ANGC0011,E00009325,0,0,0,0,0,0
00ANGC0029,E00009343,0,0,0,0,0,0
00ANGC0017,E00009331,0,0,0,0,0,0
00ANGC0038,E00009352,0,0,0,0,0,0
00ANGC0002,E00009316,0,0,0,0,0,0
00ANGC0004,E00009318,0,0,0,0,0,0
00ANGC0026,E00009340,0,0,0,0,0,0
00ANGC0031,E00009345,0,0,0,0,0,0
00ANGC0016,E00009330,0,0,0,0,0,0
00ANGC0005,E00009319,0,0,0,0,0,0
00ANGC0008,E00009322,0,0,0,0,0,0
00ANGC0012,E00009326,0,0,0,0,0,0
00ANGC0018,E00009332,0,0,0,0,0,0
00ANGC0042,E00009356,0,0,0,0,0,0
00ANGC0030,E00009344,0,0,0,0,0,0
00ANGC0028,E00009342,0,0,0,0,0,0
00ANGC0032,E00009346,0,0,0,0,0,0
00AWGE0005,E00014262,0,0,0,0,0,0
00AWGR0009,E00014653,0,0,0,0,0,0
00AUFY0015,E00013438,1,0,1,0,1,0
00ANGC0037,E00009351,0,0,0,0,0,0
00ANGC0010,E00009324,0,0,0,0,0,0
00ANGC0013,E00009327,0,0,0,0,0,0
00AWGE0041,E00014298,0,0,0,0,0,0
00AWFY0001,E00014042,0,0,0,0,0,0
00AWFY0015,E00014056,0,0,0,0,0,0
00AUGG0015,E00013758,0,0,0,0,0,0
00AWFY0019,E00014060,0,0,0,0,0,0
00AWFY0010,E00014051,0,0,0,0,0,0
00ANGC0014,E00009328,0,0,0,0,0,0
00AWGE0004,E00014261,0,0,0,0,0,0
00AWGE0039,E00014296,0,0,0,0,0,0
00ANGC0003,E00009317,0,0,0,0,0,0
00ANGG0024,E00009482,0,0,0,0,0,0
00ANGC0007,E00009321,0,0,0,0,0,0
00ANGC0036,E00009350,0,0,0,0,0,0
00AWFY0016,E00014057,0,0,0,0,0,0
00AWFY0018,E00014059,0,0,0,0,0,0
00ANGG0001,E00009459,0,0,0,0,0,0
00ANGG0011,E00009469,0,0,0,0,0,0
00AWGH0005,E00014376,0,0,0,0,0,0
00ANGG0012,E00009470,0,0,0,0,0,0
00ANGG0013,E00009471,0,0,0,0,0,0
00ANGG0014,E00009472,0,0,0,0,0,0
00ANGG0016,E00009474,0,0,0,0,0,0
00ANGG0017,E00009475,0,0,0,0,0,0
00ANGG0023,E00009481,0,0,0,0,0,0
00ANGA0021,E00009247,0,0,0,0,0,0
00ANGA0019,E00009245,0,0,0,0,0,0
00BKGR0025,E00023985,0,0,0,0,0,0
00ANGG0010,E00009468,0,0,0,0,0,0
00ANGG0020,E00009478,0,0,0,0,0,0
00ANGG0021,E00009479,0,0,0,0,0,0
00ANGP0001,E00009718,0,0,0,0,0,0
00ANGM0014,E00009657,0,0,0,0,0,0
00ANGG0002,E00009460,0,0,0,0,0,0
00ANGG0022,E00009480,0,0,0,0,0,0
00ANGG0015,E00009473,0,0,0,0,0,0
00ANGG0018,E00009476,0,0,0,0,0,0
00ANGG0019,E00009477,0,0,0,0,0,0
00ANGB0039,E00009309,0,0,0,0,0,0
00ANGP0010,E00009727,0,0,0,0,0,0
00ANGP0005,E00009722,0,0,0,0,0,0
00ANGC0027,E00009341,0,0,0,0,0,0
00ANGA0043,E00009269,0,0,0,0,0,0
00ANGA0011,E00009237,0,0,0,0,0,0
00ANGA0004,E00009230,0,0,0,0,0,0
00ANGA0014,E00009240,0,0,0,0,0,0
00ANGA0027,E00009253,0,0,0,0,0,0
00AYFZ0014,E00015179,0,0,0,0,1,0
00ANGA0028,E00009254,0,0,0,0,0,0
00ANGA0031,E00009257,0,0,0,0,0,0
00ANGA0002,E00009228,0,0,0,0,0,0
00BKGR0026,E00023986,0,0,0,0,0,0
00ANGA0023,E00009249,0,0,0,0,0,0
00AWGH0023,E00014394,0,0,0,0,0,0
00ANGA0003,E00009229,0,0,0,0,0,0
00ANGA0029,E00009255,0,0,0,0,0,0
00ANGA0024,E00009250,0,0,0,0,0,0
00BKGS0004,E00024004,0,0,0,0,0,0
00ANGA0030,E00009256,0,0,0,0,0,0
00ANGC0023,E00009337,0,0,0,0,0,0
00AYFZ0013,E00015178,0,0,0,0,1,0
00ANGC0024,E00009338,0,0,0,0,0,0
00ANGA0022,E00009248,0,0,0,0,0,0
00ANGA0006,E00009232,0,0,0,0,0,0
00ANGA0007,E00009233,0,0,0,0,0,0
00ANGA0008,E00009234,0,0,0,0,0,0
00ANGA0010,E00009236,0,0,0,0,0,0
00ANGA0012,E00009238,0,0,0,0,0,0
00ANGA0016,E00009242,0,0,0,0,0,0
00ANGA0001,E00009227,0,0,0,0,0,0
00ANGA0040,E00009266,0,0,0,0,0,0
00ANGA0013,E00009239,0,0,0,0,0,0
00ANGA0015,E00009241,0,0,0,0,0,0
00ANGA0017,E00009243,0,0,0,0,0,0
00AWGH0024,E00014395,0,0,0,0,0,0
00ANGA0020,E00009246,0,0,0,0,0,0
00ANGP0033,E00009750,0,0,0,0,0,0
00ANGP0007,E00009724,0,0,0,0,0,0
00ANGP0008,E00009725,0,0,0,0,0,0
00ANGP0011,E00009728,0,0,0,0,0,0
00ANGP0036,E00009753,0,0,0,0,0,0
00AWGH0007,E00014378,0,0,0,0,0,0
00ANGP0038,E00009755,0,0,0,0,0,0
00ANGP0003,E00009720,0,0,0,0,0,0
00ANGP0004,E00009721,0,0,0,0,0,0
00ANGP0009,E00009726,0,0,0,0,0,0
00ANGP0037,E00009754,0,0,0,0,0,0
00ANGP0039,E00009756,0,0,0,0,0,0
00AWGH0010,E00014381,0,0,0,0,0,0
00AWFY0005,E00014046,0,0,0,0,0,0
00ANGP0019,E00009736,0,0,0,0,0,0
00ANGP0034,E00009751,0,0,0,0,0,0
00AWGM0012,E00014518,0,0,0,0,0,0
00ANGP0006,E00009723,0,0,0,0,0,0
00ANGA0039,E00009265,0,0,0,0,0,0
00ANGP0032,E00009749,0,0,0,0,0,0
00AWGJ0001,E00014407,0,0,0,0,0,0
00ANGA0038,E00009264,0,0,0,0,0,0
00ANGA0041,E00009267,0,0,0,0,0,0
00ANGA0009,E00009235,0,0,0,0,0,0
00ANGA0032,E00009258,0,0,0,0,0,0
00ANGA0033,E00009259,0,0,0,0,0,0
00ANGA0034,E00009260,0,0,0,0,0,0
00AWGA0015,E00014131,0,0,0,0,0,0
00ANGA0035,E00009261,0,0,0,0,0,0
00ANGA0036,E00009262,0,0,0,0,0,0
00ANGP0029,E00009746,0,0,0,0,0,0
00ANGA0037,E00009263,0,0,0,0,0,0
00ANGA0042,E00009268,0,0,0,0,0,0
00ANGC0006,E00009320,0,0,0,0,0,0
00ANGA0018,E00009244,0,0,0,0,0,0
00ANGA0025,E00009251,0,0,0,0,0,0
00ANGA0026,E00009252,0,0,0,0,0,0
00AWGH0021,E00014392,0,0,0,0,0,0
00AWGN0036,E00014580,0,0,0,0,0,0
00AWGH0004,E00014375,0,0,0,0,0,0
00AWGH0017,E00014388,0,0,0,0,0,0
00AWGH0022,E00014393,0,0,0,0,0,0
00AWGH0026,E00014397,0,0,0,0,0,0
00ANGA0044,E00009270,0,0,0,0,0,0
00AWGH0015,E00014386,0,0,0,0,0,0
00AWGH0013,E00014384,0,0,0,0,0,0
00AWGH0016,E00014387,0,0,0,0,0,0
00AWGH0009,E00014380,0,0,0,0,0,0
00ANGC0001,E00009315,0,0,0,0,0,0
00ANGC0019,E00009333,0,0,0,0,0,0
00ANGC0021,E00009335,0,0,0,0,0,0
00ANGC0022,E00009336,0,0,0,0,0,0
00ANGA0005,E00009231,0,0,0,0,0,0
00AWGC0033,E00014214,0,0,0,0,0,0
00AWGH0019,E00014390,0,0,0,0,0,0
00AWGN0006,E00014550,0,0,0,0,0,0
00AWGN0035,E00014579,0,0,0,0,0,0
00AWGH0027,E00014398,0,0,0,0,0,0
00AWGH0031,E00014402,0,0,0,0,0,0
00AWGM0014,E00014520,0,0,0,0,0,0
00AWFY0035,E00014076,0,0,0,0,0,0
00AWGH0025,E00014396,0,0,0,0,0,0
00AWFY0027,E00014068,0,0,0,0,0,0
00AWGH0006,E00014377,0,0,0,0,0,0
00BKGT0032,E00024066,0,0,0,0,0,0
00AWGJ0023,E00014429,0,0,0,0,0,0
00AWGH0002,E00014373,0,0,0,0,0,0
00AWGH0011,E00014382,0,0,0,0,0,0
00AWGJ0024,E00014430,0,0,0,0,0,0
00AWGH0028,E00014399,0,0,0,0,0,0
00AWGH0032,E00014403,0,0,0,0,0,0
00AWGH0033,E00014404,0,0,0,0,0,0
00AWGH0034,E00014405,0,0,0,0,0,0
00AWGH0035,E00014406,0,0,0,0,0,0
00AWGH0001,E00014372,0,0,0,0,0,0
00AKHB0012,E00007509,0,0,0,0,0,0
00AWGB0026,E00014175,0,0,0,0,0,0
00AWGH0030,E00014401,0,0,0,0,0,0
00AWGH0012,E00014383,0,0,0,0,0,0
00AWGA0006,E00014122,0,0,0,0,0,0
00ANGE0020,E00009404,0,0,0,0,0,0
00ANGE0014,E00009398,0,0,0,0,0,0
00ANGE0015,E00009399,0,0,0,0,0,0
00AWGN0028,E00014572,0,0,0,0,0,0
00AKHA0009,E00007467,0,0,0,0,0,0
00AKHA0018,E00007476,0,0,0,0,0,0
00ANGE0028,E00009412,0,0,0,0,0,0
00ANGE0018,E00009402,0,0,0,0,0,0
00AWGR0021,E00014665,0,0,0,0,0,0
00AWGR0020,E00014664,0,0,0,0,0,0
00AWGN0027,E00014571,0,0,0,0,0,0
00AWGN0029,E00014573,0,0,0,0,0,0
00AKHA0025,E00007483,0,0,0,0,0,0
00AWGR0025,E00014669,0,0,0,0,0,0
00AWFY0008,E00014049,0,0,0,0,0,0
00AWGD0008,E00014228,0,0,0,0,0,0
00AWGD0005,E00014225,0,0,0,0,0,0
00AWGD0007,E00014227,0,0,0,0,0,0
00AWGD0009,E00014229,0,0,0,0,0,0
00AWGP0031,E00014611,0,0,0,0,0,0
00ANGE0017,E00009401,0,0,0,0,0,0
00AWGN0026,E00014570,0,0,0,0,0,0
00AWGN0022,E00014566,0,0,0,0,0,0
00AWGR0022,E00014666,0,0,0,0,0,0
00AWFY0014,E00014055,0,0,0,0,0,0
00AWGR0018,E00014662,0,0,0,0,0,0
00AWGD0010,E00014230,0,0,0,0,0,0
00AWGD0011,E00014231,0,0,0,0,0,0
00AWGD0006,E00014226,0,0,0,0,0,0
00AWFY0017,E00014058,0,0,0,0,0,0
00ANGE0002,E00009386,0,0,0,0,0,0
00AWGE0023,E00014280,0,0,0,0,0,0
00AWGA0008,E00014124,0,0,0,0,0,0
00AWGE0014,E00014271,0,0,0,0,0,0
00AWGE0011,E00014268,0,0,0,0,0,0
00AWGE0031,E00014288,0,0,0,0,0,0
00AWFY0031,E00014072,0,0,0,0,0,0
00AWGH0020,E00014391,0,0,0,0,0,0
00AWGH0003,E00014374,0,0,0,0,0,0
00AWGA0007,E00014123,0,0,0,0,0,0
00AWGA0033,E00014149,0,0,0,0,0,0
00AWFY0026,E00014067,0,0,0,0,0,0
00AWGH0008,E00014379,0,0,0,0,0,0
00AWFY0024,E00014065,0,0,0,0,0,0
00AWGH0014,E00014385,0,0,0,0,0,0
00AWGE0017,E00014274,0,0,0,0,0,0
00AWGA0001,E00014117,0,0,0,0,0,0
00AWGA0010,E00014126,0,0,0,0,0,0
00AWGA0013,E00014129,0,0,0,0,0,0
00AWGN0019,E00014563,0,0,0,0,0,0
00AWGN0001,E00014545,0,0,0,0,0,0
00AWGN0012,E00014556,0,0,0,0,0,0
00AWGN0013,E00014557,0,0,0,0,0,0
00AWGE0019,E00014276,0,0,0,0,0,0
00AWGE0022,E00014279,0,0,0,0,0,0
00AWGE0015,E00014272,0,0,0,0,0,0
00AWGE0016,E00014273,0,0,0,0,0,0
00AWGN0020,E00014564,0,0,0,0,0,0
00AWGN0010,E00014554,0,0,0,0,0,0
00AWGN0017,E00014561,0,0,0,0,0,0
00AWGE0013,E00014270,0,0,0,0,0,0
00AWGC0001,E00014182,0,0,0,0,0,0
00AWGN0007,E00014551,0,0,0,0,0,0
00AWGN0011,E00014555,0,0,0,0,0,0
00BEGE0017,E00019782,0,0,0,0,0,0
00AWGN0014,E00014558,0,0,0,0,0,0
00AWGE0001,E00014258,0,0,0,0,0,0
00AWGE0012,E00014269,0,0,0,0,0,0
00AWGN0033,E00014577,0,0,0,0,0,0
00AWGN0003,E00014547,0,0,0,0,0,0
00AWGN0002,E00014546,0,0,0,0,0,0
00AWGN0008,E00014552,0,0,0,0,0,0
00AWGN0034,E00014578,0,0,0,0,0,0
00AGGS0008,E00004653,1,0,1,0,1,0
00AWGN0016,E00014560,0,0,0,0,0,0
00AWGN0021,E00014565,0,0,0,0,0,0
00AWGN0023,E00014567,0,0,0,0,0,0
00AWGN0024,E00014568,0,0,0,0,0,0
00AWGN0025,E00014569,0,0,0,0,0,0
00AGGS0009,E00004654,1,0,1,0,1,0
00AWGN0004,E00014548,0,0,0,0,0,0
00AWGN0018,E00014562,0,0,0,0,0,0
00AWGC0027,E00014208,0,0,0,0,0,0
00AWGE0042,E00014299,0,0,0,0,0,0
00AWFY0013,E00014054,0,0,0,0,0,0
00AGGE0011,E00004179,0,0,1,0,1,0
00AWGE0035,E00014292,0,0,0,0,0,0
00AWGC0039,E00014220,0,0,0,0,0,0
00AWGE0007,E00014264,0,0,0,0,0,0
00AWGE0034,E00014291,0,0,0,0,0,0
00AWGE0038,E00014295,0,0,0,0,0,0
00AWGE0010,E00014267,0,0,0,0,0,0
00BKGS0014,E00024014,0,0,0,0,0,0
00AWGE0028,E00014285,0,0,0,0,0,0
00AWGN0032,E00014576,0,0,0,0,0,0
00AWFY0011,E00014052,0,0,0,0,0,0
00AWGE0003,E00014260,0,0,0,0,0,0
00AWGE0026,E00014283,0,0,0,0,0,0
00AWGE0030,E00014287,0,0,0,0,0,0
00AWGE0032,E00014289,0,0,0,0,0,0
00AWGE0025,E00014282,0,0,0,0,0,0
00AWGE0027,E00014284,0,0,0,0,0,0
00AWGE0029,E00014286,0,0,0,0,0,0
00AWGE0033,E00014290,0,0,0,0,0,0
00AWGC0002,E00014183,0,0,0,0,0,0
00AWFY0032,E00014073,0,0,0,0,0,0
00AWFY0033,E00014074,0,0,0,0,0,0
00AWFY0007,E00014048,0,0,0,0,0,0
00AWGC0008,E00014189,0,0,0,0,0,0
00AWGC0007,E00014188,0,0,0,0,0,0
00AWGC0021,E00014202,0,0,0,0,0,0
00AWGC0009,E00014190,0,0,0,0,0,0
00AWGC0012,E00014193,0,0,0,0,0,0
00AWGC0017,E00014198,0,0,0,0,0,0
00AWGC0023,E00014204,0,0,0,0,0,0
00AWGM0010,E00014516,0,0,0,0,0,0
00AWGC0038,E00014219,0,0,0,0,0,0
00AWGC0010,E00014191,0,0,0,0,0,0
00AWGC0020,E00014201,0,0,0,0,0,0
00BEGE0037,E00019802,0,0,0,0,1,0
00AWGC0037,E00014218,0,0,0,0,0,0
00AWGM0009,E00014515,0,0,0,0,0,0
00AWGC0019,E00014200,0,0,0,0,0,0
00AWGN0031,E00014575,0,0,0,0,0,0
00AWGC0013,E00014194,0,0,0,0,0,0
00AWGC0029,E00014210,0,0,0,0,0,0
00AWGC0003,E00014184,0,0,0,0,0,0
00AWGC0006,E00014187,0,0,0,0,0,0
00AWGC0014,E00014195,0,0,0,0,0,0
00AWGM0011,E00014517,0,0,0,0,0,0
00AWGM0007,E00014513,0,0,0,0,0,0
00AWGM0005,E00014511,0,0,0,0,0,0
00AWGM0008,E00014514,0,0,0,0,0,0
00AWGR0004,E00014648,0,0,0,0,0,0
00AWGR0008,E00014652,0,0,0,0,0,0
00BKGL0026,E00023799,0,0,0,0,0,0
00AWGR0014,E00014658,0,0,0,0,0,0
00AWGF0019,E00014318,0,0,0,0,0,0
00AWGC0035,E00014216,0,0,0,0,0,0
00AWGR0016,E00014660,0,0,0,0,0,0
00AWGR0019,E00014663,0,0,0,0,0,0
00AWGC0032,E00014213,0,0,0,0,0,0
00AWGC0034,E00014215,0,0,0,0,0,0
00AWGR0013,E00014657,0,0,0,0,0,0
00AWGP0020,E00014600,0,0,0,0,0,0
00AWGR0015,E00014659,0,0,0,0,0,0
00AWGR0010,E00014654,0,0,0,0,0,0
00AWGR0011,E00014655,0,0,0,0,0,0
00AWGD0004,E00014224,0,0,0,0,0,0
00AWGC0030,E00014211,0,0,0,0,0,0
00AWGP0022,E00014602,0,0,0,0,0,0
00AWGF0020,E00014319,0,0,0,0,0,0
00BKGK0026,E00023767,0,0,0,0,0,0
00AWGP0013,E00014593,0,0,0,0,0,0
00AWGP0018,E00014598,0,0,0,0,0,0
00AWGP0025,E00014605,0,0,0,0,0,0
00AWGR0006,E00014650,0,0,0,0,0,0
00BKGS0034,E00024034,0,0,0,0,0,0
00AWGR0005,E00014649,0,0,0,0,0,0
00AWGD0003,E00014223,0,0,0,0,0,0
00AWGP0024,E00014604,0,0,0,0,0,0
00AWGP0027,E00014607,0,0,0,0,0,0
00AWGP0026,E00014606,0,0,0,0,0,0
00AWGP0015,E00014595,0,0,0,0,0,0
00AWGP0017,E00014597,0,0,0,0,0,0
00AWGP0001,E00014581,0,0,0,0,0,0
00AWGP0012,E00014592,0,0,0,0,0,0
00AWGP0019,E00014599,0,0,0,0,0,0
00AWGG0025,E00014354,0,0,0,0,0,0
00AWGR0003,E00014647,0,0,0,0,0,0
00AWFZ0017,E00014094,0,0,0,0,0,0
00BKGG0032,E00023648,0,0,0,0,0,0
00AWFZ0004,E00014081,0,0,0,0,0,0
00AWFZ0026,E00014103,0,0,0,0,0,0
00AWFZ0027,E00014104,0,0,0,0,0,0
00AWFZ0028,E00014105,0,0,0,0,0,0
00AWFZ0037,E00014114,0,0,0,0,0,0
00AWGC0011,E00014192,0,0,0,0,0,0
00AWFZ0002,E00014079,0,0,0,0,0,0
00AWFZ0003,E00014080,0,0,0,0,0,0
00AWFZ0034,E00014111,0,0,0,0,0,0
00AWGR0002,E00014646,0,0,0,0,0,0
00AWFZ0031,E00014108,0,0,0,0,0,0
00AWGG0037,E00014366,0,0,0,0,0,0
00AWFZ0039,E00014116,0,0,0,0,0,0
00AWGC0015,E00014196,0,0,0,0,0,0
00AWFZ0005,E00014082,0,0,0,0,0,0
00AWFZ0029,E00014106,0,0,0,0,0,0
00AWFZ0025,E00014102,0,0,0,0,0,0
00AWFZ0030,E00014107,0,0,0,0,0,0
00AWFZ0032,E00014109,0,0,0,0,0,0
00AWGG0004,E00014333,0,0,0,0,0,0
00AWGG0009,E00014338,0,0,0,0,0,0
00AWGH0018,E00014389,0,0,0,0,0,0
00AWGG0012,E00014341,0,0,0,0,0,0
00AWGG0024,E00014353,0,0,0,0,0,0
00AWGG0032,E00014361,0,0,0,0,0,0
00AWGG0040,E00014369,0,0,0,0,0,0
00BKGJ0013,E00023703,0,0,0,0,0,0
00AWFZ0023,E00014100,0,0,0,0,0,0
00AWFZ0001,E00014078,0,0,0,0,0,0
00AWGG0033,E00014362,0,0,0,0,0,0
00AWFZ0033,E00014110,0,0,0,0,0,0
00AWGM0025,E00014531,0,0,0,0,0,0
00AWFZ0035,E00014112,0,0,0,0,0,0
00AWFZ0036,E00014113,0,0,0,0,0,0
00AWFZ0038,E00014115,0,0,0,0,0,0
00AWGG0006,E00014335,0,0,0,0,0,0
00AWGG0014,E00014343,0,0,0,0,0,0
00AWGG0015,E00014344,0,0,0,0,0,0
00AWGG0021,E00014350,0,0,0,0,0,0
00AWGG0023,E00014352,0,0,0,0,0,0
00AWGG0026,E00014355,0,0,0,0,0,0
00AWGG0007,E00014336,0,0,0,0,0,0
00AWGG0016,E00014345,0,0,0,0,0,0
00AWGG0017,E00014346,0,0,0,0,0,0
00AWGG0019,E00014348,0,0,0,0,0,0
00AWGG0020,E00014349,0,0,0,0,0,0
00AWGG0011,E00014340,0,0,0,0,0,0
00AWGG0005,E00014334,0,0,0,0,0,0
00AWGG0008,E00014337,0,0,0,0,0,0
00AWGG0035,E00014364,0,0,0,0,0,0
00AWGG0041,E00014370,0,0,0,0,0,0
00AWFY0002,E00014043,0,0,0,0,0,0
00AWGM0033,E00014539,0,0,0,0,0,0
00AWGM0013,E00014519,0,0,0,0,0,0
00AWFY0003,E00014044,0,0,0,0,0,0
00AWFY0004,E00014045,0,0,0,0,0,0
00AWFY0006,E00014047,0,0,0,0,0,0
00AWFY0022,E00014063,0,0,0,0,0,0
00AWFY0023,E00014064,0,0,0,0,0,0
00ALGW0024,E00008082,0,0,0,0,0,0
00ALGT0008,E00007981,0,0,0,0,0,0
00AWFY0028,E00014069,0,0,0,0,0,0
00AWFY0029,E00014070,0,0,0,0,0,0
00AWFY0030,E00014071,0,0,0,0,0,0
00AWFY0034,E00014075,0,0,0,0,0,0
00AWFY0020,E00014061,0,0,0,0,0,0
00AWFY0021,E00014062,0,0,0,0,0,0
00BKGJ0047,E00023737,0,0,0,0,0,0
00AWFY0025,E00014066,0,0,0,0,0,0
00AWGM0024,E00014530,0,0,0,0,0,0
00AWGM0018,E00014524,0,0,0,0,0,0
00AWGM0032,E00014538,0,0,0,0,0,0
00AWGM0036,E00014542,0,0,0,0,0,0
00AWGM0029,E00014535,0,0,0,0,0,0
00AWGM0031,E00014537,0,0,0,0,0,0
00AWGM0037,E00014543,0,0,0,0,0,0
00AWGM0004,E00014510,0,0,0,0,0,0
00AWGM0016,E00014522,0,0,0,0,0,0
00AWGM0017,E00014523,0,0,0,0,0,0
00AWGM0020,E00014526,0,0,0,0,0,0
00AWGM0027,E00014533,0,0,0,0,0,0
00AWGM0038,E00014544,0,0,0,0,0,0
00AWGM0030,E00014536,0,0,0,0,0,0
00AWGM0034,E00014540,0,0,0,0,0,0
00AWGM0035,E00014541,0,0,0,0,0,0
00AWGM0002,E00014508,0,0,0,0,0,0
00AWGM0003,E00014509,0,0,0,0,0,0
00AWGM0026,E00014532,0,0,0,0,0,0
00AWGM0021,E00014527,0,0,0,0,0,0
00AWGM0022,E00014528,0,0,0,0,0,0
00AWGM0023,E00014529,0,0,0,0,0,0
00AWGM0028,E00014534,0,0,0,0,0,0
00AWGM0001,E00014507,0,0,0,0,0,0
00AWGM0015,E00014521,0,0,0,0,0,0
00BKGB0004,E00023453,0,0,0,0,0,0
00AWGM0019,E00014525,0,0,0,0,0,0
00AWGM0006,E00014512,0,0,0,0,0,0
00AWGA0019,E00014135,0,0,0,0,0,0
00AWGA0020,E00014136,0,0,0,0,0,0
00AWGA0014,E00014130,0,0,0,0,0,0
00AWGA0016,E00014132,0,0,0,0,0,0
00AWGA0017,E00014133,0,0,0,0,0,0
00AWGA0018,E00014134,0,0,0,0,0,0
00BKGS0029,E00024029,0,0,0,0,1,0
00AWGA0021,E00014137,0,0,0,0,0,0
00AWGA0004,E00014120,0,0,0,0,0,0
00AWGA0009,E00014125,0,0,0,0,0,0
00AWGA0032,E00014148,0,0,0,0,0,0
00AWGA0005,E00014121,0,0,0,0,0,0
00AWGA0012,E00014128,0,0,0,0,0,0
00AWGA0002,E00014118,0,0,0,0,0,0
00AWFZ0024,E00014101,0,0,0,0,0,0
00BKGH0020,E00023676,0,0,0,0,0,0
00AWFZ0016,E00014093,0,0,0,0,0,0
00AWFZ0020,E00014097,0,0,0,0,0,0
00BKGH0027,E00023683,0,0,0,0,0,0
00BKGH0023,E00023679,0,0,0,0,0,0
00BKGH0019,E00023675,0,0,0,0,0,0
00BKGH0022,E00023678,0,0,0,0,0,0
00BKGH0016,E00023672,0,0,0,0,0,0
00AWFZ0021,E00014098,0,0,0,0,0,0
00AWFZ0014,E00014091,0,0,0,0,0,0
00ANGR0014,E00009807,0,0,0,0,0,0
00ANGR0019,E00009812,0,0,0,0,0,0
00AWFZ0011,E00014088,0,0,0,0,0,0
00AWFZ0012,E00014089,0,0,0,0,0,0
00AWFZ0013,E00014090,0,0,0,0,0,0
00BKGH0030,E00023686,0,0,0,0,0,0
00BKGH0025,E00023681,0,0,0,0,0,0
00ANGR0012,E00009805,0,0,0,0,0,0
00AWFZ0022,E00014099,0,0,0,0,0,0
00AWFZ0018,E00014095,0,0,0,0,0,0
00AWGG0029,E00014358,0,0,0,0,0,0
00BKGH0028,E00023684,0,0,0,0,0,0
00BKGH0029,E00023685,0,0,0,0,0,0
00BKGH0024,E00023680,0,0,0,0,0,0
00ANGP0024,E00009741,0,0,0,0,0,0
00ANGR0018,E00009811,0,0,0,0,0,0
00BKGS0020,E00024020,0,0,0,0,0,0
00ANGP0015,E00009732,0,0,0,0,0,0
00ANGP0025,E00009742,0,0,0,0,0,0
00ANGP0026,E00009743,0,0,0,0,0,0
00ANGP0028,E00009745,0,0,0,0,0,0
00ANGP0020,E00009737,0,0,0,0,0,0
00ANGR0038,E00009831,0,0,0,0,0,0
00BKGJ0017,E00023707,0,0,0,0,0,0
00ANGP0027,E00009744,0,0,0,0,0,0
00ANGP0030,E00009747,0,0,0,0,0,0
00ANGP0002,E00009719,0,0,0,0,0,0
00ANGP0022,E00009739,0,0,0,0,0,0
00AWGJ0004,E00014410,0,0,0,0,0,0
00AWGJ0021,E00014427,0,0,0,0,0,0
00AWGJ0022,E00014428,0,0,0,0,0,0
00AWGA0003,E00014119,0,0,0,0,0,0
00BKGJ0020,E00023710,0,0,0,0,0,0
00AWGJ0003,E00014409,0,0,0,0,0,0
00AWGH0029,E00014400,0,0,0,0,0,0
00ANGP0016,E00009733,0,0,0,0,0,0
00ANGP0018,E00009735,0,0,0,0,0,0
00ANGP0012,E00009729,0,0,0,0,0,0
00ANGP0014,E00009731,0,0,0,0,0,0
00ANGP0023,E00009740,0,0,0,0,0,0
00AWGJ0002,E00014408,0,0,0,0,0,0
00AWGJ0018,E00014424,0,0,0,0,0,0
00ANGR0007,E00009800,0,0,0,0,0,0
00AWGJ0017,E00014423,0,0,0,0,0,0
00AWGJ0020,E00014426,0,0,0,0,0,0
00AWGA0025,E00014141,0,0,0,0,0,0
00AWGA0027,E00014143,0,0,0,0,0,0
00BKGJ0021,E00023711,0,0,0,0,0,0
00ANGR0008,E00009801,0,0,0,0,0,0
00ANGR0024,E00009817,0,0,0,0,0,0
00ANGR0004,E00009797,0,0,0,0,0,0
00ANGD0005,E00009363,0,0,0,0,0,0
00ANGD0024,E00009382,0,0,0,0,0,0
00ANGR0035,E00009828,0,0,0,0,0,0
00ANGR0033,E00009826,0,0,0,0,0,0
00ANGD0013,E00009371,0,0,0,0,0,0
00ANGD0009,E00009367,0,0,0,0,0,0
00ANGP0013,E00009730,0,0,0,0,0,0
00ANGP0017,E00009734,0,0,0,0,0,0
00ANGR0005,E00009798,0,0,0,0,0,0
00ANGR0009,E00009802,0,0,0,0,0,0
00AWGK0006,E00014445,0,0,0,0,0,0
00AWGJ0009,E00014415,0,0,0,0,0,0
00ANGR0034,E00009827,0,0,0,0,0,0
00BKGJ0019,E00023709,0,0,0,0,0,0
00AWGJ0032,E00014438,0,0,0,0,0,0
00ANGP0021,E00009738,0,0,0,0,0,0
00AWGK0028,E00014467,0,0,0,0,0,0
00AWGK0004,E00014443,0,0,0,0,0,0
00ANGD0014,E00009372,0,0,0,0,0,0
00ANGD0017,E00009375,0,0,0,0,0,0
00ANGD0026,E00009384,0,0,0,0,0,0
00ANGD0001,E00009359,0,0,0,0,0,0
00ANGD0021,E00009379,0,0,0,0,0,0
00AWGK0012,E00014451,0,0,0,0,0,0
00AWGK0005,E00014444,0,0,0,0,0,0
00AWGK0021,E00014460,0,0,0,0,0,0
00AWGK0030,E00014469,0,0,0,0,0,0
00AWGK0019,E00014458,0,0,0,0,0,0
00AWGK0023,E00014462,0,0,0,0,0,0
00AWGK0026,E00014465,0,0,0,0,0,0
00AWGK0018,E00014457,0,0,0,0,0,0
00AWGK0024,E00014463,0,0,0,0,0,0
00AWGK0027,E00014466,0,0,0,0,0,0
00AWGJ0007,E00014413,0,0,0,0,0,0
00AWGK0013,E00014452,0,0,0,0,0,0
00AWGK0017,E00014456,0,0,0,0,0,0
00AWGK0007,E00014446,0,0,0,0,0,0
00BKGJ0023,E00023713,0,0,0,0,0,0
00AWGQ0026,E00014639,0,0,0,0,0,0
00AWGK0011,E00014450,0,0,0,0,0,0
00AWGK0010,E00014449,0,0,0,0,0,0
00AWGJ0008,E00014414,0,0,0,0,0,0
00AWGJ0010,E00014416,0,0,0,0,0,0
00AWGJ0015,E00014421,0,0,0,0,0,0
00BKGB0036,E00023485,0,0,0,0,0,0
00AWGJ0033,E00014439,0,0,0,0,0,0
00AWGJ0005,E00014411,0,0,0,0,0,0
00AWGJ0011,E00014417,0,0,0,0,0,0
00BKGJ0022,E00023712,0,0,0,0,0,0
00AWGK0002,E00014441,0,0,0,0,0,0
00AWGJ0012,E00014418,0,0,0,0,0,0
00AWGJ0016,E00014422,0,0,0,0,0,0
00AWGJ0019,E00014425,0,0,0,0,0,0
00AWGJ0006,E00014412,0,0,0,0,0,0
00AWGK0009,E00014448,0,0,0,0,0,0
00AWGJ0031,E00014437,0,0,0,0,0,0
00AWGJ0030,E00014436,0,0,0,0,0,0
00AWGK0008,E00014447,0,0,0,0,0,0
00AWGL0029,E00014499,0,0,0,0,0,0
00AWGJ0029,E00014435,0,0,0,0,0,0
00AWGL0031,E00014501,0,0,0,0,0,0
00AWGJ0014,E00014420,0,0,0,0,0,0
00AWGL0007,E00014477,0,0,0,0,0,0
00AWGL0014,E00014484,0,0,0,0,0,0
00AWGL0032,E00014502,0,0,0,0,0,0
00AWGL0023,E00014493,0,0,0,0,0,0
00AWGL0011,E00014481,0,0,0,0,0,0
00AWGL0015,E00014485,0,0,0,0,0,0
00AWGL0016,E00014486,0,0,0,0,0,0
00AWGL0024,E00014494,0,0,0,0,0,0
00AWGL0028,E00014498,0,0,0,0,0,0
00AWGL0030,E00014500,0,0,0,0,0,0
00AWGL0022,E00014492,0,0,0,0,0,0
00AWGL0027,E00014497,0,0,0,0,0,0
00AWGK0020,E00014459,0,0,0,0,0,0
00AWGJ0027,E00014433,0,0,0,0,0,0
00AWGJ0028,E00014434,0,0,0,0,0,0
00AWGK0003,E00014442,0,0,0,0,0,0
00AWGK0029,E00014468,0,0,0,0,0,0
00AWGK0016,E00014455,0,0,0,0,0,0
00AWGK0025,E00014464,0,0,0,0,0,0
00AWGQ0005,E00014618,0,0,0,0,0,0
00AWGB0023,E00014172,0,0,0,0,0,0
00AWGB0025,E00014174,0,0,0,0,0,0
00AWGK0022,E00014461,0,0,0,0,0,0
00AWGB0017,E00014166,0,0,0,0,0,0
00AWGF0029,E00014328,0,0,0,0,0,0
00AWGK0031,E00014470,0,0,0,0,0,0
00AWGB0028,E00014177,0,0,0,0,0,0
00AWGJ0025,E00014431,0,0,0,0,0,0
00AWGJ0026,E00014432,0,0,0,0,0,0
00AWGQ0004,E00014617,0,0,0,0,0,0
00AWGK0001,E00014440,0,0,0,0,0,0
00AWGK0015,E00014454,0,0,0,0,0,0
00AWGB0004,E00014153,0,0,0,0,0,0
00AWGB0009,E00014158,0,0,0,0,0,0
00AWGB0012,E00014161,0,0,0,0,0,0
00AWGB0029,E00014178,0,0,0,0,0,0
00AWGB0011,E00014160,0,0,0,0,0,0
00AWGQ0009,E00014622,0,0,0,0,0,0
00AWGB0008,E00014157,0,0,0,0,0,0
00AWGB0020,E00014169,0,0,0,0,0,0
00AWGB0003,E00014152,0,0,0,0,0,0
00AWGB0007,E00014156,0,0,0,0,0,0
00AWGB0005,E00014154,0,0,0,0,0,0
00AWGB0032,E00014181,0,0,0,0,0,0
00AWGB0015,E00014164,0,0,0,0,0,0
00BKGU0012,E00024083,0,0,0,0,0,0
00AWGB0006,E00014155,0,0,0,0,0,0
00AWGL0019,E00014489,0,0,0,0,0,0
00AWGB0002,E00014151,0,0,0,0,0,0
00AWGB0016,E00014165,0,0,0,0,0,0
00AWGB0018,E00014167,0,0,0,0,0,0
00AWGB0030,E00014179,0,0,0,0,0,0
00AWGB0031,E00014180,0,0,0,0,0,0
00AWGB0021,E00014170,0,0,0,0,0,0
00AWGB0022,E00014171,0,0,0,0,0,0
00AWGB0027,E00014176,0,0,0,0,0,0
00BKGB0022,E00023471,0,0,0,0,0,0
00BKGB0026,E00023475,0,0,0,0,0,0
00AWGB0014,E00014163,0,0,0,0,0,0
00BKGU0013,E00024084,0,0,0,0,0,0
00AWGB0001,E00014150,0,0,0,0,0,0
00AWGQ0014,E00014627,0,0,0,0,0,0
00AWGQ0002,E00014615,0,0,0,0,0,0
00AWGQ0027,E00014640,0,0,0,0,0,0
00AWGQ0030,E00014643,0,0,0,0,0,0
00AWGQ0006,E00014619,0,0,0,0,0,0
00AWGQ0018,E00014631,0,0,0,0,0,0
00AWGQ0028,E00014641,0,0,0,0,0,0
00AWGA0023,E00014139,0,0,0,0,0,0
00AWGQ0025,E00014638,0,0,0,0,0,0
00AWGQ0019,E00014632,0,0,0,0,0,0
00AWGQ0007,E00014620,0,0,0,0,0,0
00AWGL0021,E00014491,0,0,0,0,0,0
00AWGQ0010,E00014623,0,0,0,0,0,0
00AWGQ0008,E00014621,0,0,0,0,0,0
00AWGQ0003,E00014616,0,0,0,0,0,0
00BEGN0036,E00020129,0,0,0,1,0,1
00AWGQ0024,E00014637,0,0,0,0,0,0
00BKGB0023,E00023472,0,0,0,0,0,0
00AWGQ0012,E00014625,0,0,0,0,0,0
00AWGQ0020,E00014633,0,0,0,0,0,0
00AWGQ0023,E00014636,0,0,0,0,0,0
00AWGK0014,E00014453,0,0,0,0,0,0
00AWGQ0011,E00014624,0,0,0,0,0,0
00AWGQ0016,E00014629,0,0,0,0,0,0
00AWGQ0017,E00014630,0,0,0,0,0,0
00AWGQ0022,E00014635,0,0,0,0,0,0
00AWGQ0031,E00014644,0,0,0,0,0,0
00AEGY0017,E00002823,0,0,0,0,0,0
00AWGF0028,E00014327,0,0,0,0,0,0
00AWGF0008,E00014307,0,0,0,0,0,0
00AEGY0016,E00002822,0,0,0,0,0,0
00AWGF0005,E00014304,0,0,0,0,0,0
00AWGQ0013,E00014626,0,0,0,0,0,0
00AWGQ0015,E00014628,0,0,0,0,0,0
00AWGF0017,E00014316,0,0,0,0,0,0
00AWGQ0021,E00014634,0,0,0,0,0,0
00AWGF0001,E00014300,0,0,0,0,0,0
00BEGN0037,E00020130,0,0,0,0,0,1
00AWGF0022,E00014321,0,0,0,0,0,0
00AWGF0024,E00014323,0,0,0,0,0,0
00AWGF0013,E00014312,0,0,0,0,0,0
00AWGQ0001,E00014614,0,0,0,0,0,0
00AWGQ0029,E00014642,0,0,0,0,0,0
00BKGN0018,E00023866,0,0,0,0,0,0
00AWGF0003,E00014302,0,0,0,0,0,0
00AWGF0023,E00014322,0,0,0,0,0,0
00AWGF0026,E00014325,0,0,0,0,0,0
00AWGF0027,E00014326,0,0,0,0,0,0
00AWGF0012,E00014311,0,0,0,0,0,0
00AWGF0018,E00014317,0,0,0,0,0,0
00AWGF0025,E00014324,0,0,0,0,0,0
00AWGF0004,E00014303,0,0,0,0,0,0
00AWGF0014,E00014313,0,0,0,0,0,0
00AWGF0011,E00014310,0,0,0,0,0,0
00AWGF0015,E00014314,0,0,0,0,0,0
00AWGF0002,E00014301,0,0,0,0,0,0
00AWGB0013,E00014162,0,0,0,0,0,0
00BKGU0006,E00024077,0,0,0,0,0,0
00BKGN0004,E00023852,0,0,0,0,0,0
00BKGU0003,E00024074,0,0,0,0,0,0
00BKGU0021,E00024092,0,0,0,0,0,0
00BKGU0025,E00024096,0,0,0,0,0,0
00AWGF0010,E00014309,0,0,0,0,0,0
00BKGF0022,E00023606,0,0,0,0,0,0
00BKGF0028,E00023612,0,0,0,0,0,0
00AWGF0016,E00014315,0,0,0,0,0,0
00BKGF0008,E00023592,0,0,0,0,0,0
00BKGN0014,E00023862,0,0,0,0,0,0
00BKGU0001,E00024072,0,0,0,0,0,0
00BKGU0007,E00024078,0,0,0,0,0,0
00BKGU0010,E00024081,0,0,0,0,0,0
00BKGF0027,E00023611,0,0,0,0,0,0
00BKGF0029,E00023613,0,0,0,0,0,0
00BKGF0026,E00023610,0,0,0,0,0,0
00BKGN0017,E00023865,0,0,0,0,0,0
00BKGN0009,E00023857,0,0,0,0,0,0
00AWGA0029,E00014145,0,0,0,0,0,0
00AWGF0007,E00014306,0,0,0,0,0,0
00BKGN0029,E00023877,0,0,0,0,0,0
00AWGF0006,E00014305,0,0,0,0,0,0
00BKGN0013,E00023861,0,0,0,0,0,0
00AWGF0009,E00014308,0,0,0,0,0,0
00BKGN0006,E00023854,0,0,0,0,0,0
00BKGF0001,E00023585,0,0,0,0,0,0
00BKGN0015,E00023863,0,0,0,0,0,0
00BKGN0012,E00023860,0,0,0,0,0,0
00BKGN0002,E00023850,0,0,0,0,0,0
00BKGN0016,E00023864,0,0,0,0,0,0
00BKGK0032,E00023773,0,0,0,0,0,0
00BKGF0023,E00023607,0,0,0,0,0,0
00BKGF0002,E00023586,0,0,0,0,0,0
00BKGF0017,E00023601,0,0,0,0,0,0
00BKGF0005,E00023589,0,0,0,0,0,0
00BKGF0006,E00023590,0,0,0,0,0,0
00BKGF0009,E00023593,0,0,0,0,0,0
00BKGF0011,E00023595,0,0,0,0,0,0
00BKGF0012,E00023596,0,0,0,0,0,0
00BKGL0007,E00023780,0,0,0,0,0,0
00BKGN0001,E00023849,0,0,0,0,0,0
00BKGF0013,E00023597,0,0,0,0,0,0
00BKGF0014,E00023598,0,0,0,0,0,0
00AWGA0030,E00014146,0,0,0,0,0,0
00AWGA0024,E00014140,0,0,0,0,0,0
00AWGA0028,E00014144,0,0,0,0,0,0
00AWGA0011,E00014127,0,0,0,0,0,0
00AWGA0031,E00014147,0,0,0,0,0,0
00BKGU0014,E00024085,0,0,0,0,0,0
00BKGH0021,E00023677,0,0,0,0,0,0
00AWGA0022,E00014138,0,0,0,0,0,0
00AWGA0026,E00014142,0,0,0,0,0,0
00AWGL0003,E00014473,0,0,0,0,0,0
00AWGL0013,E00014483,0,0,0,0,0,0
00AWGL0033,E00014503,0,0,0,0,0,0
00BKGB0032,E00023481,0,0,0,0,0,0
00AWGL0018,E00014488,0,0,0,0,0,0
00AWGL0001,E00014471,0,0,0,0,0,0
00BKGB0029,E00023478,0,0,0,0,0,0
00BKGB0011,E00023460,0,0,0,0,0,0
00BKGB0021,E00023470,0,0,0,0,0,0
00AWGL0026,E00014496,0,0,0,0,0,0
00BKGB0002,E00023451,0,0,0,0,0,0
00BKGU0009,E00024080,0,0,0,0,0,0
00BKGU0011,E00024082,0,0,0,0,0,0
00BKGU0008,E00024079,0,0,0,0,0,0
00BKGF0020,E00023604,0,0,0,0,0,0
00BKGB0007,E00023456,0,0,0,0,0,0
00BKGF0030,E00023614,0,0,0,0,0,0
00BKGF0025,E00023609,0,0,0,0,0,0
00BKGF0024,E00023608,0,0,0,0,0,0
00AWGL0008,E00014478,0,0,0,0,0,0
00AWGL0004,E00014474,0,0,0,0,0,0
00BKGF0010,E00023594,0,0,0,0,0,0
00BKGF0019,E00023603,0,0,0,0,0,0
00AEGT0044,E00002682,0,0,0,0,0,0
00AWGL0005,E00014475,0,0,0,0,0,0
00AWGL0006,E00014476,0,0,0,0,0,0
00BKGJ0049,E00023739,0,0,0,0,0,0
00AWGL0010,E00014480,0,0,0,0,0,0
00AWGL0012,E00014482,0,0,0,0,0,0
00AWGL0034,E00014504,0,0,0,0,0,0
00AWGL0035,E00014505,0,0,0,0,0,0
00BKGJ0048,E00023738,0,0,0,0,0,0
00BKGG0035,E00023651,0,0,0,0,0,0
00BKGJ0001,E00023691,0,0,0,0,0,0
00BKGJ0014,E00023704,0,0,0,0,0,0
00BKGJ0051,E00023741,0,0,0,0,0,0
00BKGJ0010,E00023700,0,0,0,0,0,0
00BKGJ0042,E00023732,0,0,0,0,0,0
00BKGJ0037,E00023727,0,0,0,0,0,0
00BKGL0004,E00023777,0,0,0,0,0,0
00BKGJ0041,E00023731,0,0,0,0,0,0
00BKGJ0007,E00023697,0,0,0,0,0,0
00BKGJ0045,E00023735,0,0,0,0,0,0
00BKGJ0043,E00023733,0,0,0,0,0,0
00BKGJ0008,E00023698,0,0,0,0,0,0
00BKGJ0009,E00023699,0,0,0,0,0,0
00BKGJ0012,E00023702,0,0,0,0,0,0
00BKGJ0040,E00023730,0,0,0,0,0,0
00BKGJ0046,E00023736,0,0,0,0,0,0
00BKGJ0039,E00023729,0,0,0,0,0,0
00BKGJ0038,E00023728,0,0,0,0,0,0
00BKGJ0031,E00023721,0,0,0,0,0,0
00BKGB0010,E00023459,0,0,0,0,0,0
00BKGB0016,E00023465,0,0,0,0,0,0
00BKGB0017,E00023466,0,0,0,0,0,0
00BKGB0018,E00023467,0,0,0,0,0,0
00BKGB0019,E00023468,0,0,0,0,0,0
00BKGB0027,E00023476,0,0,0,0,0,0
00BKGB0028,E00023477,0,0,0,0,0,0
00BKGJ0024,E00023714,0,0,0,0,0,0
00BKGB0024,E00023473,0,0,0,0,0,0
00BKGB0030,E00023479,0,0,0,0,0,0
00BKGB0031,E00023480,0,0,0,0,0,0
00BKGB0033,E00023482,0,0,0,0,0,0
00BKGJ0003,E00023693,0,0,0,0,0,0
00BKGB0006,E00023455,0,0,0,0,0,0
00BKGB0012,E00023461,0,0,0,0,0,0
00BKGB0009,E00023458,0,0,0,0,0,0
00BKGB0035,E00023484,0,0,0,0,0,0
00BKGG0026,E00023642,0,0,0,0,0,0
00BKGJ0030,E00023720,0,0,0,0,0,0
00BKGJ0002,E00023692,0,0,0,0,0,0
00BKGJ0018,E00023708,0,0,0,0,0,0
00BKGB0008,E00023457,0,0,0,0,0,0
00BKGB0034,E00023483,0,0,0,0,0,0
00BKGB0005,E00023454,0,0,0,0,0,0
00BKGJ0032,E00023722,0,0,0,0,0,0
00BKGJ0034,E00023724,0,0,0,0,0,0
00BKGJ0026,E00023716,0,0,0,0,0,0
00BKGJ0027,E00023717,0,0,0,0,0,0
00BKGJ0029,E00023719,0,0,0,0,0,0
00BKGJ0036,E00023726,0,0,0,0,0,0
00BKGJ0004,E00023694,0,0,0,0,0,0
00BKGJ0005,E00023695,0,0,0,0,0,0
00BKGJ0006,E00023696,0,0,0,0,0,0
00BKGJ0025,E00023715,0,0,0,0,0,0
00BKGB0003,E00023452,0,0,0,0,0,0
00BKGL0006,E00023779,0,0,0,0,0,0
00BKGB0013,E00023462,0,0,0,0,0,0
00BKGB0014,E00023463,0,0,0,0,0,0
00BKGG0037,E00023653,0,0,0,0,0,0
00BKGG0039,E00023655,0,0,0,0,0,0
00BKGJ0015,E00023705,0,0,0,0,0,0
00BKGJ0016,E00023706,0,0,0,0,0,0
00BKGJ0028,E00023718,0,0,0,0,0,0
00BKGG0019,E00023635,0,0,0,0,0,0
00BKGG0027,E00023643,0,0,0,0,0,0
00BKGJ0044,E00023734,0,0,0,0,0,0
00BKGG0020,E00023636,0,0,0,0,0,0
00BKGK0016,E00023757,0,0,0,0,0,0
00BKGG0025,E00023641,0,0,0,0,0,0
00BKGG0038,E00023654,0,0,0,0,0,0
00BKGG0002,E00023618,0,0,0,0,0,0
00BKGL0011,E00023784,0,0,0,0,0,0
00BKGG0017,E00023633,0,0,0,0,0,0
00BKGG0004,E00023620,0,0,0,0,0,0
00BKGG0005,E00023621,0,0,0,0,0,0
00BKGG0021,E00023637,0,0,0,0,0,0
00BKGG0024,E00023640,0,0,0,0,0,0
00BKGG0006,E00023622,0,0,0,0,0,0
00BKGG0031,E00023647,0,0,0,0,0,0
00BKGJ0035,E00023725,0,0,0,0,0,0
00BKGG0010,E00023626,0,0,0,0,0,0
00BKGG0014,E00023630,0,0,0,0,0,0
00BKGG0022,E00023638,0,0,0,0,0,0
00BKGG0012,E00023628,0,0,0,0,0,0
00BKGG0015,E00023631,0,0,0,0,0,0
00BKGG0040,E00023656,0,0,0,0,0,0
00BKGG0033,E00023649,0,0,0,0,0,0
00BKGG0030,E00023646,0,0,0,0,0,0
00BKGG0034,E00023650,0,0,0,0,0,0
00BKGG0018,E00023634,0,0,0,0,0,0
00BKGC0019,E00023504,1,0,1,0,1,0
00BKGG0008,E00023624,0,0,0,0,0,0
00BKGG0009,E00023625,0,0,0,0,0,0
00BKGG0016,E00023632,0,0,0,0,0,0
00BKGG0023,E00023639,0,0,0,0,0,0
00BKGG0028,E00023644,0,0,0,0,0,0
00BKGC0013,E00023498,1,0,1,0,1,0
00BKGL0030,E00023803,0,0,0,0,0,0
00BKGC0014,E00023499,1,0,1,0,1,0
00BGGD0016,E00021413,0,0,0,0,0,0
00BKGC0015,E00023500,1,0,1,0,1,0
00BKGC0016,E00023501,1,0,1,0,1,0
00BKGC0022,E00023507,0,0,1,0,1,0
00BKGG0001,E00023617,0,0,0,0,0,0
00BKGG0011,E00023627,0,0,0,0,0,0
00BKGG0036,E00023652,0,0,0,0,0,0
00BKGC0012,E00023497,1,0,1,0,1,0
00BKGB0001,E00023450,0,0,0,0,0,0
00BKGU0002,E00024073,0,0,0,0,0,0
00BKGU0024,E00024095,0,0,0,0,0,0
00BKGU0030,E00024101,0,0,0,0,0,0
00BKGU0031,E00024102,0,0,0,0,0,0
00BKGU0032,E00024103,0,0,0,0,0,0
00BKGU0036,E00024107,0,0,0,0,0,0
00BKGU0005,E00024076,0,0,0,0,0,0
00BKGU0026,E00024097,0,0,0,0,0,0
00BKGU0017,E00024088,0,0,0,0,0,0
00BKGU0019,E00024090,0,0,0,0,0,0
00BKGU0020,E00024091,0,0,0,0,0,0
00BKGU0018,E00024089,0,0,0,0,0,0
00BKGU0035,E00024106,0,0,0,0,0,0
00BKGU0022,E00024093,0,0,0,0,0,0
00BKGU0027,E00024098,0,0,0,0,0,0
00BKGU0023,E00024094,0,0,0,0,0,0
00BKGU0028,E00024099,0,0,0,0,0,0
00BKGU0029,E00024100,0,0,0,0,0,0
00BKGK0011,E00023752,0,0,0,0,0,0
00BKGK0002,E00023743,0,0,0,0,0,0
00BKGK0017,E00023758,0,0,0,0,0,0
00BKGU0034,E00024105,0,0,0,0,0,0
00BKGL0034,E00023807,0,0,0,0,0,0
00BKGK0014,E00023755,0,0,0,0,0,0
00BKGK0018,E00023759,0,0,0,0,0,0
00BKGK0022,E00023763,0,0,0,0,0,0
00BKGU0004,E00024075,0,0,0,0,0,0
00BKGK0012,E00023753,0,0,0,0,0,0
00BKGU0033,E00024104,0,0,0,0,0,0
00BKGK0007,E00023748,0,0,0,0,0,0
00BKGF0021,E00023605,0,0,0,0,0,0
00BKGL0013,E00023786,0,0,0,0,0,0
00BKGL0029,E00023802,0,0,0,0,0,0
00BKGL0031,E00023804,0,0,0,0,0,0
00BKGK0008,E00023749,0,0,0,0,0,0
00BKGF0015,E00023599,0,0,0,0,0,0
00BKGF0016,E00023600,0,0,0,0,0,0
00BKGF0018,E00023602,0,0,0,0,0,0
00BKGL0010,E00023783,0,0,0,0,0,0
00BKGL0012,E00023785,0,0,0,0,0,0
00BKGU0016,E00024087,0,0,0,0,0,0
00BKGL0032,E00023805,0,0,0,0,0,0
00BKGL0036,E00023809,0,0,0,0,0,0
00BKGK0001,E00023742,0,0,0,0,0,0
00BKGL0027,E00023800,0,0,0,0,0,0
00BKGK0028,E00023769,0,0,0,0,0,0
00BKGK0004,E00023745,0,0,0,0,0,0
00BKGP0026,E00023905,0,0,0,0,0,0
00BKGK0027,E00023768,0,0,0,0,0,0
00BKGK0030,E00023771,0,0,0,0,0,0
00BKGK0003,E00023744,0,0,0,0,0,0
00BKGK0009,E00023750,0,0,0,0,0,0
00BKGK0031,E00023772,0,0,0,0,0,0
00BKGK0010,E00023751,0,0,0,0,0,0
00BKGK0006,E00023747,0,0,0,0,0,0
00BKGK0029,E00023770,0,0,0,0,0,0
00BKGK0019,E00023760,0,0,0,0,0,0
00BKGK0025,E00023766,0,0,0,0,0,0
00BKGL0003,E00023776,0,0,0,0,0,0
00BKGK0024,E00023765,0,0,0,0,0,0
00BKGL0028,E00023801,0,0,0,0,0,0
00BKGP0032,E00023911,0,0,0,0,0,0
00BKGG0003,E00023619,0,0,0,0,0,0
00BKGE0010,E00023572,0,0,0,0,0,0
00BKGK0023,E00023764,0,0,0,0,0,0
00BKGK0021,E00023762,0,0,0,0,0,0
00BKGE0012,E00023574,0,0,0,0,0,0
00BEGN0015,E00020108,0,1,0,1,0,1
00BKGG0029,E00023645,0,0,0,0,0,0
00BKGK0005,E00023746,0,0,0,0,0,0
00BKGE0004,E00023566,0,0,0,0,0,0
00BKGE0006,E00023568,0,1,0,1,0,1
00BKGK0013,E00023754,0,0,0,0,0,0
00BKGK0015,E00023756,0,0,0,0,0,0
00BKGK0020,E00023761,0,0,0,0,0,0
00BKGE0014,E00023576,0,0,0,0,0,0
00BKGE0017,E00023579,0,1,0,0,0,1
00BKGE0007,E00023569,0,1,0,1,0,1
00BKGC0009,E00023494,1,0,1,0,1,0
00BKGC0006,E00023491,1,0,1,0,1,0
00BKGC0008,E00023493,1,0,1,0,1,0
00BKGP0034,E00023913,0,0,0,0,0,0
00BKGE0013,E00023575,0,1,0,1,0,1
00BKGC0005,E00023490,1,0,1,0,1,0
00BKGC0032,E00023517,0,1,0,1,0,1
00BKGC0033,E00023518,0,1,0,1,0,1
00BKGC0034,E00023519,0,1,0,1,0,1
00BKGC0002,E00023487,1,0,1,0,1,0
00BKGC0004,E00023489,1,0,1,0,1,0
00BKGC0007,E00023492,1,0,1,0,1,0
00BKGE0008,E00023570,0,1,0,1,0,1
00BKGE0009,E00023571,0,1,0,1,0,1
00BKGP0033,E00023912,0,0,0,0,0,0
00BKGE0011,E00023573,0,1,0,1,0,1
00BKGE0016,E00023578,0,1,0,1,0,1
00BKGE0015,E00023577,0,1,0,1,0,1
00BKGE0005,E00023567,0,1,0,1,0,1
00BKGE0001,E00023563,0,0,0,0,0,0
00BKGE0019,E00023581,0,0,0,1,0,1
00BKGP0023,E00023902,0,0,0,0,0,1
00BKGP0035,E00023914,0,0,0,0,0,0
00BKGP0039,E00023918,0,0,0,0,0,0
00BKGE0003,E00023565,0,0,0,0,0,0
00BKGP0030,E00023909,0,0,0,0,0,0
00BKGP0031,E00023910,0,0,0,0,0,1
00BKGC0027,E00023512,0,1,0,1,0,1
00BKGE0022,E00023584,0,0,0,1,0,1
00BKGP0024,E00023903,0,0,0,0,0,1
00BKGE0020,E00023582,0,0,0,1,0,1
00BKGE0021,E00023583,0,0,0,1,0,1
00BKGP0004,E00023883,0,0,0,0,0,1
00BKGP0025,E00023904,0,0,0,1,0,1
00BKGP0036,E00023915,0,0,0,1,0,1
00BKGC0026,E00023511,0,1,0,1,0,1
00BKGC0028,E00023513,0,1,0,1,0,1
00BKGC0029,E00023514,0,1,0,1,0,1
00AWGP0011,E00014591,0,0,0,0,0,0
00AWGG0022,E00014351,0,0,0,0,0,0
00BKGD0017,E00023546,0,0,0,0,0,0
00AWGG0036,E00014365,0,0,0,0,0,0
00AWGP0008,E00014588,0,0,0,0,0,0
00AWGP0014,E00014594,0,0,0,0,0,0
00AWGP0021,E00014601,0,0,0,0,0,0
00AWGP0010,E00014590,0,0,0,0,0,0
00AWGG0042,E00014371,0,0,0,0,0,0
00AWGG0034,E00014363,0,0,0,0,0,0
00AWGG0013,E00014342,0,0,0,0,0,0
00AWGG0010,E00014339,0,0,0,0,0,0
00BKGD0004,E00023533,0,0,0,0,0,0
00AWGG0001,E00014330,0,0,0,0,0,0
00AWFZ0010,E00014087,0,0,0,0,0,0
00AWFZ0006,E00014083,0,0,0,0,0,0
00BKGH0017,E00023673,0,0,0,0,0,0
00AWFZ0015,E00014092,0,0,0,0,0,0
00BKGD0010,E00023539,0,0,0,0,0,0
00AWFZ0007,E00014084,0,0,0,0,0,0
00AWGG0030,E00014359,0,0,0,0,0,0
00AWFZ0019,E00014096,0,0,0,0,0,0
00AWFZ0008,E00014085,0,0,0,0,0,0
00BKGD0006,E00023535,0,0,0,0,0,0
00BKGD0012,E00023541,0,0,0,0,0,0
00BKGH0013,E00023669,0,0,0,0,0,0
00AWGP0009,E00014589,0,0,0,0,0,0
00AWGP0033,E00014613,0,0,0,0,0,0
00BKGD0024,E00023553,0,0,0,0,0,0
00BKGD0005,E00023534,0,0,0,0,0,0
00BKGD0008,E00023537,0,0,0,0,0,0
00BKGT0006,E00024040,0,0,0,0,0,0
00BKGD0016,E00023545,0,0,0,0,0,0
00BKGD0002,E00023531,0,0,0,0,0,0
00BKGD0007,E00023536,0,0,0,0,0,0
00BKGT0004,E00024038,0,0,0,0,0,0
00AWGP0004,E00014584,0,0,0,0,0,0
00BKGT0033,E00024067,0,0,0,0,0,0
00BKGD0018,E00023547,0,0,0,0,0,0
00BKGD0019,E00023548,0,0,0,0,0,0
00BKGT0034,E00024068,0,0,0,0,0,0
00BKGT0013,E00024047,0,0,0,0,0,0
00AWGP0005,E00014585,0,0,0,0,0,0
00AWGP0006,E00014586,0,0,0,0,0,0
00AWGG0018,E00014347,0,0,0,0,0,0
00AWGG0038,E00014367,0,0,0,0,0,0
00BKGD0030,E00023559,0,0,0,0,0,0
00BKGH0004,E00023660,0,0,0,0,0,0
00BKGH0008,E00023664,0,0,0,0,0,0
00BKGH0010,E00023666,0,0,0,0,0,0
00BKGS0022,E00024022,0,0,0,0,0,0
00BKGH0007,E00023663,0,0,0,0,0,0
00AWGP0002,E00014582,0,0,0,0,0,0
00AWGP0007,E00014587,0,0,0,0,0,0
00BKGD0033,E00023562,0,0,0,0,0,0
00AWGP0003,E00014583,0,0,0,0,0,0
00BKGT0019,E00024053,0,0,0,0,0,0
00AWGG0039,E00014368,0,0,0,0,0,0
00BKGD0032,E00023561,0,0,0,0,0,0
00BKGT0001,E00024035,0,0,0,0,0,0
00BKGT0020,E00024054,0,0,0,0,0,0
00BKGR0023,E00023983,0,0,0,0,0,0
00BKGR0035,E00023995,0,0,0,0,0,0
00BKGD0031,E00023560,0,0,0,0,0,0
00BKGH0009,E00023665,0,0,0,0,0,0
00BKGD0027,E00023556,0,0,0,0,0,0
00BKGT0016,E00024050,0,0,0,0,0,0
00BKGH0006,E00023662,0,0,0,0,0,0
00BKGD0001,E00023530,0,0,0,0,0,0
00BKGD0003,E00023532,0,0,0,0,0,0
00BKGT0022,E00024056,0,0,0,0,0,0
00BKGT0027,E00024061,0,0,0,0,0,0
00BKGD0026,E00023555,0,0,0,0,0,0
00BKGT0031,E00024065,0,0,0,0,0,0
00BKGT0036,E00024070,0,0,0,0,0,0
00BKGT0037,E00024071,0,0,0,0,0,0
00BKGD0028,E00023557,0,0,0,0,0,0
00BKGD0029,E00023558,0,0,0,0,0,0
00BKGT0017,E00024051,0,0,0,0,0,0
00BKGT0029,E00024063,0,0,0,0,0,0
00BKGD0011,E00023540,0,0,0,0,0,0
00BKGR0005,E00023965,0,0,0,0,0,0
00BKGR0007,E00023967,0,0,0,0,0,0
00BKGR0039,E00023999,0,0,0,0,0,0
00BKGD0020,E00023549,0,0,0,0,0,0
00BKGD0021,E00023550,0,0,0,0,0,0
00BKGR0024,E00023984,0,0,0,0,0,0
00BKGD0014,E00023543,0,0,0,0,0,0
00BKGD0022,E00023551,0,0,0,0,0,0
00BKGD0025,E00023554,0,0,0,0,0,0
00BKGT0003,E00024037,0,0,0,0,0,0
00BKGT0005,E00024039,0,0,0,0,0,0
00BKGT0007,E00024041,0,0,0,0,0,0
00BKGT0009,E00024043,0,0,0,0,0,0
00BKGT0010,E00024044,0,0,0,0,0,0
00BKGR0019,E00023979,0,0,0,0,0,0
00BKGT0012,E00024046,0,0,0,0,0,0
00BKGD0013,E00023542,0,0,0,0,0,0
00BKGD0015,E00023544,0,0,0,0,0,0
00BKGD0023,E00023552,0,0,0,0,0,0
00BKGR0001,E00023961,0,0,0,0,0,0
00BKGR0002,E00023962,0,0,0,0,0,0
00BKGR0009,E00023969,0,0,0,0,0,0
00BKGR0010,E00023970,0,0,0,0,0,0
00BKGT0011,E00024045,0,0,0,0,0,0
00BKGR0021,E00023981,0,0,0,0,0,0
00BKGT0002,E00024036,0,0,0,0,0,0
00BKGT0008,E00024042,0,0,0,0,0,0
00BKGR0008,E00023968,0,0,0,0,0,0
00BKGR0040,E00024000,0,0,0,0,0,0
00BKGR0011,E00023971,0,0,0,0,0,0
00BKGR0003,E00023963,0,0,0,0,0,0
00BKGR0015,E00023975,0,0,0,0,0,0
00BKGR0004,E00023964,0,0,0,0,0,0
00BKGR0012,E00023972,0,0,0,0,0,0
00BKGR0014,E00023974,0,0,0,0,0,0
00BKGR0013,E00023973,0,0,0,0,0,0
00BKGR0016,E00023976,0,0,0,0,0,0
00BKGR0017,E00023977,0,0,0,0,0,0
00BKGR0018,E00023978,0,0,0,0,0,0
00BKGR0020,E00023980,0,0,0,0,0,0
00BKGR0022,E00023982,0,0,0,0,0,0
00BKGT0018,E00024052,0,0,0,0,0,0
00BKGT0015,E00024049,0,0,0,0,0,0
00BKGT0025,E00024059,0,0,0,0,0,0
00BKGT0024,E00024058,0,0,0,0,0,0
00BKGS0001,E00024001,0,0,0,0,0,0
00BKGR0028,E00023988,0,0,0,0,0,0
00BKGS0006,E00024006,0,0,0,0,0,0
00BKGS0008,E00024008,0,0,0,0,0,0
00BKGT0021,E00024055,0,0,0,0,0,0
00BKGT0026,E00024060,0,0,0,0,0,0
00BKGT0028,E00024062,0,0,0,0,0,0
00BKGT0035,E00024069,0,0,0,0,0,0
00BKGR0027,E00023987,0,0,0,0,0,0
00BKGR0031,E00023991,0,0,0,0,0,0
00BKGR0032,E00023992,0,0,0,0,0,0
00BKGR0036,E00023996,0,0,0,0,0,0
00BKGR0037,E00023997,0,0,0,0,0,0
00BKGT0023,E00024057,0,0,0,0,0,0
00BKGT0030,E00024064,0,0,0,0,0,0
00BKGS0025,E00024025,0,0,0,0,0,0
00BKGR0033,E00023993,0,0,0,0,0,0
00BKGS0002,E00024002,0,0,0,0,0,0
00BKGS0003,E00024003,0,0,0,0,0,0
00BKGS0015,E00024015,0,0,0,0,0,0
00BGFZ0002,E00021261,0,0,0,0,0,0
00BKGS0026,E00024026,0,0,0,0,0,0
00BKGS0027,E00024027,0,0,0,0,0,0
00BKGR0034,E00023994,0,0,0,0,0,0
00BEGN0046,E00020139,0,1,0,1,0,1
00BKGS0028,E00024028,0,0,0,0,0,0
00BKGS0009,E00024009,0,0,0,0,0,0
00BKGS0010,E00024010,0,0,0,0,0,0
00BKGS0011,E00024011,0,0,0,0,0,0
00BKGS0012,E00024012,0,0,0,0,0,0
00BKGS0016,E00024016,0,0,0,0,0,0
00BKGS0017,E00024017,0,0,0,0,0,0
00BKGS0018,E00024018,0,0,0,0,0,0
00BKGS0019,E00024019,0,0,0,0,0,0
00BKGS0021,E00024021,0,0,0,0,0,0
00BKGS0023,E00024023,0,0,0,0,0,0
00BKGQ0029,E00023954,0,0,0,0,0,0
00AWGG0002,E00014331,0,0,0,0,0,0
00AWGG0028,E00014357,0,0,0,0,0,0
00AWGG0031,E00014360,0,0,0,0,0,0
00AYFZ0024,E00015189,0,0,1,0,1,0
00AWFZ0009,E00014086,0,0,0,0,0,0
00BKGH0001,E00023657,0,0,0,0,0,0
00BKGH0031,E00023687,0,0,0,0,0,0
00BEGN0030,E00020123,0,0,0,0,0,1
00BKGH0026,E00023682,0,0,0,0,0,0
00BKGH0034,E00023690,0,0,0,0,0,0
00BKGH0015,E00023671,0,0,0,0,0,0
00AWGG0027,E00014356,0,0,0,0,0,0
00AWGG0003,E00014332,0,0,0,0,0,0
00BKGH0003,E00023659,0,0,0,0,0,0
00BKGH0018,E00023674,0,0,0,0,0,0
00BKGT0014,E00024048,0,0,0,0,0,0
00AGGS0034,E00004679,1,0,1,0,1,0
00BKGQ0021,E00023946,0,0,0,0,0,0
00BKGH0002,E00023658,0,0,0,0,0,0
00BKGQ0016,E00023941,0,0,0,0,0,0
00BEGJ0024,E00019946,0,1,0,1,0,1
00BKGH0005,E00023661,0,0,0,0,0,0
00BKGH0032,E00023688,0,0,0,0,0,0
00BKGH0033,E00023689,0,0,0,0,0,0
00BKGH0014,E00023670,0,0,0,0,0,0
00BKGH0012,E00023668,0,0,0,0,0,0
00BKGQ0013,E00023938,0,0,0,0,0,0
00BKGQ0017,E00023942,0,0,0,0,0,0
00BEGN0042,E00020135,0,1,0,1,0,1
00BKGQ0015,E00023940,0,0,0,0,0,0
00BKGS0007,E00024007,0,0,0,0,0,0
00BKGS0032,E00024032,0,0,0,0,0,0
00BKGS0005,E00024005,0,0,0,0,0,0
00AYFZ0018,E00015183,0,0,0,0,1,0
00BKGQ0018,E00023943,0,0,0,0,0,0
00BKGQ0023,E00023948,0,0,0,0,0,0
00BKGQ0002,E00023927,0,0,0,0,0,0
00BKGQ0027,E00023952,0,0,0,0,0,0
00BKGQ0001,E00023926,0,0,0,0,0,0
00BKGQ0022,E00023947,0,0,0,0,0,0
00BKGQ0024,E00023949,0,0,0,0,0,0
00BKGQ0019,E00023944,0,0,0,0,0,0
00AYGK0007,E00015626,0,1,0,1,0,1
00BKGQ0026,E00023951,0,0,0,0,0,0
00BKGQ0028,E00023953,0,0,0,0,0,0
00AYFZ0026,E00015191,0,0,1,0,1,0
00AYGK0008,E00015627,0,1,0,1,0,1
00AYGK0011,E00015630,0,1,0,1,0,1
00AYGK0013,E00015632,0,1,0,1,0,1
00AYGK0012,E00015631,0,0,0,1,0,1
00BEGK0013,E00019978,0,0,0,0,0,1
00BEGN0038,E00020131,0,0,0,0,0,1
00BEGD0033,E00019754,0,0,0,0,0,0
00AYGK0005,E00015624,0,1,0,1,0,1
00AYGK0009,E00015628,0,1,0,1,0,1
00AYGK0006,E00015625,0,1,0,1,0,1
00AYGK0019,E00015638,0,1,0,1,0,1
00BEGN0002,E00020095,0,0,0,0,0,1
00BEGN0034,E00020127,0,0,0,0,0,1
00BEGK0002,E00019967,0,0,0,0,0,0
00AYFZ0027,E00015192,0,0,1,0,1,0
00BEGN0003,E00020096,0,0,0,0,0,1
00BEGK0028,E00019993,0,0,0,0,0,0
00BKGS0030,E00024030,0,0,0,0,1,0
00BKGS0024,E00024024,0,0,0,0,0,0
00AYFZ0028,E00015193,1,0,1,0,1,0
00AYGL0003,E00015666,1,0,1,0,1,0
00AYGL0007,E00015670,0,1,0,1,0,1
00AYGL0009,E00015672,0,1,0,1,0,1
00AYGK0003,E00015622,0,1,0,1,0,1
00AYGK0004,E00015623,1,0,1,0,1,0
00AYGL0012,E00015675,1,0,1,0,1,0
00AYGL0013,E00015676,1,0,1,0,1,0
00AYGL0008,E00015671,1,0,1,0,1,0
00AYGL0006,E00015669,1,0,1,0,1,0
00AYFZ0007,E00015172,0,0,0,0,0,0
00AYGL0001,E00015664,0,1,0,1,0,1
00BEGN0029,E00020122,0,0,0,1,0,1
00AYGK0042,E00015661,0,1,0,1,0,1
00AYGK0043,E00015662,0,1,0,1,0,1
00AYGL0026,E00015689,1,0,1,0,1,0
00AYGK0041,E00015660,0,1,0,1,0,1
00AYGL0015,E00015678,0,1,0,1,0,1
00AYGL0004,E00015667,1,0,1,0,1,0
00BEGN0019,E00020112,0,1,0,1,0,1
00BEGN0021,E00020114,0,1,0,1,0,1
00AYGK0044,E00015663,0,1,0,1,0,1
00AYGL0027,E00015690,1,0,1,0,1,0
00AYGL0010,E00015673,1,0,1,0,1,0
00AYGL0014,E00015677,1,0,1,0,1,0
00AYGL0011,E00015674,0,1,0,1,0,1
00AYGL0002,E00015665,1,0,1,0,1,0
00AYGL0005,E00015668,0,1,0,1,0,1
00AYGL0024,E00015687,0,0,1,0,1,0
00AYGL0035,E00015698,1,0,1,0,1,0
00AYGL0018,E00015681,0,0,0,0,1,0
00AYGL0020,E00015683,0,0,0,0,1,0
00AYGL0044,E00015707,1,0,1,0,1,0
00AYGL0038,E00015701,0,0,1,0,1,0
00AYGL0041,E00015704,1,0,1,0,1,0
00AYGL0030,E00015693,0,0,1,0,1,0
00AYGL0023,E00015686,1,0,1,0,1,0
00AYGL0042,E00015705,1,0,1,0,1,0
00AYGL0040,E00015703,1,0,1,0,1,0
00AYGL0019,E00015682,0,0,1,0,1,0
00AYGL0016,E00015679,1,0,1,0,1,0
00AYGL0029,E00015692,1,0,1,0,1,0
00AYGL0043,E00015706,0,1,0,1,0,1
00AYGL0021,E00015684,1,0,1,0,1,0
00AYGL0025,E00015688,1,0,1,0,1,0
00AYFZ0004,E00015169,0,0,1,0,1,0
00AYGL0045,E00015708,1,0,1,0,1,0
00AYGL0034,E00015697,1,0,1,0,1,0
00AYGL0036,E00015699,1,0,1,0,1,0
00AYGL0031,E00015694,1,0,1,0,1,0
00AYGL0033,E00015696,1,0,1,0,1,0
00AYGL0028,E00015691,1,0,1,0,1,0
00AYFZ0029,E00015194,1,0,1,0,1,0
00AYGL0017,E00015680,1,0,1,0,1,0
00BEGN0024,E00020117,0,1,0,1,0,1
00BEGN0014,E00020107,0,1,0,1,0,1
00BEGN0025,E00020118,0,0,0,1,0,1
00BEGN0001,E00020094,0,0,0,0,0,1
00BEGN0022,E00020115,0,0,0,1,0,1
00BEGN0017,E00020110,0,1,0,1,0,1
00BEGN0009,E00020102,0,0,0,1,0,1
00BEGN0018,E00020111,0,1,0,1,0,1
00BEGN0013,E00020106,0,0,0,1,0,1
00BEGN0031,E00020124,0,0,0,1,0,1
00BEGN0035,E00020128,0,0,0,1,0,1
00BEGN0033,E00020126,0,0,0,0,0,1
00BEGN0028,E00020121,0,1,0,1,0,1
00BEGK0014,E00019979,0,0,0,0,0,1
00BEGN0016,E00020109,0,1,0,1,0,1
00BEGN0027,E00020120,0,0,0,1,0,1
00BEGK0009,E00019974,0,0,0,0,0,1
00BEGK0018,E00019983,0,0,0,0,0,0
00BEGK0007,E00019972,0,0,0,0,0,1
00BEGJ0007,E00019929,0,0,0,1,0,1
00BEGK0022,E00019987,0,0,0,0,0,0
00BEGN0020,E00020113,0,0,0,1,0,1
00BEGK0038,E00020003,0,0,0,1,0,1
00BEGK0040,E00020005,0,0,0,1,0,1
00BEGK0027,E00019992,0,0,0,0,0,1
00BEGN0032,E00020125,0,0,0,0,0,1
00BEGK0020,E00019985,0,0,0,0,0,0
00BEGK0024,E00019989,0,0,0,0,0,0
00BEGK0026,E00019991,0,0,0,0,0,0
00BEGN0026,E00020119,0,0,0,0,0,1
00BEGK0003,E00019968,0,0,0,0,0,1
00BEGN0008,E00020101,0,1,0,1,0,1
00BEGE0006,E00019771,1,0,1,0,1,0
00AYGL0032,E00015695,0,1,0,1,0,1
00BEGN0012,E00020105,0,1,0,1,0,1
00AYGL0022,E00015685,1,0,1,0,1,0
00BEGN0007,E00020100,0,1,0,1,0,1
00BEGN0043,E00020136,0,1,0,1,0,1
00BEGN0011,E00020104,0,1,0,1,0,1
00BEGN0044,E00020137,0,1,0,1,0,1
00BEGJ0018,E00019940,0,1,0,1,0,1
00AYGL0037,E00015700,0,1,0,1,0,1
00AYGL0039,E00015702,0,1,0,1,0,1
00BEGN0010,E00020103,0,1,0,1,0,1
00BEGN0045,E00020138,0,1,0,1,0,1
00BEGE0007,E00019772,1,0,1,0,1,0
00BEGJ0003,E00019925,0,1,0,1,0,1
00BEGJ0026,E00019948,0,1,0,1,0,1
00BEGJ0032,E00019954,0,1,0,1,0,1
00BEGJ0038,E00019960,0,1,0,1,0,1
00AGGS0015,E00004660,1,0,1,0,1,0
00BEGJ0042,E00019964,0,0,0,1,0,1
00BEGJ0005,E00019927,0,0,0,1,0,1
00BEGJ0036,E00019958,0,1,0,1,0,1
00BEGJ0039,E00019961,0,1,0,1,0,1
00BEGJ0040,E00019962,0,0,0,1,0,1
00BEGJ0017,E00019939,0,1,0,1,0,1
00BEGJ0019,E00019941,0,1,0,1,0,1
00BEGJ0029,E00019951,0,1,0,1,0,1
00BEGJ0016,E00019938,0,1,0,1,0,1
00BEGJ0020,E00019942,0,1,0,1,0,1
00BEGJ0021,E00019943,0,1,0,1,0,1
00BEGJ0022,E00019944,0,1,0,1,0,1
00BEGJ0030,E00019952,0,1,0,1,0,1
00BEGJ0014,E00019936,0,1,0,1,0,1
00AYFZ0001,E00015166,0,0,0,0,0,0
00AYFZ0019,E00015184,0,0,0,0,1,0
00BEGE0001,E00019766,0,0,1,0,1,0
00AYFZ0022,E00015187,0,0,0,0,1,0
00BEGE0040,E00019805,0,0,1,0,1,0
00BEGE0035,E00019800,0,0,1,0,1,0
00AYFZ0021,E00015186,0,0,0,0,1,0
00AYFZ0005,E00015170,0,0,0,0,0,0
00AYFZ0025,E00015190,0,0,1,0,1,0
00AYFZ0011,E00015176,0,0,0,0,0,0
00AYFZ0003,E00015168,0,0,0,0,1,0
00AYFZ0016,E00015181,0,0,0,0,1,0
00AYFZ0002,E00015167,0,0,0,0,1,0
00AYFZ0017,E00015182,0,0,0,0,1,0
00AYFZ0020,E00015185,0,0,1,0,1,0
00BEGE0039,E00019804,0,0,0,0,1,0
00BEGF0024,E00019831,1,0,1,0,1,0
00AYFZ0010,E00015175,0,0,0,0,0,0
00AYFZ0036,E00015201,0,0,0,0,0,0
00BEGE0027,E00019792,0,0,0,0,1,0
00AYFZ0008,E00015173,0,0,0,0,0,0
00AYFZ0035,E00015200,0,0,0,0,0,0
00AYFZ0006,E00015171,0,0,0,0,0,0
00AYFZ0037,E00015202,0,0,0,0,0,0
00AYFZ0009,E00015174,0,0,0,0,0,0
00BEGE0033,E00019798,1,0,1,0,1,0
00BEGE0003,E00019768,1,0,1,0,1,0
00BEGE0042,E00019807,1,0,1,0,1,0
00BEGE0036,E00019801,1,0,1,0,1,0
00BEGE0041,E00019806,1,0,1,0,1,0
00BEGF0028,E00019835,1,0,1,0,1,0
00BEGF0006,E00019813,1,0,1,0,1,0
00BEGE0038,E00019803,0,0,1,0,1,0
00BEGE0004,E00019769,1,0,1,0,1,0
00BEGE0002,E00019767,1,0,1,0,1,0
00BEGE0005,E00019770,1,0,1,0,1,0
00BEGF0025,E00019832,1,0,1,0,1,0
00BEGE0034,E00019799,0,0,1,0,1,0
00BEGF0020,E00019827,1,0,1,0,1,0
00BEGE0032,E00019797,0,0,1,0,1,0
00BEGF0029,E00019836,1,0,1,0,1,0
00BEGF0003,E00019810,1,0,1,0,1,0
00BEGF0027,E00019834,1,0,1,0,1,0
00BEGF0005,E00019812,1,0,1,0,1,0
00BEGF0016,E00019823,1,0,1,0,1,0
00BEGF0017,E00019824,1,0,1,0,1,0
00BEGF0021,E00019828,1,0,1,0,1,0
00BEGF0036,E00019843,0,0,1,0,1,0
00BEGF0039,E00019846,0,0,1,0,1,0
00BEGF0040,E00019847,0,0,1,0,1,0
00BEGF0030,E00019837,1,0,1,0,1,0
00BEGF0031,E00019838,1,0,1,0,1,0
00BEGF0012,E00019819,1,0,1,0,1,0
00BEGF0002,E00019809,1,0,1,0,1,0
00BEGF0041,E00019848,0,0,1,0,1,0
00AGGP0042,E00004561,0,0,0,0,0,0
00BEGE0021,E00019786,0,0,1,0,1,0
00BEGE0030,E00019795,0,0,0,0,1,0
00BEGE0025,E00019790,0,0,0,0,1,0
00BEGE0031,E00019796,0,0,1,0,1,0
00BEGF0033,E00019840,0,0,0,0,1,0
00BEGE0028,E00019793,0,0,0,0,0,0
00BEGE0023,E00019788,0,0,0,0,0,0
00BEGE0022,E00019787,0,0,0,0,1,0
00BEGE0020,E00019785,0,0,0,0,0,0
00BEGE0029,E00019794,0,0,1,0,1,0
00BEGE0026,E00019791,0,0,1,0,1,0
00BEGF0035,E00019842,0,0,1,0,1,0
00BEGE0018,E00019783,0,0,0,0,0,0
00BEGE0011,E00019776,0,0,0,0,1,0
00BEGE0024,E00019789,0,0,0,0,1,0
00BEGF0034,E00019841,0,0,0,0,1,0
00BKGC0017,E00023502,1,0,1,0,1,0
00BKGW0013,E00024120,0,0,0,0,0,0
00BKGW0012,E00024119,0,0,0,0,0,0
00BKGQ0012,E00023937,0,0,0,0,0,0
00BKGQ0014,E00023939,0,0,0,0,0,0
00BKGC0044,E00023529,1,0,1,0,1,0
00BKGW0011,E00024118,0,0,0,0,0,0
00BKGW0006,E00024113,0,0,0,0,0,0
00BKGC0001,E00023486,0,1,0,1,0,1
00AGGE0018,E00004186,0,0,1,0,1,0
00BKGQ0010,E00023935,0,0,0,0,0,0
00BKGC0023,E00023508,0,0,1,0,1,0
00BKGG0007,E00023623,0,0,0,0,0,0
00BKGM0012,E00023822,1,0,1,0,1,0
00BKGC0020,E00023505,0,0,1,0,1,0
00BKGC0024,E00023509,0,0,0,0,1,0
00BKGC0010,E00023495,1,0,1,0,1,0
00BKGC0021,E00023506,0,0,1,0,1,0
00BKGC0011,E00023496,1,0,1,0,1,0
00BKGC0038,E00023523,0,1,0,1,0,1
00BKGC0040,E00023525,1,0,1,0,1,0
00BKGC0030,E00023515,0,1,0,1,0,1
00BKGC0042,E00023527,1,0,1,0,1,0
00BKGC0043,E00023528,1,0,1,0,1,0
00BKGC0035,E00023520,0,1,0,1,0,1
00BKGC0031,E00023516,0,1,0,1,0,1
00BKGW0010,E00024117,0,0,0,0,0,0
00BKGM0036,E00023846,1,0,1,0,1,0
00BKGW0032,E00024139,0,0,0,0,0,0
00BKGW0033,E00024140,0,0,0,0,0,0
00BKGW0008,E00024115,0,0,0,0,0,0
00BKGW0009,E00024116,0,0,0,0,0,0
00BKGW0002,E00024109,0,0,0,0,0,0
00BKGM0030,E00023840,1,0,1,0,1,0
00BKGW0029,E00024136,0,0,0,0,0,0
00BKGM0024,E00023834,0,0,1,0,1,0
00BKGM0029,E00023839,0,0,1,0,1,0
00BKGC0018,E00023503,0,0,1,0,1,0
00BKGC0025,E00023510,0,0,0,0,1,0
00BKGW0030,E00024137,0,0,0,0,0,0
00BKGC0003,E00023488,1,0,1,0,1,0
00BKGW0004,E00024111,0,0,0,0,0,0
00BKGW0022,E00024129,0,0,0,0,1,0
00BKGM0034,E00023844,0,0,1,0,1,0
00BKGP0005,E00023884,0,1,0,1,0,1
00BKGC0041,E00023526,1,0,1,0,1,0
00BKGM0035,E00023845,0,0,0,0,1,0
00BKGW0007,E00024114,0,0,0,0,0,0
00BKGM0033,E00023843,0,0,1,0,1,0
00BKGM0032,E00023842,0,0,1,0,1,0
00BKGW0028,E00024135,0,0,0,0,0,0
00BKGW0005,E00024112,0,0,0,0,0,0
00BKGW0001,E00024108,0,0,0,0,0,0
00BKGQ0004,E00023929,0,0,0,0,0,0
00BKGW0027,E00024134,0,0,0,0,0,0
00BKGW0031,E00024138,0,0,0,0,0,0
00BKGQ0003,E00023928,0,0,0,0,0,0
00BKGW0025,E00024132,0,0,0,0,0,0
00BKGM0013,E00023823,1,0,1,0,1,0
00BKGW0023,E00024130,0,0,1,0,1,0
00BKGW0024,E00024131,0,0,0,0,0,0
00BKGW0003,E00024110,0,0,0,0,0,0
00BKGW0021,E00024128,0,0,0,0,1,0
00BKGW0026,E00024133,0,0,0,0,0,0
00BKGM0026,E00023836,1,0,1,0,1,0
00AGGT0012,E00004692,0,1,0,1,0,1
00AGGP0004,E00004523,0,0,0,0,0,0
00AGGP0010,E00004529,0,0,0,0,0,0
00AGGP0011,E00004530,0,0,0,0,0,0
00BKGM0023,E00023833,1,0,1,0,1,0
00AGGP0003,E00004522,0,0,0,0,0,0
00BKGQ0034,E00023959,0,0,0,0,0,0
00BKGQ0035,E00023960,0,0,0,0,0,0
00BKGP0042,E00023921,0,1,0,1,0,1
00BKGM0003,E00023813,1,0,1,0,1,0
00BKGM0011,E00023821,1,0,1,0,1,0
00BKGM0015,E00023825,1,0,1,0,1,0
00BKGM0021,E00023831,1,0,1,0,1,0
00BKGM0028,E00023838,1,0,1,0,1,0
00BKGC0036,E00023521,0,1,0,1,0,1
00BKGC0039,E00023524,1,0,1,0,1,0
00BKGM0022,E00023832,1,0,1,0,1,0
00BKGC0037,E00023522,0,1,0,1,0,1
00BKGP0041,E00023920,0,1,0,1,0,1
00BKGM0020,E00023830,1,0,1,0,1,0
00BKGM0018,E00023828,1,0,1,0,1,0
00BKGM0025,E00023835,1,0,1,0,1,0
00BKGM0007,E00023817,1,0,1,0,1,0
00BKGW0017,E00024124,0,0,1,0,1,0
00BKGM0031,E00023841,0,0,1,0,1,0
00AGGE0020,E00004188,1,0,1,0,1,0
00BKGM0001,E00023811,1,0,1,0,1,0
00BKGM0009,E00023819,1,0,1,0,1,0
00BKGM0038,E00023848,1,0,1,0,1,0
00BKGM0014,E00023824,1,0,1,0,1,0
00BKGM0016,E00023826,1,0,1,0,1,0
00BKGM0017,E00023827,1,0,1,0,1,0
00AGGT0008,E00004688,0,1,0,1,0,1
00BKGM0008,E00023818,1,0,1,0,1,0
00BKGM0019,E00023829,1,0,1,0,1,0
00BKGM0027,E00023837,1,0,1,0,1,0
00BKGM0037,E00023847,0,1,0,1,0,1
00BKGM0002,E00023812,1,0,1,0,1,0
00BKGM0010,E00023820,1,0,1,0,1,0
00BKGM0006,E00023816,1,0,1,0,1,0
00AGGT0001,E00004681,0,1,0,1,0,1
00AGGT0011,E00004691,0,1,0,1,0,1
00AGGT0021,E00004701,0,1,0,1,0,1
00AGGT0010,E00004690,0,1,0,1,0,1
00AGGT0013,E00004693,0,1,0,1,0,1
00AGGT0006,E00004686,0,0,0,1,0,1
00AGGP0031,E00004550,0,0,0,0,1,0
00AGGT0016,E00004696,0,1,0,1,0,1
00AGGT0020,E00004700,0,1,0,1,0,1
00AGGE0031,E00004199,0,0,1,0,1,0
00AGGE0008,E00004176,1,0,1,0,1,0
00BKGW0020,E00024127,0,0,1,0,1,0
00AGGE0024,E00004192,1,0,1,0,1,0
00AGGE0030,E00004198,1,0,1,0,1,0
00AGGE0019,E00004187,1,0,1,0,1,0
00AGGE0021,E00004189,1,0,1,0,1,0
00BKGW0014,E00024121,1,0,1,0,1,0
00BKGW0015,E00024122,1,0,1,0,1,0
00BKGW0016,E00024123,1,0,1,0,1,0
00BKGW0018,E00024125,0,0,1,0,1,0
00BKGW0019,E00024126,0,0,1,0,1,0
00AGGE0032,E00004200,0,0,1,0,1,0
00AGGE0026,E00004194,1,0,1,0,1,0
00BKGM0004,E00023814,1,0,1,0,1,0
00AGGE0003,E00004171,0,0,0,0,1,0
00AGGE0002,E00004170,0,0,1,0,1,0
00AGGE0027,E00004195,0,0,1,0,1,0
00AGGE0029,E00004197,0,0,0,0,1,0
00AGGE0025,E00004193,1,0,1,0,1,0
00AGGE0004,E00004172,0,0,0,0,1,0
00AGGE0028,E00004196,0,0,1,0,1,0
00AGGE0022,E00004190,0,0,1,0,1,0
00AGGT0019,E00004699,0,1,0,1,0,1
00AGGE0006,E00004174,1,0,1,0,1,0
00AGGE0017,E00004185,1,0,1,0,1,0
00AGGT0018,E00004698,0,1,0,1,0,1
00AGGT0017,E00004697,0,1,0,1,0,1
00AGGE0005,E00004173,1,0,1,0,1,0
00AGGT0002,E00004682,0,1,0,1,0,1
00AGGT0005,E00004685,0,0,0,1,0,1
00AGGT0009,E00004689,0,1,0,1,0,1
00AGGT0015,E00004695,0,1,0,1,0,1
00AGGE0010,E00004178,1,0,1,0,1,0
00AYFZ0034,E00015199,0,0,0,0,0,0
00AGGE0009,E00004177,1,0,1,0,1,0
00AGGS0005,E00004650,1,0,1,0,1,0
00AGGS0021,E00004666,1,0,1,0,1,0
00AGGE0012,E00004180,1,0,1,0,1,0
00AGGE0014,E00004182,1,0,1,0,1,0
00AGGE0015,E00004183,1,0,1,0,1,0
00AGGE0016,E00004184,1,0,1,0,1,0
00AGGS0004,E00004649,1,0,1,0,1,0
00AGGS0007,E00004652,1,0,1,0,1,0
00AGGS0022,E00004667,1,0,1,0,1,0
00AGGS0031,E00004676,1,0,1,0,1,0
00AGGS0035,E00004680,1,0,1,0,1,0
00BKGQ0011,E00023936,0,0,0,0,0,0
00AYFZ0015,E00015180,0,0,0,0,0,0
00AYFZ0032,E00015197,0,0,0,0,0,0
00AYFZ0033,E00015198,0,0,0,0,0,0
00BEGE0008,E00019773,0,0,0,0,0,0
00BEGE0012,E00019777,0,0,0,0,0,0
00BEGE0015,E00019780,0,0,0,0,0,0
00BKGQ0009,E00023934,0,0,0,0,0,0
00BEGE0016,E00019781,0,0,0,0,0,0
00BEGE0019,E00019784,0,0,0,0,0,0
00AYFZ0012,E00015177,0,0,0,0,0,0
00AYFZ0030,E00015195,0,0,0,0,0,0
00AYFZ0031,E00015196,0,0,0,0,0,0
00BKGQ0030,E00023955,0,0,0,0,0,0
00AGGP0007,E00004526,0,0,0,0,0,0
00AGGS0020,E00004665,1,0,1,0,1,0
00BKGQ0006,E00023931,0,0,0,0,0,0
00BKGQ0008,E00023933,0,0,0,0,0,0
00BKGQ0007,E00023932,0,0,0,0,0,0
00AGGP0009,E00004528,0,0,0,0,0,0
00BKGQ0032,E00023957,0,0,0,0,0,0
00AGGP0041,E00004560,0,0,0,0,0,0
00AGGP0040,E00004559,0,0,0,0,0,0
00AGGE0001,E00004169,0,0,0,0,1,0
00AGGE0023,E00004191,0,0,1,0,1,0
00AGGE0013,E00004181,0,0,1,0,1,0
00AGGE0007,E00004175,1,0,1,0,1,0
00AGGS0029,E00004674,1,0,1,0,1,0
00AGGP0035,E00004554,0,0,0,0,0,0
00AGGP0002,E00004521,0,0,0,0,0,0
00AGGP0016,E00004535,0,0,0,0,1,0
00AGGP0039,E00004558,0,0,0,0,0,0
00AGGS0003,E00004648,0,0,1,0,1,0
00AGGS0001,E00004646,1,0,1,0,1,0
00BKGQ0005,E00023930,0,0,0,0,0,0
00BEGE0009,E00019774,0,0,0,0,0,0
00AGGP0008,E00004527,0,0,0,0,0,0
00AGGP0006,E00004525,0,0,0,0,0,0
00BKGQ0031,E00023956,0,0,0,0,0,0
00BKGQ0033,E00023958,0,0,0,0,0,0
00AGGP0029,E00004548,0,0,0,0,0,0
00AAFT0001,E00000025,0,0,0,0,0,0
00AAFT0004,E00000028,0,0,0,0,0,0
00BEGE0010,E00019775,0,0,0,0,0,0
00BEGE0013,E00019778,0,0,0,0,0,0
00AAFY0001,E00000033,0,0,0,0,0,0
00AAFS0001,E00000024,0,0,0,0,0,0
00AAFT0002,E00000026,0,0,0,0,0,0
00AGGP0021,E00004540,0,0,0,0,1,0
00AAFA0007,E00000007,0,0,0,0,0,0
00AGGP0005,E00004524,0,0,0,0,0,0
00AAFY0002,E00000034,0,0,0,0,0,0
00AGGP0022,E00004541,0,0,0,0,0,0
00AAFQ0012,E00000021,0,0,0,0,1,0
00AGGP0027,E00004546,0,0,0,0,0,0
00AGGP0026,E00004545,0,0,0,0,0,0
00AGGP0025,E00004544,0,0,0,0,1,0
00AGGP0014,E00004533,0,0,0,0,1,0
00AGGP0036,E00004555,0,0,0,0,0,0
00AGGP0018,E00004537,0,0,0,0,1,0
00AGGP0024,E00004543,0,0,0,0,1,0
00AGGP0033,E00004552,0,0,0,0,0,0
00AGGP0013,E00004532,0,0,0,0,1,0
00AGGP0037,E00004556,0,0,0,0,0,0
00AGGP0028,E00004547,0,0,0,0,0,0
00AGGP0034,E00004553,0,0,0,0,0,0
00AGGP0038,E00004557,0,0,0,0,0,0
00AGGP0017,E00004536,0,0,0,0,0,0
00AGGP0032,E00004551,0,0,0,0,0,0
00AUGB0003,E00013545,0,0,0,0,0,0
00AGGP0001,E00004520,0,0,0,0,0,0
00AGGP0019,E00004538,0,0,0,0,1,0
00AGGP0020,E00004539,0,0,0,0,0,0
00AGGP0023,E00004542,0,0,0,0,0,0
00AGGP0030,E00004549,0,0,0,0,0,0
00AGGP0015,E00004534,0,0,0,0,1,0
00AGGS0019,E00004664,1,0,1,0,1,0
00AGGS0032,E00004677,1,0,1,0,1,0
00AGGS0012,E00004657,0,0,1,0,1,0
00AGGS0033,E00004678,1,0,1,0,1,0
00AGGS0023,E00004668,1,0,1,0,1,0
00AGGS0026,E00004671,1,0,1,0,1,0
00AGGS0006,E00004651,0,0,1,0,1,0
00AGGS0010,E00004655,0,0,1,0,1,0
00AGGS0018,E00004663,1,0,1,0,1,0
00AGGS0024,E00004669,1,0,1,0,1,0
00AGGS0025,E00004670,1,0,1,0,1,0
00AGGS0028,E00004673,1,0,1,0,1,0
00AGGS0030,E00004675,1,0,1,0,1,0
00AUGB0036,E00013578,0,0,1,0,1,0
00AGGP0012,E00004531,0,0,0,0,1,0
00AUGB0004,E00013546,0,0,0,0,1,0
00AUGB0030,E00013572,0,0,1,0,1,0
00AUGB0033,E00013575,0,0,1,0,1,0
00AUGB0006,E00013548,0,0,0,0,1,0
00AUGB0027,E00013569,0,0,1,0,1,0
00AUGB0025,E00013567,1,0,1,0,1,0
00AUGB0026,E00013568,1,0,1,0,1,0
00AAFQ0003,E00000012,0,0,1,0,1,0
00AUGB0031,E00013573,0,0,1,0,1,0
00AUGB0023,E00013565,1,0,1,0,1,0
00AUGB0035,E00013577,0,0,1,0,1,0
00AAFQ0002,E00000011,0,0,1,0,1,0
00AAFT0003,E00000027,0,0,0,0,0,0
00AUGB0008,E00013550,0,0,0,0,0,0
00AAFA0002,E00000002,0,0,0,0,0,0
00AUFY0007,E00013430,0,0,0,0,1,0
00AAFQ0006,E00000015,0,0,1,0,1,0
00AAFA0001,E00000001,0,0,0,0,1,0
00AUGB0007,E00013549,0,0,0,0,1,0
00AAFA0008,E00000008,0,0,0,0,1,0
00AAFQ0001,E00000010,0,0,1,0,1,0
00AAFQ0005,E00000014,0,0,0,0,1,0
00AUFY0011,E00013434,0,0,0,0,1,0
00AAFA0005,E00000005,0,0,0,0,1,0
00AAFA0003,E00000003,0,0,0,0,1,0
00AAFQ0004,E00000013,0,0,0,0,1,0
00AAFQ0013,E00000022,0,0,1,0,1,0
00AAFQ0009,E00000018,0,0,0,0,1,0
00AUFY0006,E00013429,0,0,1,0,1,0
00AAFQ0014,E00000023,0,0,1,0,1,0
00AUFY0009,E00013432,0,0,1,0,1,0
00AAFA0004,E00000004,0,0,0,0,1,0
00AAFA0006,E00000006,0,0,0,0,1,0
00AAFQ0011,E00000020,0,0,0,0,1,0
00AAFQ0010,E00000019,0,0,1,0,1,0
00AUFY0039,E00013462,1,0,1,0,1,0
00AUGB0005,E00013547,0,0,0,0,1,0
00AUFY0010,E00013433,0,0,1,0,1,0
00AUFY0019,E00013442,1,0,1,0,1,0
00AUGB0037,E00013579,0,0,1,0,1,0
00AUFY0008,E00013431,0,0,1,0,1,0
00AUFY0021,E00013444,1,0,1,0,1,0
00AUFY0028,E00013451,1,0,1,0,1,0
00AUFY0030,E00013453,0,0,1,0,1,0
00AUGB0028,E00013570,1,0,1,0,1,0
00AUFY0022,E00013445,1,0,1,0,1,0
00AUFY0025,E00013448,1,0,1,0,1,0
00AUFY0036,E00013459,0,0,1,0,1,0
00AUFY0033,E00013456,0,0,1,0,1,0
00AUGB0024,E00013566,1,0,1,0,1,0
00AUGB0029,E00013571,1,0,1,0,1,0
00AUGB0032,E00013574,1,0,1,0,1,0
00AUGB0034,E00013576,1,0,1,0,1,0
00AUFY0018,E00013441,1,0,1,0,1,0
00AUFY0024,E00013447,0,0,1,0,1,0
00AUFY0035,E00013458,1,0,1,0,1,0
00AUFY0023,E00013446,1,0,1,0,1,0
00AUFY0031,E00013454,1,0,1,0,1,0
00AUFY0003,E00013426,0,0,1,0,1,0
00AUFY0037,E00013460,1,0,1,0,1,0
00AUFY0032,E00013455,1,0,1,0,1,0
00AUFY0027,E00013450,1,0,1,0,1,0
00AUFY0029,E00013452,1,0,1,0,1,0
00AHGU0026,E00005506,0,0,0,0,0,0
00AHGT0007,E00005446,0,0,0,0,0,0
00AHGL0036,E00005167,0,0,0,0,0,0
00AHGL0002,E00005133,0,0,0,0,0,0
00AUFY0001,E00013424,1,0,1,0,1,0
00AUFY0038,E00013461,1,0,1,0,1,0
00AUFY0040,E00013463,1,0,1,0,1,0
00AUFY0017,E00013440,1,0,1,0,1,0
00AUFY0026,E00013449,1,0,1,0,1,0
00AHGX0024,E00005596,0,0,0,0,0,0
00AHGX0025,E00005597,0,0,0,0,0,0
00AHGL0043,E00005174,0,0,0,0,0,0
00AHGL0048,E00005179,0,0,0,0,0,0
00AHGU0001,E00005481,0,0,0,0,0,0
00AHGU0027,E00005507,0,0,0,0,0,0
00AHGX0003,E00005575,0,0,0,0,0,0
00AHGX0012,E00005584,0,0,0,0,0,0
00AHGX0031,E00005603,0,0,0,0,0,0
00AHGL0010,E00005141,0,0,0,0,0,0
00AHGL0008,E00005139,0,0,0,0,0,0
00AHGL0049,E00005180,0,0,0,0,0,0
00AHGM0008,E00005194,0,0,0,0,0,0
00AHGL0054,E00005185,0,0,0,0,0,0
00AHGL0055,E00005186,0,0,0,0,0,0
00AHGL0026,E00005157,0,0,0,0,0,0
00AHGX0029,E00005601,0,0,0,0,0,0
00AHGX0035,E00005607,0,0,0,0,0,0
00AHGL0028,E00005159,0,0,0,0,0,0
00AHGM0032,E00005218,0,0,0,0,0,0
00AHGM0035,E00005221,0,0,0,0,0,0
00AHGW0008,E00005526,0,0,0,0,0,0
00AHGL0020,E00005151,0,0,0,0,0,0
00AHGM0037,E00005223,0,0,0,0,0,0
00AHGM0034,E00005220,0,0,0,0,0,0
00AHGL0006,E00005137,0,0,0,0,0,0
00AHGL0021,E00005152,0,0,0,0,0,0
00AHGL0013,E00005144,0,0,0,0,0,0
00AHGL0053,E00005184,0,0,0,0,0,0
00AHGL0039,E00005170,0,0,0,0,0,0
00AHGL0052,E00005183,0,0,0,0,0,0
00AHGL0045,E00005176,0,0,0,0,0,0
00AHGL0035,E00005166,0,0,0,0,0,0
00AHGL0030,E00005161,0,0,0,0,0,0
00AHGX0028,E00005600,0,0,0,0,0,0
00AHGX0027,E00005599,0,0,0,0,0,0
00AHHE0041,E00005951,0,0,0,0,0,0
00AHGX0023,E00005595,0,0,0,0,0,0
00AHGL0005,E00005136,0,0,0,0,0,0
00AHGL0009,E00005140,0,0,0,0,0,0
00AHGL0007,E00005138,0,0,0,0,0,0
00AHGL0027,E00005158,0,0,0,0,0,0
00AHGL0018,E00005149,0,0,0,0,0,0
00AHGL0019,E00005150,0,0,0,0,0,0
00AHGL0011,E00005142,0,0,0,0,0,0
00AHGP0026,E00005303,0,0,0,0,0,0
00AHGL0016,E00005147,0,0,0,0,0,0
00AHGL0015,E00005146,0,0,0,0,0,0
00AFGK0009,E00003385,0,0,0,0,0,0
00AHGL0023,E00005154,0,0,0,0,0,0
00AHGL0025,E00005156,0,0,0,0,0,0
00AHGL0014,E00005145,0,0,0,0,0,0
00AHGL0012,E00005143,0,0,0,0,0,0
00AHGL0003,E00005134,0,0,0,0,0,0
00AFGP0021,E00003619,0,0,0,0,0,0
00AHGM0033,E00005219,0,0,0,0,0,0
00AHGX0015,E00005587,0,0,0,0,0,0
00AHGX0002,E00005574,0,0,0,0,0,0
00AHGX0036,E00005608,0,0,0,0,0,0
00AHGX0032,E00005604,0,0,0,0,0,0
00AHGX0033,E00005605,0,0,0,0,0,0
00AHGP0042,E00005319,0,0,0,0,0,0
00AHGP0006,E00005283,0,0,0,0,0,0
00AHGP0005,E00005282,0,0,0,0,0,0
00AHGP0025,E00005302,0,0,0,0,0,0
00AHGX0001,E00005573,0,0,0,0,0,0
00AHGP0043,E00005320,0,0,0,0,0,0
00AHGP0038,E00005315,0,0,0,0,0,0
00AHGP0007,E00005284,0,0,0,0,0,0
00AHGP0039,E00005316,0,0,0,0,0,0
00AHGP0044,E00005321,0,0,0,0,0,0
00AHGE0053,E00004906,0,0,0,0,0,0
00AHGM0019,E00005205,0,0,0,0,0,0
00AHGX0026,E00005598,0,0,0,0,0,0
00AHGP0032,E00005309,0,0,0,0,0,0
00AHGX0021,E00005593,0,0,0,0,0,0
00AHGP0036,E00005313,0,0,0,0,0,0
00AFGP0004,E00003602,0,0,0,0,0,0
00AHGX0030,E00005602,0,0,0,0,0,0
00AHGP0004,E00005281,0,0,0,0,0,0
00AHGP0028,E00005305,0,0,0,0,0,0
00AHGP0029,E00005306,0,0,0,0,0,0
00AHGP0030,E00005307,0,0,0,0,0,0
00AHGP0033,E00005310,0,0,0,0,0,0
00AHGP0035,E00005312,0,0,0,0,0,0
00AHGP0037,E00005314,0,0,0,0,0,0
00AHGP0040,E00005317,0,0,0,0,0,0
00AHGP0041,E00005318,0,0,0,0,0,0
00AHGY0035,E00005643,0,0,0,0,0,0
00AHGM0044,E00005230,0,0,0,0,0,0
00AHGM0011,E00005197,0,0,0,0,0,0
00AHGP0031,E00005308,0,0,0,0,0,0
00AHGP0002,E00005279,0,0,0,0,0,0
00AHGP0034,E00005311,0,0,0,0,0,0
00AZGU0045,E00016869,0,0,0,0,0,0
00AHGP0023,E00005300,0,0,0,0,0,0
00AHGP0024,E00005301,0,0,0,0,0,0
00AHGE0054,E00004907,0,0,0,0,0,0
00AHGP0027,E00005304,0,0,0,0,0,0
00AHGN0006,E00005250,0,0,0,0,0,0
00AHGN0020,E00005264,0,0,0,0,0,0
00AHGM0038,E00005224,0,0,0,0,0,0
00AZGD0041,E00016152,0,0,0,0,0,0
00AHGY0036,E00005644,0,0,0,0,0,0
00AHGY0001,E00005609,0,0,0,0,0,0
00AHGM0003,E00005189,0,0,0,0,0,0
00AHGM0004,E00005190,0,0,0,0,0,0
00AHGM0025,E00005211,0,0,0,0,0,0
00AHGM0026,E00005212,0,0,0,0,0,0
00AHGM0006,E00005192,0,0,0,0,0,0
00AHGW0044,E00005562,0,0,0,0,0,0
00AHGM0039,E00005225,0,0,0,0,0,0
00AHGW0014,E00005532,0,0,0,0,0,0
00AHGW0005,E00005523,0,0,0,0,0,0
00AHGW0049,E00005567,0,0,0,0,0,0
00AHGW0047,E00005565,0,0,0,0,0,0
00AHGM0050,E00005236,0,0,0,0,0,0
00AHGW0045,E00005563,0,0,0,0,0,0
00AHGW0041,E00005559,0,0,0,0,0,0
00AHGW0003,E00005521,0,0,0,0,0,0
00AHGM0013,E00005199,0,0,0,0,0,0
00AHGM0054,E00005240,0,0,0,0,0,0
00AHGM0017,E00005203,0,0,0,0,0,0
00AHGM0055,E00005241,0,0,0,0,0,0
00AHGE0033,E00004886,0,0,0,0,0,0
00AFGS0015,E00003721,0,0,0,0,0,0
00AHGM0047,E00005233,0,0,0,0,0,0
00AHGM0051,E00005237,0,0,0,0,0,0
00AHGM0048,E00005234,0,0,0,0,0,0
00AHGM0046,E00005232,0,0,0,0,0,0
00AHGM0012,E00005198,0,0,0,0,0,0
00AFHB0040,E00004114,0,0,0,0,0,0
00AFGS0044,E00003750,0,0,0,0,0,0
00AHGM0014,E00005200,0,0,0,0,0,0
00AHGM0056,E00005242,0,0,0,0,0,0
00AHGM0002,E00005188,0,0,0,0,0,0
00AHGM0053,E00005239,0,0,0,0,0,0
00AHGM0001,E00005187,0,0,0,0,0,0
00AHGM0049,E00005235,0,0,0,0,0,0
00AHGE0036,E00004889,0,0,0,0,0,0
00BEGW0001,E00020375,0,0,0,0,0,0
00AHGE0041,E00004894,0,0,0,0,0,0
00AHGE0043,E00004896,0,0,0,0,0,0
00AHGE0045,E00004898,0,0,0,0,0,0
00AHGM0045,E00005231,0,0,0,0,0,0
00AHGE0049,E00004902,0,0,0,0,0,0
00AHGE0050,E00004903,0,0,0,0,0,0
00AHGE0052,E00004905,0,0,0,0,0,0
00AHGE0058,E00004911,0,0,0,0,0,0
00AHGE0057,E00004910,0,0,0,0,0,0
00AHGE0055,E00004908,0,0,0,0,0,0
00AHGE0048,E00004901,0,0,0,0,0,0
00AHGE0008,E00004861,0,0,0,0,0,0
00AHGE0056,E00004909,0,0,0,0,0,0
00AHGE0039,E00004892,0,0,0,0,0,0
00AHGE0042,E00004895,0,0,0,0,0,0
00AHGE0046,E00004899,0,0,0,0,0,0
00AHGE0047,E00004900,0,0,0,0,0,0
00AHGE0059,E00004912,0,0,0,0,0,0
00AHGE0044,E00004897,0,0,0,0,0,0
00AHGE0038,E00004891,0,0,0,0,0,0
00AHGE0037,E00004890,0,0,0,0,0,0
00AHGE0040,E00004893,0,0,0,0,0,0
00AFGL0015,E00003446,0,0,0,0,0,0
00AHGF0026,E00004939,0,0,0,0,0,0
00AHGM0052,E00005238,0,0,0,0,0,0
00AHGM0043,E00005229,0,0,0,0,0,0
00AHGE0005,E00004858,0,0,0,0,0,0
00AHGF0029,E00004942,0,0,0,0,0,0
00AHGE0034,E00004887,0,0,0,0,0,0
00AHGE0051,E00004904,0,0,0,0,0,0
00AHGE0035,E00004888,0,0,0,0,0,0
00AHGF0025,E00004938,0,0,0,0,0,0
00AHGF0030,E00004943,0,0,0,0,0,0
00AHGF0001,E00004914,0,0,0,0,0,0
00BEGC0028,E00019712,0,0,0,0,0,0
00AHGF0027,E00004940,0,0,0,0,0,0
00AHGF0028,E00004941,0,0,0,0,0,0
00AHGE0019,E00004872,0,0,0,0,0,0
00AHGF0024,E00004937,0,0,0,0,0,0
00AHGE0032,E00004885,0,0,0,0,0,0
00AHGE0006,E00004859,0,0,0,0,0,0
00AHGE0031,E00004884,0,0,0,0,0,0
00AHGE0020,E00004873,0,0,0,0,0,0
00AHGE0023,E00004876,0,0,0,0,0,0
00AHGE0027,E00004880,0,0,0,0,0,0
00AHGW0015,E00005533,0,0,0,0,0,0
00AHGE0013,E00004866,0,0,0,0,0,0
00AHGE0028,E00004881,0,0,0,0,0,0
00AHGE0002,E00004855,0,0,0,0,0,0
00AHGE0004,E00004857,0,0,0,0,0,0
00AHGE0017,E00004870,0,0,0,0,0,0
00AHGE0024,E00004877,0,0,0,0,0,0
00AHGE0016,E00004869,0,0,0,0,0,0
00AHGE0014,E00004867,0,0,0,0,0,0
00AHGE0030,E00004883,0,0,0,0,0,0
00ALGY0017,E00008163,0,0,0,0,0,0
00AHGE0018,E00004871,0,0,0,0,0,0
00AHGE0022,E00004875,0,0,0,0,0,0
00AHGW0039,E00005557,0,0,0,0,0,0
00AHGW0042,E00005560,0,0,0,0,0,0
00BEGU0009,E00020341,0,0,0,0,0,0
00AHHE0055,E00005965,0,0,0,0,0,0
00AHHE0052,E00005962,0,0,0,0,0,0
00AHGE0025,E00004878,0,0,0,0,0,0
00AHGE0029,E00004882,0,0,0,0,0,0
00AHGE0021,E00004874,0,0,0,0,0,0
00AHGE0026,E00004879,0,0,0,0,0,0
00AHGE0060,E00004913,0,0,0,0,0,0
00AHGE0001,E00004854,0,0,0,0,0,0
00AHGE0010,E00004863,0,0,0,0,0,0
00AHGF0013,E00004926,0,0,0,0,0,0
00AHHE0053,E00005963,0,0,0,0,0,0
00AZGG0031,E00016286,0,0,0,0,0,0
00AHGE0012,E00004865,0,0,0,0,0,0
00AHHE0004,E00005914,0,0,0,0,0,0
00AHGZ0007,E00005661,0,0,0,0,0,0
00AHHE0017,E00005927,0,0,0,0,0,0
00AHHE0018,E00005928,0,0,0,0,0,0
00AHHE0010,E00005920,0,0,0,0,0,0
00AHGE0009,E00004862,0,0,0,0,0,0
00AHHE0024,E00005934,0,0,0,0,0,0
00AHHE0016,E00005926,0,0,0,0,0,0
00AHGN0017,E00005261,0,0,0,0,0,0
00AHGF0016,E00004929,0,0,0,0,0,0
00AHGW0026,E00005544,0,0,0,0,0,0
00AHGF0021,E00004934,0,0,0,0,0,0
00AHGN0012,E00005256,0,0,0,0,0,0
00AHGF0023,E00004936,0,0,0,0,0,0
00AHGE0003,E00004856,0,0,0,0,0,0
00AHGN0025,E00005269,0,0,0,0,0,0
00AHGF0017,E00004930,0,0,0,0,0,0
00AHGF0020,E00004933,0,0,0,0,0,0
00AHGF0022,E00004935,0,0,0,0,0,0
00AHGF0019,E00004932,0,0,0,0,0,0
00AHGE0011,E00004864,0,0,0,0,0,0
00AHGE0015,E00004868,0,0,0,0,0,0
00AHGF0018,E00004931,0,0,0,0,0,0
00AHGF0009,E00004922,0,0,0,0,0,0
00AHGN0022,E00005266,0,0,0,0,0,0
00AHHE0021,E00005931,0,0,0,0,0,0
00AHHE0023,E00005933,0,0,0,0,0,0
00AHHE0001,E00005911,0,0,0,0,0,0
00AZGL0037,E00016479,0,0,0,0,0,0
00AHHE0015,E00005925,0,0,0,0,0,0
00AHGY0030,E00005638,0,0,0,0,0,0
00AHGP0014,E00005291,0,0,0,0,0,0
00AHGN0010,E00005254,0,0,0,0,0,0
00AHGY0024,E00005632,0,0,0,0,0,0
00AHHE0020,E00005930,0,0,0,0,0,0
00AHHE0019,E00005929,0,0,0,0,0,0
00BGGJ0003,E00021597,0,0,0,0,0,0
00AHHE0022,E00005932,0,0,0,0,0,0
00AHGF0007,E00004920,0,0,0,0,0,0
00AHGF0011,E00004924,0,0,0,0,0,0
00AHGZ0043,E00005697,0,0,0,0,0,0
00AHGF0003,E00004916,0,0,0,0,0,0
00AHGF0004,E00004917,0,0,0,0,0,0
00AHGY0046,E00005654,0,0,0,0,0,0
00AHGF0037,E00004950,0,0,0,0,0,0
00AHHE0014,E00005924,0,0,0,0,0,0
00AHHE0011,E00005921,0,0,0,0,0,0
00AHGP0019,E00005296,0,0,0,0,0,0
00AHGP0001,E00005278,0,0,0,0,0,0
00BGGK0014,E00021650,0,0,0,0,0,1
00AHGP0018,E00005295,0,0,0,0,0,0
00AHGY0033,E00005641,0,0,0,0,0,0
00AHGY0029,E00005637,0,0,0,0,0,0
00AHGY0034,E00005642,0,0,0,0,0,0
00AHGY0031,E00005639,0,0,0,0,0,0
00AHGY0028,E00005636,0,0,0,0,0,0
00AHGY0032,E00005640,0,0,0,0,0,0
00AHGF0006,E00004919,0,0,0,0,0,0
00AHGP0011,E00005288,0,0,0,0,0,0
00AHGP0010,E00005287,0,0,0,0,0,0
00AHGZ0032,E00005686,0,0,0,0,0,0
00AHGF0015,E00004928,0,0,0,0,0,0
00AHGF0005,E00004918,0,0,0,0,0,0
00AHGP0012,E00005289,0,0,0,0,0,0
00AHGY0044,E00005652,0,0,0,0,0,0
00AHGF0008,E00004921,0,0,0,0,0,0
00AHGP0013,E00005290,0,0,0,0,0,0
00AHGP0015,E00005292,0,0,0,0,0,0
00AHGP0016,E00005293,0,0,0,0,0,0
00AHGP0017,E00005294,0,0,0,0,0,0
00AHGY0023,E00005631,0,0,0,0,0,0
00BGGM0019,E00021713,0,0,0,1,0,1
00AHGY0026,E00005634,0,0,0,0,0,0
00AHGY0020,E00005628,0,0,0,0,0,0
00AHGY0021,E00005629,0,0,0,0,0,0
00AHGY0015,E00005623,0,0,0,0,0,0
00AHGY0005,E00005613,0,0,0,0,0,0
00AHGY0008,E00005616,0,0,0,0,0,0
00AHGY0007,E00005615,0,0,0,0,0,0
00AHGY0006,E00005614,0,0,0,0,0,0
00AHGY0010,E00005618,0,0,0,0,0,0
00BGFX0018,E00021195,0,0,0,0,0,0
00AHGY0019,E00005627,0,0,0,0,0,0
00AHGY0013,E00005621,0,0,0,0,0,0
00AHGY0014,E00005622,0,0,0,0,0,0
00AFHB0020,E00004094,0,0,0,0,0,0
00AHGY0009,E00005617,0,0,0,0,0,0
00AHGY0011,E00005619,0,0,0,0,0,0
00AFHB0010,E00004084,0,0,0,0,0,0
00AHHB0032,E00005795,0,0,0,0,0,0
00AHGY0004,E00005612,0,0,0,0,0,0
00AHGF0012,E00004925,0,0,0,0,0,0
00AHGZ0035,E00005689,0,0,0,0,0,0
00AHGY0041,E00005649,0,0,0,0,0,0
00AHGF0042,E00004955,0,0,0,0,0,0
00BGFX0009,E00021186,0,0,0,0,0,0
00AHGY0040,E00005648,0,0,0,0,0,0
00AHGY0043,E00005651,0,0,0,0,0,0
00AFGF0042,E00003226,0,0,0,0,0,0
00AHGF0014,E00004927,0,0,0,0,0,0
00AHGY0045,E00005653,0,0,0,0,0,0
00AHGY0042,E00005650,0,0,0,0,0,0
00AHGF0039,E00004952,0,0,0,0,0,0
00AHGF0041,E00004954,0,0,0,0,0,0
00AHGZ0039,E00005693,0,0,0,0,0,0
00AHGF0010,E00004923,0,0,0,0,0,0
00AHGY0003,E00005611,0,0,0,0,0,0
00AHGY0038,E00005646,0,0,0,0,0,0
00AHGZ0040,E00005694,0,0,0,0,0,0
00AHGY0039,E00005647,0,0,0,0,0,0
00AHGY0037,E00005645,0,0,0,0,0,0
00AFHB0041,E00004115,0,0,0,0,0,0
00AHGZ0031,E00005685,0,0,0,0,0,0
00AFGT0007,E00003763,0,0,0,0,0,0
00AFHB0035,E00004109,0,0,0,0,0,0
00AHGR0004,E00005368,0,0,0,0,0,0
00AHGR0026,E00005390,0,0,0,0,0,0
00AHGR0029,E00005393,0,0,0,0,0,0
00AHGR0030,E00005394,0,0,0,0,0,0
00AZGG0043,E00016298,0,0,0,0,0,0
00AHGR0006,E00005370,0,0,0,0,0,0
00AHGR0031,E00005395,0,0,0,0,0,0
00AFHB0037,E00004111,0,0,0,0,0,0
00AHGR0003,E00005367,0,0,0,0,0,0
00AHGR0002,E00005366,0,0,0,0,0,0
00AEGL0039,E00002421,0,0,0,0,0,0
00AHGR0027,E00005391,0,0,0,0,0,0
00AHGN0018,E00005262,0,0,0,0,0,0
00AHGN0007,E00005251,0,0,0,0,0,0
00AZGL0038,E00016480,0,0,0,0,0,0
00AFGF0021,E00003205,0,0,0,0,0,0
00AFGK0004,E00003380,0,0,0,0,0,0
00AHGN0033,E00005277,0,0,0,0,0,0
00AHGN0031,E00005275,0,0,0,0,0,0
00AHGN0014,E00005258,0,0,0,0,0,0
00AHGN0004,E00005248,0,0,0,0,0,0
00AHGN0011,E00005255,0,0,0,0,0,0
00AHGN0019,E00005263,0,0,0,0,0,0
00AGGU0005,E00004727,0,1,0,1,0,1
00AFGL0041,E00003472,0,0,0,0,0,0
00AHGN0003,E00005247,0,0,0,0,0,0
00AHGN0030,E00005274,0,0,0,0,0,0
00AHGP0022,E00005299,0,0,0,0,0,0
00AHGN0029,E00005273,0,0,0,0,0,0
00AHGR0025,E00005389,0,0,0,0,0,0
00AHGN0015,E00005259,0,0,0,0,0,0
00AHGR0028,E00005392,0,0,0,0,0,0
00AHGN0016,E00005260,0,0,0,0,0,0
00AFGP0037,E00003635,0,0,0,0,0,0
00AHGN0013,E00005257,0,0,0,0,0,0
00AHGN0009,E00005253,0,0,0,0,0,0
00AHGN0008,E00005252,0,0,0,0,0,0
00AHGN0027,E00005271,0,0,0,0,0,0
00AHGN0024,E00005268,0,0,0,0,0,0
00AHGN0005,E00005249,0,0,0,0,0,0
00BGGH0008,E00021565,0,0,0,0,0,0
00AYGF0039,E00015473,0,0,0,0,0,0
00AFGP0012,E00003610,0,0,0,0,0,0
00AHGN0032,E00005276,0,0,0,0,0,0
00AHGN0028,E00005272,0,0,0,0,0,0
00AHGN0026,E00005270,0,0,0,0,0,0
00ADGJ0014,E00001880,0,0,0,0,0,0
00AHGN0002,E00005246,0,0,0,0,0,0
00AHGN0001,E00005245,0,0,0,0,0,0
00AFHB0042,E00004116,0,0,0,0,0,0
00AHGN0021,E00005265,0,0,0,0,0,0
00AHGN0023,E00005267,0,0,0,0,0,0
00AFGS0029,E00003735,0,0,0,0,0,0
00AFGS0027,E00003733,0,0,0,0,0,0
00AFGS0026,E00003732,0,0,0,0,0,0
00AFGS0031,E00003737,0,0,0,0,0,0
00AFGS0028,E00003734,0,0,0,0,0,0
00AFGS0030,E00003736,0,0,0,0,0,0
00AFGF0044,E00003228,0,0,0,0,0,0
00AFGQ0006,E00003649,0,0,0,0,0,0
00AFHB0027,E00004101,0,0,0,0,0,0
00AFGF0004,E00003188,0,0,0,0,0,0
00AFHB0008,E00004082,0,0,0,0,0,0
00AFHB0029,E00004103,0,0,0,0,0,0
00AFGS0024,E00003730,0,0,0,0,0,0
00AFGS0025,E00003731,0,0,0,0,0,0
00AFHB0028,E00004102,0,0,0,0,0,0
00AFHB0024,E00004098,0,0,0,0,0,0
00AFGP0035,E00003633,0,0,0,0,0,0
00AFGS0021,E00003727,0,0,0,0,0,0
00AFGS0023,E00003729,0,0,0,0,0,0
00AFHB0022,E00004096,0,0,0,0,0,0
00AFHB0013,E00004087,0,0,0,0,0,0
00AFHB0017,E00004091,0,0,0,0,0,0
00AHHE0009,E00005919,0,0,0,0,0,0
00AFHB0026,E00004100,0,0,0,0,0,0
00AFHB0014,E00004088,0,0,0,0,0,0
00AHHE0054,E00005964,0,0,0,0,0,0
00BEGL0039,E00020046,0,1,0,1,0,1
00AFHB0004,E00004078,0,0,0,0,0,0
00AFHB0045,E00004119,0,0,0,0,0,0
00AFGP0030,E00003628,0,0,0,0,0,0
00AFHB0006,E00004080,0,0,0,0,0,0
00AFHB0002,E00004076,0,0,0,0,0,0
00AFHB0023,E00004097,0,0,0,0,0,0
00BEGS0033,E00020281,0,1,0,1,0,1
00AFHB0005,E00004079,0,0,0,0,0,0
00AFHB0016,E00004090,0,0,0,0,0,0
00AFHB0021,E00004095,0,0,0,0,0,0
00AFHB0019,E00004093,0,0,0,0,0,0
00AFHB0007,E00004081,0,0,0,0,0,0
00AHHA0051,E00005763,0,0,0,0,0,0
00AFHB0018,E00004092,0,0,0,0,0,0
00AFHB0009,E00004083,0,0,0,0,0,0
00BEGS0012,E00020260,0,1,0,1,0,1
00AFHB0001,E00004075,0,0,0,0,0,0
00AFHB0011,E00004085,0,0,0,0,0,0
00AHGW0023,E00005541,0,0,0,0,0,0
00AFHB0033,E00004107,0,0,0,0,0,0
00AFGS0022,E00003728,0,0,0,0,0,0
00AFGS0014,E00003720,0,0,0,0,0,0
00BGGD0014,E00021411,0,0,0,0,0,0
00AFGS0018,E00003724,0,0,0,0,0,0
00AFGS0016,E00003722,0,0,0,0,0,0
00AFHB0015,E00004089,0,0,0,0,0,0
00AFGS0002,E00003708,0,0,0,0,0,0
00AFGS0009,E00003715,0,0,0,0,0,0
00AFGS0017,E00003723,0,0,0,0,0,0
00AFGS0008,E00003714,0,0,0,0,0,0
00AYGF0032,E00015466,0,0,0,0,0,0
00AFHB0012,E00004086,0,0,0,0,0,0
00AFHB0044,E00004118,0,0,0,0,0,0
00AFHB0032,E00004106,0,0,0,0,0,0
00AFHB0038,E00004112,0,0,0,0,0,0
00AFHB0043,E00004117,0,0,0,0,0,0
00AFHB0039,E00004113,0,0,0,0,0,0
00AFGX0019,E00003907,0,0,0,0,0,0
00AFGS0050,E00003756,0,0,0,0,0,0
00AFGS0006,E00003712,0,0,0,0,0,0
00AFGS0045,E00003751,0,0,0,0,0,0
00AFGS0046,E00003752,0,0,0,0,0,0
00AFGS0049,E00003755,0,0,0,0,0,0
00AFGS0043,E00003749,0,0,0,0,0,0
00BEGS0024,E00020272,0,1,0,1,0,1
00AFHB0034,E00004108,0,0,0,0,0,0
00AFHB0036,E00004110,0,0,0,0,0,0
00AFGS0037,E00003743,0,0,0,0,0,0
00AFHB0031,E00004105,0,0,0,0,0,0
00AFGP0014,E00003612,0,0,0,0,0,0
00AFGS0039,E00003745,0,0,0,0,0,0
00AFGS0042,E00003748,0,0,0,0,0,0
00BEGR0035,E00020244,0,0,0,0,0,0
00AFGS0040,E00003746,0,0,0,0,0,0
00AFGS0003,E00003709,0,0,0,0,0,0
00AFGF0003,E00003187,0,0,0,0,0,0
00AFGS0020,E00003726,0,0,0,0,0,0
00AFGF0043,E00003227,0,0,0,0,0,0
00AFGF0024,E00003208,0,0,0,0,0,0
00AFGS0001,E00003707,0,0,0,0,0,0
00AFGS0012,E00003718,0,0,0,0,0,0
00AFGF0041,E00003225,0,0,0,0,0,0
00AFGS0038,E00003744,0,0,0,0,0,0
00AFGS0013,E00003719,0,0,0,0,0,0
00AFGS0048,E00003754,0,0,0,0,0,0
00AFGF0030,E00003214,0,0,0,0,0,0
00AFGS0047,E00003753,0,0,0,0,0,0
00AFGS0041,E00003747,0,0,0,0,0,0
00AFGP0040,E00003638,0,0,0,0,0,0
00AFGF0039,E00003223,0,0,0,0,0,0
00AFGF0038,E00003222,0,0,0,0,0,0
00AFGP0019,E00003617,0,0,0,0,0,0
00AFGF0040,E00003224,0,0,0,0,0,0
00AFGF0035,E00003219,0,0,0,0,0,0
00AFGF0037,E00003221,0,0,0,0,0,0
00AZGT0039,E00016816,0,0,0,0,0,0
00AFGF0031,E00003215,0,0,0,0,0,0
00AFGF0033,E00003217,0,0,0,0,0,0
00AFGP0023,E00003621,0,0,0,0,0,0
00AFGF0034,E00003218,0,0,0,0,0,0
00AFGS0011,E00003717,0,0,0,0,0,0
00AFGS0010,E00003716,0,0,0,0,0,0
00AFGF0028,E00003212,0,0,0,0,0,0
00BGGM0012,E00021706,0,0,0,0,0,1
00AFGF0022,E00003206,0,0,0,0,0,0
00AFGF0014,E00003198,0,0,0,0,0,0
00AHGW0038,E00005556,0,0,0,0,0,0
00AHGW0035,E00005553,0,0,0,0,0,0
00AHGW0037,E00005555,0,0,0,0,0,0
00AHHE0013,E00005923,0,0,0,0,0,0
00AZGR0013,E00016687,0,0,0,0,0,0
00AHHE0012,E00005922,0,0,0,0,0,0
00AHHE0007,E00005917,0,0,0,0,0,0
00AHHE0008,E00005918,0,0,0,0,0,0
00AHGW0029,E00005547,0,0,0,0,0,0
00AHGW0025,E00005543,0,0,0,0,0,0
00BGGJ0016,E00021610,0,0,0,0,0,0
00AHHE0051,E00005961,0,0,0,0,0,0
00AHHE0048,E00005958,0,0,0,0,0,0
00AHHE0049,E00005959,0,0,0,0,0,0
00AHHE0005,E00005915,0,0,0,0,0,0
00AHHE0006,E00005916,0,0,0,0,0,0
00AHGW0028,E00005546,0,0,0,0,0,0
00AHHA0030,E00005742,0,0,0,0,0,0
00AHHA0014,E00005726,0,0,0,0,0,0
00BGGJ0019,E00021613,0,0,0,0,0,0
00AHGW0020,E00005538,0,0,0,0,0,0
00AHGW0030,E00005548,0,0,0,0,0,0
00AHGW0033,E00005551,0,0,0,0,0,0
00AHGW0016,E00005534,0,0,0,0,0,0
00AHHA0035,E00005747,0,0,0,0,0,0
00AHHA0013,E00005725,0,0,0,0,0,0
00AHHA0039,E00005751,0,0,0,0,0,0
00AHHA0040,E00005752,0,0,0,0,0,0
00AHHA0007,E00005719,0,0,0,0,0,0
00AHHB0031,E00005794,0,0,0,0,0,0
00AHHA0021,E00005733,0,0,0,0,0,0
00BGGJ0021,E00021615,0,0,0,0,0,0
00AHHA0041,E00005753,0,0,0,0,0,0
00AHHB0036,E00005799,0,0,0,0,0,0
00AHHB0024,E00005787,0,0,0,0,0,0
00AHGW0007,E00005525,0,0,0,0,0,0
00AHGW0019,E00005537,0,0,0,0,0,0
00AHGW0027,E00005545,0,0,0,0,0,0
00AHGW0022,E00005540,0,0,0,0,0,0
00AGGH0038,E00004319,0,0,0,0,0,0
00AHGZ0026,E00005680,0,0,0,0,0,0
00AHGW0024,E00005542,0,0,0,0,0,0
00AHHE0044,E00005954,0,0,0,0,0,0
00AFGK0011,E00003387,0,0,0,0,0,0
00AHGW0021,E00005539,0,0,0,0,0,0
00AHGZ0027,E00005681,0,0,0,0,0,0
00AHHE0042,E00005952,0,0,0,0,0,0
00AHHA0028,E00005740,0,0,0,0,0,0
00AHGW0017,E00005535,0,0,0,0,0,0
00AFGP0026,E00003624,0,0,0,0,0,0
00AHGW0018,E00005536,0,0,0,0,0,0
00AHHA0024,E00005736,0,0,0,0,0,0
00AHGZ0011,E00005665,0,0,0,0,0,0
00AHHA0031,E00005743,0,0,0,0,0,0
00AHGZ0015,E00005669,0,0,0,0,0,0
00AZGU0054,E00016878,0,0,0,0,0,0
00AHGZ0019,E00005673,0,0,0,0,0,0
00AHGZ0056,E00005710,0,0,0,0,0,0
00AHGZ0024,E00005678,0,0,0,0,0,0
00AGGU0008,E00004730,0,1,0,1,0,1
00AHGZ0023,E00005677,0,0,0,0,0,0
00AHGZ0021,E00005675,0,0,0,0,0,0
00AHGZ0022,E00005676,0,0,0,0,0,0
00AHGZ0001,E00005655,0,0,0,0,0,0
00AHHE0037,E00005947,0,0,0,0,0,0
00AHGZ0010,E00005664,0,0,0,0,0,0
00AHGZ0012,E00005666,0,0,0,0,0,0
00AHHE0040,E00005950,0,0,0,0,0,0
00AHGZ0017,E00005671,0,0,0,0,0,0
00AHGZ0054,E00005708,0,0,0,0,0,0
00AHGZ0053,E00005707,0,0,0,0,0,0
00AHGZ0016,E00005670,0,0,0,0,0,0
00AHHE0047,E00005957,0,0,0,0,0,0
00AHHE0045,E00005955,0,0,0,0,0,0
00AHHE0036,E00005946,0,0,0,0,0,0
00AHHE0003,E00005913,0,0,0,0,0,0
00AHHE0033,E00005943,0,0,0,0,0,0
00AHHE0046,E00005956,0,0,0,0,0,0
00AHHE0034,E00005944,0,0,0,0,0,0
00AHHE0035,E00005945,0,0,0,0,0,0
00AHHE0039,E00005949,0,0,0,0,0,0
00AHHE0043,E00005953,0,0,0,0,0,0
00AHHE0038,E00005948,0,0,0,0,0,0
00AHGZ0013,E00005667,0,0,0,0,0,0
00AHHE0002,E00005912,0,0,0,0,0,0
00AHHE0032,E00005942,0,0,0,0,0,0
00AZGU0034,E00016858,0,0,0,0,0,0
00AHHE0030,E00005940,0,0,0,0,0,0
00ALGQ0004,E00007842,0,0,0,0,0,0
00AHGZ0055,E00005709,0,0,0,0,0,0
00AHGZ0014,E00005668,0,0,0,0,0,0
00AHGZ0044,E00005698,0,0,0,0,0,0
00AHGZ0020,E00005674,0,0,0,0,0,0
00AMGG0024,E00008778,0,0,0,0,0,0
00AHGZ0025,E00005679,0,0,0,0,0,0
00AHGZ0057,E00005711,0,0,0,0,0,0
00AHGZ0058,E00005712,0,0,0,0,0,0
00AHHE0031,E00005941,0,0,0,0,0,0
00AHGZ0008,E00005662,0,0,0,0,0,0
00AHGZ0018,E00005672,0,0,0,0,0,0
00AHGZ0009,E00005663,0,0,0,0,0,0
00AHHE0026,E00005936,0,0,0,0,0,0
00AHHE0028,E00005938,0,0,0,0,0,0
00AHHE0029,E00005939,0,0,0,0,0,0
00AHGZ0047,E00005701,0,0,0,0,0,0
00AHHE0027,E00005937,0,0,0,0,0,0
00AFGK0034,E00003410,0,0,0,0,0,0
00AHGZ0041,E00005695,0,0,0,0,0,0
00AHHA0008,E00005720,0,0,0,0,0,0
00AHHA0045,E00005757,0,0,0,0,0,0
00AHHA0047,E00005759,0,0,0,0,0,0
00BGGJ0007,E00021601,0,0,0,0,0,0
00AHHA0049,E00005761,0,0,0,0,0,0
00AHGZ0005,E00005659,0,0,0,0,0,0
00AHGZ0046,E00005700,0,0,0,0,0,0
00AHGZ0045,E00005699,0,0,0,0,0,0
00AHGZ0049,E00005703,0,0,0,0,0,0
00AHGZ0050,E00005704,0,0,0,0,0,0
00AFGK0022,E00003398,0,0,0,0,0,0
00AHGZ0042,E00005696,0,0,0,0,0,0
00AHHB0033,E00005796,0,0,0,0,0,0
00AFGP0036,E00003634,0,0,0,0,0,0
00AHGZ0033,E00005687,0,0,0,0,0,0
00AFGX0049,E00003937,0,0,0,0,0,0
00AFGX0053,E00003941,0,0,0,0,0,0
00AFGT0028,E00003784,0,0,0,0,0,0
00AFGT0038,E00003794,0,0,0,0,0,0
00AHGZ0036,E00005690,0,0,0,0,0,0
00AFGX0021,E00003909,0,0,0,0,0,0
00AHGZ0004,E00005658,0,0,0,0,0,0
00AHGZ0038,E00005692,0,0,0,0,0,0
00AHGZ0037,E00005691,0,0,0,0,0,0
00AHGZ0006,E00005660,0,0,0,0,0,0
00AHGZ0052,E00005706,0,0,0,0,0,0
00AHGZ0048,E00005702,0,0,0,0,0,0
00AHGZ0051,E00005705,0,0,0,0,0,0
00AFGL0038,E00003469,0,0,0,0,0,0
00AFGP0038,E00003636,0,0,0,0,0,0
00AFGK0028,E00003404,0,0,0,0,0,0
00AFGK0018,E00003394,0,0,0,0,0,0
00AFGK0032,E00003408,0,0,0,0,0,0
00AFGK0021,E00003397,0,0,0,0,0,0
00AFGP0031,E00003629,0,0,0,0,0,0
00AFGP0011,E00003609,0,0,0,0,0,0
00AFGK0017,E00003393,0,0,0,0,0,0
00AFGK0025,E00003401,0,0,0,0,0,0
00AFGK0030,E00003406,0,0,0,0,0,0
00AYGF0027,E00015461,0,0,0,0,0,0
00AFGL0002,E00003433,0,0,0,0,0,0
00AFGL0039,E00003470,0,0,0,0,0,0
00AFGX0008,E00003896,0,0,0,0,0,0
00AFGX0015,E00003903,0,0,0,0,0,0
00AFGK0048,E00003424,0,0,0,0,0,0
00AFGK0050,E00003426,0,0,0,0,0,0
00AFGK0053,E00003429,0,0,0,0,0,0
00AFGK0016,E00003392,0,0,0,0,0,0
00AFGP0032,E00003630,0,0,0,0,0,0
00AFGP0034,E00003632,0,0,0,0,0,0
00AFGX0046,E00003934,0,0,0,0,0,0
00AGGU0042,E00004764,0,1,0,1,0,1
00AFGP0010,E00003608,0,0,0,0,0,0
00AFGX0050,E00003938,0,0,0,0,0,0
00AFGP0033,E00003631,0,0,0,0,0,0
00AFGK0051,E00003427,0,0,0,0,0,0
00AFGX0006,E00003894,0,0,0,0,0,0
00AFGX0045,E00003933,0,0,0,0,0,0
00AFGX0054,E00003942,0,0,0,0,0,0
00AFGX0048,E00003936,0,0,0,0,0,0
00AFGX0043,E00003931,0,0,0,0,0,0
00AHGF0034,E00004947,0,0,0,0,0,0
00BEGG0022,E00019870,0,0,0,0,0,0
00AHGF0040,E00004953,0,0,0,0,0,0
00AHGF0035,E00004948,0,0,0,0,0,0
00AZGU0032,E00016856,0,0,0,0,0,0
00AHHE0050,E00005960,0,0,0,0,0,0
00AHGF0032,E00004945,0,0,0,0,0,0
00AFGT0044,E00003800,0,0,0,0,0,0
00AFGT0048,E00003804,0,0,0,0,0,0
00AHGF0033,E00004946,0,0,0,0,0,0
00AFGT0008,E00003764,0,0,0,0,0,0
00AFGT0046,E00003802,0,0,0,0,0,0
00AFGT0006,E00003762,0,0,0,0,0,0
00AFGT0002,E00003758,0,0,0,0,0,0
00AFGT0043,E00003799,0,0,0,0,0,0
00AHGF0031,E00004944,0,0,0,0,0,0
00AFGT0047,E00003803,0,0,0,0,0,0
00AFGT0005,E00003761,0,0,0,0,0,0
00AHHE0025,E00005935,0,0,0,0,0,0
00AFGK0019,E00003395,0,0,0,0,0,0
00AFGX0056,E00003944,0,0,0,0,0,0
00AFGX0042,E00003930,0,0,0,0,0,0
00AZGX0038,E00016965,0,0,0,0,0,0
00AFGX0051,E00003939,0,0,0,0,0,0
00AFGK0023,E00003399,0,0,0,0,0,0
00AFGK0024,E00003400,0,0,0,0,0,0
00AFGX0057,E00003945,0,0,0,0,0,0
00AFGK0055,E00003431,0,0,0,0,0,0
00AFGT0042,E00003798,0,0,0,0,0,0
00AHGF0002,E00004915,0,0,0,0,0,0
00AFGL0021,E00003452,0,0,0,0,0,0
00AFGT0037,E00003793,0,0,0,0,0,0
00AFGT0045,E00003801,0,0,0,0,0,0
00AFGK0037,E00003413,0,0,0,0,0,0
00AFGK0038,E00003414,0,0,0,0,0,0
00AFGK0035,E00003411,0,0,0,0,0,0
00AFGT0031,E00003787,0,0,0,0,0,0
00AFGT0033,E00003789,0,0,0,0,0,0
00AFGT0026,E00003782,0,0,0,0,0,0
00AFGT0029,E00003785,0,0,0,0,0,0
00AFGK0036,E00003412,0,0,0,0,0,0
00AFGK0001,E00003377,0,0,0,0,0,0
00AFGK0033,E00003409,0,0,0,0,0,0
00AFGK0031,E00003407,0,0,0,0,0,0
00AFGT0030,E00003786,0,0,0,0,0,0
00AFGT0020,E00003776,0,0,0,0,0,0
00BGGB0009,E00021337,0,0,0,0,0,0
00AZGJ0022,E00016367,0,0,0,0,0,0
00AGGR0035,E00004638,0,0,0,0,0,0
00AFGT0036,E00003792,0,0,0,0,0,0
00AFGT0040,E00003796,0,0,0,0,0,0
00AFGT0041,E00003797,0,0,0,0,0,0
00AFGK0026,E00003402,0,0,0,0,0,0
00AFGT0039,E00003795,0,0,0,0,0,0
00AFGT0035,E00003791,0,0,0,0,0,0
00AFGT0032,E00003788,0,0,0,0,0,0
00AFGT0034,E00003790,0,0,0,0,0,0
00AFGT0017,E00003773,0,0,0,0,0,0
00AFGK0043,E00003419,0,0,0,0,0,0
00AFGT0023,E00003779,0,0,0,0,0,0
00AFGT0021,E00003777,0,0,0,0,0,0
00AFGK0046,E00003422,0,0,0,0,0,0
00AFGT0027,E00003783,0,0,0,0,0,0
00AFGT0024,E00003780,0,0,0,0,0,0
00AFGT0016,E00003772,0,0,0,0,0,0
00AZGJ0001,E00016346,0,0,0,0,0,0
00AFGK0010,E00003386,0,0,0,0,0,0
00AFGK0015,E00003391,0,0,0,0,0,0
00AFGK0052,E00003428,0,0,0,0,0,0
00AFGK0012,E00003388,0,0,0,0,0,0
00AFGK0049,E00003425,0,0,0,0,0,0
00AFGK0013,E00003389,0,0,0,0,0,0
00AFGK0020,E00003396,0,0,0,0,0,0
00AFGK0045,E00003421,0,0,0,0,0,0
00AFGZ0036,E00004026,0,0,0,0,0,0
00AFGK0054,E00003430,0,0,0,0,0,0
00AFGK0029,E00003405,0,0,0,0,0,0
00AFGK0044,E00003420,0,0,0,0,0,0
00BGGL0012,E00021683,0,1,0,1,0,1
00AFGK0006,E00003382,0,0,0,0,0,0
00AFGK0014,E00003390,0,0,0,0,0,0
00AFGK0005,E00003381,0,0,0,0,0,0
00AFGK0007,E00003383,0,0,0,0,0,0
00BGGL0004,E00021675,0,0,0,1,0,1
00AFGK0040,E00003416,0,0,0,0,0,0
00AFGX0044,E00003932,0,0,0,0,0,0
00AFGK0047,E00003423,0,0,0,0,0,0
00AFGX0052,E00003940,0,0,0,0,0,0
00AFGX0055,E00003943,0,0,0,0,0,0
00AFGK0042,E00003418,0,0,0,0,0,0
00AFGZ0032,E00004022,0,0,0,0,0,0
00AFGK0041,E00003417,0,0,0,0,0,0
00AFGX0047,E00003935,0,0,0,0,0,0
00AFGX0034,E00003922,0,0,0,0,0,0
00AFGT0012,E00003768,0,0,0,0,0,0
00AFGL0043,E00003474,0,0,0,0,0,0
00AFGK0039,E00003415,0,0,0,0,0,0
00AFGK0008,E00003384,0,0,0,0,0,0
00AFGT0013,E00003769,0,0,0,0,0,0
00AUFX0034,E00013418,0,0,0,1,0,1
00AFGK0027,E00003403,0,0,0,0,0,0
00AFGT0003,E00003759,0,0,0,0,0,0
00AFGL0016,E00003447,0,0,0,0,0,0
00AFGT0014,E00003770,0,0,0,0,0,0
00AFGT0009,E00003765,0,0,0,0,0,0
00AFGT0010,E00003766,0,0,0,0,0,0
00AFGK0002,E00003378,0,0,0,0,0,0
00AFGL0042,E00003473,0,0,0,0,0,0
00AHHB0025,E00005788,0,0,0,0,0,0
00BGGM0010,E00021704,0,0,0,0,0,1
00AFGL0049,E00003480,0,0,0,0,0,0
00BEGG0026,E00019874,0,0,0,0,0,0
00AFGL0046,E00003477,0,0,0,0,0,0
00AFGL0012,E00003443,0,0,0,0,0,0
00AHHB0021,E00005784,0,0,0,0,0,0
00AHHB0018,E00005781,0,0,0,0,0,0
00AHGZ0029,E00005683,0,0,0,0,0,0
00BGGJ0013,E00021607,0,0,0,0,0,0
00AAGB0001,E00000036,0,0,0,0,1,0
00AHGZ0034,E00005688,0,0,0,0,0,0
00BEGZ0002,E00020499,0,0,0,0,0,0
00BEGZ0006,E00020503,0,0,0,0,0,0
00AAFE0001,E00000009,0,0,1,0,1,0
00AHGZ0003,E00005657,0,0,0,0,0,0
00AHGZ0030,E00005684,0,0,0,0,0,0
00AFGP0029,E00003627,0,0,0,0,0,0
00AFGP0025,E00003623,0,0,0,0,0,0
00BGGM0011,E00021705,0,0,0,0,0,1
00AFGP0027,E00003625,0,0,0,0,0,0
00AFGX0005,E00003893,0,0,0,0,0,0
00AFGP0009,E00003607,0,0,0,0,0,0
00AFGP0017,E00003615,0,0,0,0,0,0
00BGFW0024,E00021164,0,0,0,0,0,0
00AFGX0040,E00003928,0,0,0,0,0,0
00BEGZ0023,E00020520,0,0,0,0,0,0
00AYGF0025,E00015459,0,0,0,0,0,0
00BEGZ0001,E00020498,0,0,0,0,0,0
00BEGZ0019,E00020516,0,0,0,0,0,0
00AFGX0041,E00003929,0,0,0,0,0,0
00AHGZ0028,E00005682,0,0,0,0,0,0
00AHHB0009,E00005772,0,0,0,0,0,0
00AHGZ0002,E00005656,0,0,0,0,0,0
00AFGP0028,E00003626,0,0,0,0,0,0
00AFGP0008,E00003606,0,0,0,0,0,0
00BEGW0039,E00020413,0,0,0,0,0,0
00BEGW0027,E00020401,0,0,0,0,0,0
00BEGZ0005,E00020502,0,0,0,0,0,0
00BEGZ0031,E00020528,0,0,0,0,0,0
00AYGF0036,E00015470,0,0,0,0,0,0
00BEGH0010,E00019895,0,0,0,0,0,0
00AHHB0004,E00005767,0,0,0,0,0,0
00AHHB0046,E00005809,0,0,0,0,0,0
00AYGF0028,E00015462,0,0,0,0,0,0
00AFGX0036,E00003924,0,0,0,0,0,0
00AHHB0005,E00005768,0,0,0,0,0,0
00AYGF0007,E00015441,0,0,0,0,0,0
00AHHB0015,E00005778,0,0,0,0,0,0
00AHHB0047,E00005810,0,0,0,0,0,0
00BEGW0022,E00020396,0,0,0,0,0,0
00AYGF0008,E00015442,0,0,0,0,0,0
00AYGF0024,E00015458,0,0,0,0,0,0
00AYGF0026,E00015460,0,0,0,0,0,0
00AYGF0031,E00015465,0,0,0,0,0,0
00BEGW0009,E00020383,0,0,0,0,0,0
00AFGP0005,E00003603,0,0,0,0,0,0
00BEGW0026,E00020400,0,0,0,0,0,0
00AYGF0018,E00015452,0,0,0,0,0,0
00AYGF0012,E00015446,0,0,0,0,0,0
00AYGF0005,E00015439,0,0,0,0,0,0
00AYGF0048,E00015482,0,0,0,0,0,0
00AYGF0047,E00015481,0,0,0,0,0,0
00AHHB0045,E00005808,0,0,0,0,0,0
00AYGF0042,E00015476,0,0,0,0,0,0
00AYGF0011,E00015445,0,0,0,0,0,0
00AYGF0014,E00015448,0,0,0,0,0,0
00AYGF0001,E00015435,0,0,0,0,0,0
00AHHB0007,E00005770,0,0,0,0,0,0
00AHHB0013,E00005776,0,0,0,0,0,0
00AYGF0040,E00015474,0,0,0,0,0,0
00AHHB0006,E00005769,0,0,0,0,0,0
00AHHB0012,E00005775,0,0,0,0,0,0
00AFGP0003,E00003601,0,0,0,0,0,0
00AFGP0007,E00003605,0,0,0,0,0,0
00AFGP0013,E00003611,0,0,0,0,0,0
00AFGP0024,E00003622,0,0,0,0,0,0
00AFGP0015,E00003613,0,0,0,0,0,0
00AFGP0018,E00003616,0,0,0,0,0,0
00AHHB0011,E00005774,0,0,0,0,0,0
00AFGP0045,E00003643,0,0,0,0,0,0
00AFGP0022,E00003620,0,0,0,0,0,0
00BGGD0040,E00021437,0,0,0,0,0,0
00AYGF0021,E00015455,0,0,0,0,0,0
00AYGF0037,E00015471,0,0,0,0,0,0
00AYGF0035,E00015469,0,0,0,0,0,0
00AFGP0020,E00003618,0,0,0,0,0,0
00AYGF0029,E00015463,0,0,0,0,0,0
00AYGF0022,E00015456,0,0,0,0,0,0
00AYGF0023,E00015457,0,0,0,0,0,0
00AYGF0033,E00015467,0,0,0,0,0,0
00AYGF0030,E00015464,0,0,0,0,0,0
00AYGF0038,E00015472,0,0,0,0,0,0
00AYGF0034,E00015468,0,0,0,0,0,0
00BEGG0014,E00019862,0,0,0,0,0,0
00AMGT0035,E00009182,0,0,0,0,0,0
00BEGG0015,E00019863,0,0,0,0,0,0
00BEGG0010,E00019858,0,0,0,0,0,0
00BEGG0012,E00019860,0,0,0,0,0,0
00BEGG0013,E00019861,0,0,0,0,0,0
00AFGP0006,E00003604,0,0,0,0,0,0
00AFGX0032,E00003920,0,0,0,0,0,0
00AFGP0044,E00003642,0,0,0,0,0,0
00AFGX0023,E00003911,0,0,0,0,0,0
00AFGX0022,E00003910,0,0,0,0,0,0
00AFGP0016,E00003614,0,0,0,0,0,0
00AFGX0014,E00003902,0,0,0,0,0,0
00AFGP0039,E00003637,0,0,0,0,0,0
00BEGS0023,E00020271,0,1,0,1,0,1
00AFGP0041,E00003639,0,0,0,0,0,0
00AFGP0001,E00003599,0,0,0,0,0,0
00AFGP0042,E00003640,0,0,0,0,0,0
00AFGP0043,E00003641,0,0,0,0,0,0
00AZGU0005,E00016829,0,0,0,0,0,0
00AZGF0021,E00016229,0,0,0,0,0,0
00BEGG0031,E00019879,0,0,0,0,0,0
00AYGF0019,E00015453,0,0,0,0,0,0
00AZGU0053,E00016877,0,0,0,0,0,0
00AZGF0025,E00016233,0,0,0,0,0,0
00AYGF0015,E00015449,0,0,0,0,0,0
00BEGG0037,E00019885,0,0,0,0,0,0
00BEGG0008,E00019856,0,0,0,0,0,0
00AYGF0046,E00015480,0,0,0,0,0,0
00BEGG0034,E00019882,0,0,0,0,0,0
00BEGG0035,E00019883,0,0,0,0,0,0
00BEGG0009,E00019857,0,0,0,0,0,0
00BGGB0032,E00021360,0,0,0,0,0,0
00BEGG0006,E00019854,0,0,0,0,0,0
00BEGG0007,E00019855,0,0,0,0,0,0
00BEGG0033,E00019881,0,0,0,0,0,0
00AZGU0016,E00016840,0,0,0,0,0,0
00AZGU0028,E00016852,0,0,0,0,0,0
00BEGG0036,E00019884,0,0,0,0,0,0
00BEGG0028,E00019876,0,0,0,0,0,0
00BEGG0032,E00019880,0,0,0,0,0,0
00AZGE0004,E00016162,0,0,0,0,0,0
00AZGU0023,E00016847,0,0,0,0,0,0
00AZGU0026,E00016850,0,0,0,0,0,0
00AZGU0030,E00016854,0,0,0,0,0,0
00AZGU0051,E00016875,0,0,0,0,0,0
00AZGU0050,E00016874,0,0,0,0,0,0
00AZGU0031,E00016855,0,0,0,0,0,0
00AZGU0033,E00016857,0,0,0,0,0,0
00AZGU0014,E00016838,0,0,0,0,0,0
00AZGU0004,E00016828,0,0,0,0,0,0
00AZGU0002,E00016826,0,0,0,0,0,0
00AZGU0027,E00016851,0,0,0,0,0,0
00BEGS0014,E00020262,0,1,0,1,0,1
00AZGU0007,E00016831,0,0,0,0,0,0
00AZGU0043,E00016867,0,0,0,0,0,0
00AZGU0009,E00016833,0,0,0,0,0,0
00AZGU0003,E00016827,0,0,0,0,0,0
00AZGU0008,E00016832,0,0,0,0,0,0
00AZGU0015,E00016839,0,0,0,0,0,0
00AZGU0052,E00016876,0,0,0,0,0,0
00BGGF0025,E00021500,0,0,0,0,0,0
00AZGL0034,E00016476,0,0,0,0,0,0
00AUGF0011,E00013714,0,0,0,0,0,0
00AZGU0049,E00016873,0,0,0,0,0,0
00BEGG0030,E00019878,0,0,0,0,0,0
00AUGG0030,E00013773,0,0,0,0,0,0
00AZGL0036,E00016478,0,0,0,0,0,0
00AZGL0040,E00016482,0,0,0,0,0,0
00AZGL0028,E00016470,0,0,0,0,0,0
00AZGL0033,E00016475,0,0,0,0,0,0
00BEGS0013,E00020261,0,1,0,1,0,1
00AZGL0031,E00016473,0,0,0,0,0,0
00AZGL0032,E00016474,0,0,0,0,0,0
00AZGL0039,E00016481,0,0,0,0,0,0
00AFGL0004,E00003435,0,0,0,0,0,0
00AZGL0026,E00016468,0,0,0,0,0,0
00AZGL0030,E00016472,0,0,0,0,0,0
00AZGL0035,E00016477,0,0,0,0,0,0
00AFGX0035,E00003923,0,0,0,0,0,0
00AZGK0012,E00016406,0,0,0,0,0,0
00AFGX0003,E00003891,0,0,0,0,0,0
00AFGX0033,E00003921,0,0,0,0,0,0
00AFGX0039,E00003927,0,0,0,0,0,0
00AFGX0025,E00003913,0,0,0,0,0,0
00AFGK0003,E00003379,0,0,0,0,0,0
00AFGL0008,E00003439,0,0,0,0,0,0
00AFGL0040,E00003471,0,0,0,0,0,0
00AFGL0007,E00003438,0,0,0,0,0,0
00ALGY0037,E00008183,0,0,0,0,0,0
00AFGX0004,E00003892,0,0,0,0,0,0
00AFGX0037,E00003925,0,0,0,0,0,0
00AFGX0038,E00003926,0,0,0,0,0,0
00BEGU0041,E00020373,0,0,0,0,0,1
00AFGX0031,E00003919,0,0,0,0,0,0
00AFGX0002,E00003890,0,0,0,0,0,0
00AZGU0040,E00016864,0,0,0,0,0,0
00AFGX0026,E00003914,0,0,0,0,0,0
00AFGX0007,E00003895,0,0,0,0,0,0
00AZGU0036,E00016860,0,0,0,0,0,0
00AZGU0010,E00016834,0,0,0,0,0,0
00AZGU0021,E00016845,0,0,0,0,0,0
00AZGU0006,E00016830,0,0,0,0,0,0
00AZGU0048,E00016872,0,0,0,0,0,0
00AZGL0027,E00016469,0,0,0,0,0,0
00BEGG0019,E00019867,0,0,0,0,0,0
00BEGG0002,E00019850,0,0,0,0,0,0
00BEGH0012,E00019897,0,0,0,0,0,0
00AFGX0020,E00003908,0,0,0,0,0,0
00BEGQ0022,E00020197,0,0,0,0,0,0
00AZGL0029,E00016471,0,0,0,0,0,0
00AFGX0001,E00003889,0,0,0,0,0,0
00AFGX0017,E00003905,0,0,0,0,0,0
00AFGX0029,E00003917,0,0,0,0,0,0
00BEGL0015,E00020022,0,0,0,0,0,1
00AFGX0030,E00003918,0,0,0,0,0,0
00AZGU0038,E00016862,0,0,0,0,0,0
00AZGU0042,E00016866,0,0,0,0,0,0
00AZGU0046,E00016870,0,0,0,0,0,0
00AFGX0024,E00003912,0,0,0,0,0,0
00BEGU0012,E00020344,0,0,0,0,0,0
00AFGX0018,E00003906,0,0,0,0,0,0
00AFGX0028,E00003916,0,0,0,0,0,0
00AFGX0027,E00003915,0,0,0,0,0,0
00AZGU0044,E00016868,0,0,0,0,0,0
00AFGX0010,E00003898,0,0,0,0,0,0
00AFGX0012,E00003900,0,0,0,0,0,0
00AZGU0035,E00016859,0,0,0,0,0,0
00AZGU0037,E00016861,0,0,0,0,0,0
00BEGG0016,E00019864,0,0,0,0,0,0
00AFGX0016,E00003904,0,0,0,0,0,0
00AFGX0011,E00003899,0,0,0,0,0,0
00AFGX0059,E00003947,0,0,0,0,0,0
00AFGX0009,E00003897,0,0,0,0,0,0
00AFGX0058,E00003946,0,0,0,0,0,0
00AFGX0013,E00003901,0,0,0,0,0,0
00AZGU0047,E00016871,0,0,0,0,0,0
00AFGL0003,E00003434,0,0,0,0,0,0
00AFGL0034,E00003465,0,0,0,0,0,0
00AFGL0001,E00003432,0,0,0,0,0,0
00AFGL0036,E00003467,0,0,0,0,0,0
00AZGU0012,E00016836,0,0,0,0,0,0
00BEGG0001,E00019849,0,0,0,0,0,0
00AFGL0005,E00003436,0,0,0,0,0,0
00AFGL0035,E00003466,0,0,0,0,0,0
00AFGL0030,E00003461,0,0,0,0,0,0
00AFGL0032,E00003463,0,0,0,0,0,0
00AFGL0031,E00003462,0,0,0,0,0,0
00AZGU0018,E00016842,0,0,0,0,0,0
00AZGL0003,E00016445,0,0,0,0,0,0
00AFGL0060,E00003491,0,0,0,0,0,0
00AFGL0033,E00003464,0,0,0,0,0,0
00AFGL0056,E00003487,0,0,0,0,0,0
00AFGL0029,E00003460,0,0,0,0,0,0
00AFGL0061,E00003492,0,0,0,0,0,0
00BEGS0032,E00020280,0,0,0,0,0,1
00AFGL0057,E00003488,0,0,0,0,0,0
00AZGD0042,E00016153,0,0,0,0,0,0
00AFGL0058,E00003489,0,0,0,0,0,0
00AFGL0059,E00003490,0,0,0,0,0,0
00AFHA0028,E00004069,0,0,0,0,0,0
00AFHA0023,E00004064,0,0,0,0,0,0
00AZGU0024,E00016848,0,0,0,0,0,0
00AZGS0046,E00016773,0,0,0,0,0,0
00AZGS0049,E00016776,0,0,0,0,0,0
00AFHA0026,E00004067,0,0,0,0,0,0
00AFGD0009,E00003118,0,0,0,0,0,0
00AFGS0004,E00003710,0,0,0,0,0,0
00AFGT0025,E00003781,0,0,0,0,0,0
00AZGL0006,E00016448,0,0,0,0,0,0
00AZGL0002,E00016444,0,0,0,0,0,0
00AZGL0046,E00016488,0,0,0,0,0,0
00AZGL0010,E00016452,0,0,0,0,0,0
00AZGU0001,E00016825,0,0,0,0,0,0
00BEGT0005,E00020296,0,0,0,0,0,0
00AZGU0020,E00016844,0,0,0,0,0,0
00AZGD0031,E00016142,0,0,0,0,0,0
00AZGU0039,E00016863,0,0,0,0,0,0
00BEGX0017,E00020430,0,0,0,0,0,0
00AZGU0011,E00016835,0,0,0,0,0,0
00AZGU0017,E00016841,0,0,0,0,0,0
00AZGD0023,E00016134,0,0,0,0,0,0
00AFGG0032,E00003263,0,0,0,0,0,0
00AZGD0029,E00016140,0,0,0,0,0,0
00AZGU0019,E00016843,0,0,0,0,0,0
00AZGU0022,E00016846,0,0,0,0,0,0
00AZGU0025,E00016849,0,0,0,0,0,0
00AZGD0039,E00016150,0,0,0,0,0,0
00AZGU0029,E00016853,0,0,0,0,0,0
00AZGD0034,E00016145,0,0,0,0,0,0
00AZGD0005,E00016116,0,0,0,0,0,0
00AZGU0041,E00016865,0,0,0,0,0,0
00AFGN0032,E00003576,0,0,0,0,0,0
00AZGU0013,E00016837,0,0,0,0,0,0
00AZGS0048,E00016775,0,0,0,0,0,0
00AZGS0001,E00016728,0,0,0,0,0,0
00AZGS0004,E00016731,0,0,0,0,0,0
00AZGS0042,E00016769,0,0,0,0,0,0
00AZGS0045,E00016772,0,0,0,0,0,0
00AZGS0039,E00016766,0,0,0,0,0,0
00AZGS0041,E00016768,0,0,0,0,0,0
00AZGD0032,E00016143,0,0,0,0,0,0
00AZGS0044,E00016771,0,0,0,0,0,0
00AZGD0020,E00016131,0,0,0,0,0,0
00AFHA0005,E00004046,0,0,0,0,0,0
00AZGS0003,E00016730,0,0,0,0,0,0
00AZGS0050,E00016777,0,0,0,0,0,0
00AZGS0047,E00016774,0,0,0,0,0,0
00AZGS0038,E00016765,0,0,0,0,0,0
00AZGS0002,E00016729,0,0,0,0,0,0
00AZGD0015,E00016126,0,0,0,0,0,0
00AZGS0043,E00016770,0,0,0,0,0,0
00AZGS0040,E00016767,0,0,0,0,0,0
00BEGC0033,E00019717,0,0,0,0,0,0
00BEGG0024,E00019872,0,0,0,0,0,0
00AZGD0006,E00016117,0,0,0,0,0,0
00AZGD0033,E00016144,0,0,0,0,0,0
00AZGD0018,E00016129,0,0,0,0,0,0
00AZGD0021,E00016132,0,0,0,0,0,0
00AZGD0003,E00016114,0,0,0,0,0,0
00AZGD0036,E00016147,0,0,0,0,0,0
00AZGD0037,E00016148,0,0,0,0,0,0
00AZGD0004,E00016115,0,0,0,0,0,0
00AZGD0026,E00016137,0,0,0,0,0,0
00AZGD0028,E00016139,0,0,0,0,0,0
00BBGJ0029,E00017886,0,0,0,0,0,0
00AZGD0030,E00016141,0,0,0,0,0,0
00AZGD0024,E00016135,0,0,0,0,0,0
00AZGD0025,E00016136,0,0,0,0,0,0
00AZGD0016,E00016127,0,0,0,0,0,0
00AZGD0022,E00016133,0,0,0,0,0,0
00AZGD0011,E00016122,0,0,0,0,0,0
00AZGD0008,E00016119,0,0,0,0,0,0
00AZGD0012,E00016123,0,0,0,0,0,0
00AZGD0017,E00016128,0,0,0,0,0,0
00AZGD0002,E00016113,0,0,0,0,0,0
00AZGD0009,E00016120,0,0,0,0,0,0
00AFGS0036,E00003742,0,0,0,0,0,0
00AZGD0014,E00016125,0,0,0,0,0,0
00AZGD0019,E00016130,0,0,0,0,0,0
00AFGS0035,E00003741,0,0,0,0,0,0
00AFGG0030,E00003261,0,0,0,0,0,0
00AFGT0004,E00003760,0,0,0,0,0,0
00AFGT0001,E00003757,0,0,0,0,0,0
00AFHB0030,E00004104,0,0,0,0,0,0
00AFHA0027,E00004068,0,0,0,0,0,0
00AMGA0017,E00008553,0,0,0,0,0,0
00AFHB0003,E00004077,0,0,0,0,0,0
00AFGS0034,E00003740,0,0,0,0,0,0
00AFHA0025,E00004066,0,0,0,0,0,0
00AFGT0022,E00003778,0,0,0,0,0,0
00AFGT0011,E00003767,0,0,0,0,0,0
00AFGL0011,E00003442,0,0,0,0,0,0
00AMGA0030,E00008566,0,0,0,0,0,0
00AFGL0017,E00003448,0,0,0,0,0,0
00AFGL0020,E00003451,0,0,0,0,0,0
00AFGL0054,E00003485,0,0,0,0,0,0
00AGGU0003,E00004725,0,0,0,1,0,1
00AFGL0051,E00003482,0,0,0,0,0,0
00AFGL0014,E00003445,0,0,0,0,0,0
00AFHA0016,E00004057,0,0,0,0,0,0
00APGU0012,E00010542,0,0,0,0,0,0
00AFHA0022,E00004063,0,0,0,0,0,0
00AFHA0020,E00004061,0,0,0,0,0,0
00AFGL0053,E00003484,0,0,0,0,0,0
00AFHA0014,E00004055,0,0,0,0,0,0
00AFGT0018,E00003774,0,0,0,0,0,0
00AFGL0050,E00003481,0,0,0,0,0,0
00AFGT0019,E00003775,0,0,0,0,0,0
00AFHA0007,E00004048,0,0,0,0,0,0
00AFGG0029,E00003260,0,0,0,0,0,0
00AFHA0013,E00004054,0,0,0,0,0,0
00AFHA0004,E00004045,0,0,0,0,0,0
00AFGL0028,E00003459,0,0,0,0,0,0
00APGH0033,E00010135,0,0,0,0,0,0
00AFHA0010,E00004051,0,0,0,0,0,0
00AFHA0031,E00004072,0,0,0,0,0,0
00AFHA0017,E00004058,0,0,0,0,0,0
00BEGS0039,E00020287,0,0,0,0,0,0
00AFHA0019,E00004060,0,0,0,0,0,0
00AFHA0024,E00004065,0,0,0,0,0,0
00AFHA0021,E00004062,0,0,0,0,0,0
00BEGR0039,E00020248,0,0,0,0,0,0
00AFGG0047,E00003278,0,0,0,0,0,0
00AFGS0033,E00003739,0,0,0,0,0,0
00AFHA0009,E00004050,0,0,0,0,0,0
00AFHA0018,E00004059,0,0,0,0,0,0
00AFHA0011,E00004052,0,0,0,0,0,0
00AFHA0006,E00004047,0,0,0,0,0,0
00AFHA0030,E00004071,0,0,0,0,0,0
00AFGG0002,E00003233,0,0,0,0,0,0
00AFGG0008,E00003239,0,0,0,0,0,0
00AFHA0015,E00004056,0,0,0,0,0,0
00AFGZ0016,E00004006,0,0,0,0,0,0
00AFGD0039,E00003148,0,0,0,0,0,0
00AFGD0040,E00003149,0,0,0,0,0,0
00AFGG0005,E00003236,0,0,0,0,0,0
00AZGM0046,E00016538,0,0,0,0,0,0
00AZGM0042,E00016534,0,0,0,0,0,0
00AZGM0032,E00016524,0,0,0,0,0,0
00BEGS0028,E00020276,0,0,0,0,0,0
00AFGN0037,E00003581,0,0,0,0,0,0
00AFGN0031,E00003575,0,0,0,0,0,0
00AFGL0024,E00003455,0,0,0,0,0,0
00AFGN0038,E00003582,0,0,0,0,0,0
00AFGN0047,E00003591,0,0,0,0,0,0
00BEGS0029,E00020277,0,0,0,0,0,0
00AFGM0048,E00003540,0,0,0,0,0,0
00AFHA0032,E00004073,0,0,0,0,0,0
00AFHA0008,E00004049,0,0,0,0,0,0
00BEGC0014,E00019698,0,0,0,0,0,0
00AFHA0012,E00004053,0,0,0,0,0,0
00AFHA0033,E00004074,0,0,0,0,0,0
00BGGJ0042,E00021636,0,0,0,0,0,1
00AFGT0015,E00003771,0,0,0,0,0,0
00AFGL0027,E00003458,0,0,0,0,0,0
00AFGL0023,E00003454,0,0,0,0,0,0
00AFGL0026,E00003457,0,0,0,0,0,0
00AFGL0022,E00003453,0,0,0,0,0,0
00AFGL0052,E00003483,0,0,0,0,0,0
00AFGL0048,E00003479,0,0,0,0,0,0
00AFGL0018,E00003449,0,0,0,0,0,0
00AFGL0055,E00003486,0,0,0,0,0,0
00AFHA0003,E00004044,0,0,0,0,0,0
00AFGL0025,E00003456,0,0,0,0,0,0
00AFGD0028,E00003137,0,0,0,0,0,0
00AZGW0017,E00016895,0,0,0,0,0,0
00AFGZ0012,E00004002,0,0,0,0,0,0
00AFGZ0015,E00004005,0,0,0,0,0,0
00AFGZ0051,E00004041,0,0,0,0,0,0
00BGGJ0037,E00021631,0,0,0,0,0,0
00AFGZ0011,E00004001,0,0,0,0,0,0
00AFGL0013,E00003444,0,0,0,0,0,0
00AFGL0019,E00003450,0,0,0,0,0,0
00AFGL0044,E00003475,0,0,0,0,0,0
00AFGZ0048,E00004038,0,0,0,0,0,0
00AFGZ0049,E00004039,0,0,0,0,0,0
00AFGZ0050,E00004040,0,0,0,0,0,0
00AFGN0048,E00003592,0,0,0,0,0,0
00AFGN0039,E00003583,0,0,0,0,0,0
00AFGL0045,E00003476,0,0,0,0,0,0
00AFGG0017,E00003248,0,0,0,0,0,0
00AFGG0021,E00003252,0,0,0,0,0,0
00AFHA0002,E00004043,0,0,0,0,0,0
00AFGL0047,E00003478,0,0,0,0,0,0
00BEGT0003,E00020294,0,0,0,0,0,0
00AFHA0029,E00004070,0,0,0,0,0,0
00AFGG0026,E00003257,0,0,0,0,0,0
00AFHA0001,E00004042,0,0,0,0,0,0
00AFGG0034,E00003265,0,0,0,0,0,0
00AFGG0035,E00003266,0,0,0,0,0,0
00AFGG0022,E00003253,0,0,0,0,0,0
00AFGG0024,E00003255,0,0,0,0,0,0
00BEGC0035,E00019719,0,0,0,0,0,0
00AFGG0015,E00003246,0,0,0,0,0,0
00AFGG0001,E00003232,0,0,0,0,0,0
00AZGJ0041,E00016386,0,0,0,0,0,0
00AFGG0053,E00003284,0,0,0,0,0,0
00AFGN0050,E00003594,0,0,0,0,0,0
00AFGG0016,E00003247,0,0,0,0,0,0
00AFGG0025,E00003256,0,0,0,0,0,0
00AFGF0018,E00003202,0,0,0,0,0,0
00AFGG0020,E00003251,0,0,0,0,0,0
00AFGZ0046,E00004036,0,0,0,0,0,0
00AFGG0014,E00003245,0,0,0,0,0,0
00AFGD0035,E00003144,0,0,0,0,0,0
00AFGS0005,E00003711,0,0,0,0,0,0
00AFGM0049,E00003541,0,0,0,0,0,0
00AFGS0032,E00003738,0,0,0,0,0,0
00AFGG0007,E00003238,0,0,0,0,0,0
00AFGF0012,E00003196,0,0,0,0,0,0
00AFGF0017,E00003201,0,0,0,0,0,0
00AFGF0009,E00003193,0,0,0,0,0,0
00AFGZ0047,E00004037,0,0,0,0,0,0
00AFGF0016,E00003200,0,0,0,0,0,0
00AFGF0011,E00003195,0,0,0,0,0,0
00AFGG0043,E00003274,0,0,0,0,0,0
00AFGG0023,E00003254,0,0,0,0,0,0
00AZGS0009,E00016736,0,0,0,0,0,0
00AFGG0018,E00003249,0,0,0,0,0,0
00AFGG0033,E00003264,0,0,0,0,0,0
00AFGG0003,E00003234,0,0,0,0,0,0
00AFGG0019,E00003250,0,0,0,0,0,0
00AFGG0009,E00003240,0,0,0,0,0,0
00AFGG0045,E00003276,0,0,0,0,0,0
00APGD0029,E00009973,0,0,0,0,0,0
00ADGW0028,E00002267,0,0,0,0,0,0
00ADGW0025,E00002264,0,0,0,0,0,0
00AFGG0048,E00003279,0,0,0,0,0,0
00AFGF0006,E00003190,0,0,0,0,0,0
00AFGF0045,E00003229,0,0,0,0,0,0
00AFGG0039,E00003270,0,0,0,0,0,0
00AFGG0037,E00003268,0,0,0,0,0,0
00AFGG0040,E00003271,0,0,0,0,0,0
00BEGX0041,E00020454,0,0,0,0,0,0
00ADGQ0006,E00002078,0,0,0,0,0,0
00AFGG0044,E00003275,0,0,0,0,0,0
00AFGG0046,E00003277,0,0,0,0,0,0
00AFGG0006,E00003237,0,0,0,0,0,0
00AFGG0038,E00003269,0,0,0,0,0,0
00AFGG0042,E00003273,0,0,0,0,0,0
00AFGG0036,E00003267,0,0,0,0,0,0
00AFGF0005,E00003189,0,0,0,0,0,0
00AFGF0047,E00003231,0,0,0,0,0,0
00AFGD0004,E00003113,0,0,0,0,0,0
00AFGF0007,E00003191,0,0,0,0,0,0
00AFGD0023,E00003132,0,0,0,0,0,0
00AFGF0008,E00003192,0,0,0,0,0,0
00AFGF0046,E00003230,0,0,0,0,0,0
00AFGD0044,E00003153,0,0,0,0,0,0
00AFGD0005,E00003114,0,0,0,0,0,0
00AFGD0006,E00003115,0,0,0,0,0,0
00AFGD0045,E00003154,0,0,0,0,0,0
00AFGD0016,E00003125,0,0,0,0,0,0
00AZGF0014,E00016222,0,0,0,0,0,0
00AFGD0001,E00003110,0,0,0,0,0,0
00AFGD0041,E00003150,0,0,0,0,0,0
00AFGG0041,E00003272,0,0,0,0,0,0
00AFGD0038,E00003147,0,0,0,0,0,0
00AFGG0027,E00003258,0,0,0,0,0,0
00AFGG0031,E00003262,0,0,0,0,0,0
00AFGG0004,E00003235,0,0,0,0,0,0
00AFGG0028,E00003259,0,0,0,0,0,0
00AFGD0029,E00003138,0,0,0,0,0,0
00AFGD0027,E00003136,0,0,0,0,0,0
00AZGF0042,E00016250,0,0,0,0,0,0
00AFGD0032,E00003141,0,0,0,0,0,0
00AFGD0026,E00003135,0,0,0,0,0,0
00AZGM0005,E00016497,0,0,0,0,0,0
00AFGD0031,E00003140,0,0,0,0,0,0
00AFGD0033,E00003142,0,0,0,0,0,0
00AFGD0020,E00003129,0,0,0,0,0,0
00AFGG0049,E00003280,0,0,0,0,0,0
00AFGD0014,E00003123,0,0,0,0,0,0
00AFGL0006,E00003437,0,0,0,0,0,0
00AFGL0010,E00003441,0,0,0,0,0,0
00BEGC0030,E00019714,0,0,0,0,0,0
00AFGL0037,E00003468,0,0,0,0,0,0
00AFGG0052,E00003283,0,0,0,0,0,0
00AFGG0051,E00003282,0,0,0,0,0,0
00AFGG0013,E00003244,0,0,0,0,0,0
00AFGZ0040,E00004030,0,0,0,0,0,0
00AFGZ0044,E00004034,0,0,0,0,0,0
00AFGG0050,E00003281,0,0,0,0,0,0
00AFGZ0039,E00004029,0,0,0,0,0,0
00AFGG0012,E00003243,0,0,0,0,0,0
00ADGQ0011,E00002083,0,0,0,0,0,0
00AFGZ0041,E00004031,0,0,0,0,0,0
00AFGZ0042,E00004032,0,0,0,0,0,0
00AFGZ0009,E00003999,0,0,0,0,0,0
00AFGZ0006,E00003996,0,0,0,0,0,0
00AZGD0035,E00016146,0,0,0,0,0,0
00AZGD0027,E00016138,0,0,0,0,0,0
00AZGJ0014,E00016359,0,0,0,0,0,0
00AZGD0040,E00016151,0,0,0,0,0,0
00AZGD0038,E00016149,0,0,0,0,0,0
00AFGZ0038,E00004028,0,0,0,0,0,0
00AZGX0010,E00016937,0,0,0,0,0,0
00AZGX0035,E00016962,0,0,0,0,0,0
00AZGJ0046,E00016391,0,0,0,0,0,0
00AZGJ0016,E00016361,0,0,0,0,0,0
00AZGJ0023,E00016368,0,0,0,0,0,0
00AZGJ0012,E00016357,0,0,0,0,0,0
00AZGJ0015,E00016360,0,0,0,0,0,0
00AZGM0035,E00016527,0,0,0,0,0,0
00AZGJ0009,E00016354,0,0,0,0,0,0
00AFGU0012,E00003816,0,0,0,0,0,0
00AZGJ0018,E00016363,0,0,0,0,0,0
00AFGG0010,E00003241,0,0,0,0,0,0
00AFGG0011,E00003242,0,0,0,0,0,0
00AZGN0016,E00016557,0,0,0,0,0,0
00AFGZ0033,E00004023,0,0,0,0,0,0
00AFGZ0004,E00003994,0,0,0,0,0,0
00AZGJ0002,E00016347,0,0,0,0,0,0
00AFGZ0005,E00003995,0,0,0,0,0,0
00AFGZ0007,E00003997,0,0,0,0,0,0
00AZGJ0021,E00016366,0,0,0,0,0,0
00AZGJ0049,E00016394,0,0,0,0,0,0
00AZGJ0017,E00016362,0,0,0,0,0,0
00AZGJ0031,E00016376,0,0,0,0,0,0
00AZGJ0019,E00016364,0,0,0,0,0,0
00AZGJ0020,E00016365,0,0,0,0,0,0
00AFGZ0030,E00004020,0,0,0,0,0,0
00AFGZ0031,E00004021,0,0,0,0,0,0
00AZGJ0047,E00016392,0,0,0,0,0,0
00AZGX0042,E00016969,0,0,0,0,0,0
00AZGJ0011,E00016356,0,0,0,0,0,0
00AFGZ0034,E00004024,0,0,0,0,0,0
00AZGX0043,E00016970,0,0,0,0,0,0
00AFGZ0029,E00004019,0,0,0,0,0,0
00AFGZ0002,E00003992,0,0,0,0,0,0
00AZGJ0040,E00016385,0,0,0,0,0,0
00AFGZ0014,E00004004,0,0,0,0,0,0
00AFGZ0026,E00004016,0,0,0,0,0,0
00AZGM0036,E00016528,0,0,0,0,0,0
00AZGJ0010,E00016355,0,0,0,0,0,0
00ALHA0010,E00008242,0,0,0,0,0,0
00AFGZ0022,E00004012,0,0,0,0,0,0
00AZGJ0039,E00016384,0,0,0,0,0,0
00BEGM0037,E00020089,0,0,0,0,0,0
00AZGX0007,E00016934,0,0,0,0,0,0
00AZGX0012,E00016939,0,0,0,0,0,0
00BEGR0018,E00020227,0,0,0,0,0,0
00AZGJ0013,E00016358,0,0,0,0,0,0
00AZGJ0043,E00016388,0,0,0,0,0,0
00AZGX0008,E00016935,0,0,0,0,0,0
00AZGJ0045,E00016390,0,0,0,0,0,0
00AZGX0009,E00016936,0,0,0,0,0,0
00BEGJ0009,E00019931,0,0,0,0,0,1
00AZGX0011,E00016938,0,0,0,0,0,0
00AZGX0044,E00016971,0,0,0,0,0,0
00AZGX0001,E00016928,0,0,0,0,0,0
00BEGU0021,E00020353,0,0,0,0,0,0
00AZGJ0035,E00016380,0,0,0,0,0,0
00AZGX0023,E00016950,0,0,0,0,0,0
00BEGU0026,E00020358,0,0,0,0,0,0
00BEGT0037,E00020328,0,0,0,0,0,0
00AZGX0041,E00016968,0,0,0,0,0,0
00AZGX0036,E00016963,0,0,0,0,0,0
00AZGX0031,E00016958,0,0,0,0,0,0
00BEGT0030,E00020321,0,0,0,0,0,0
00AZGX0029,E00016956,0,0,0,0,0,0
00AZGJ0042,E00016387,0,0,0,0,0,0
00AZGJ0038,E00016383,0,0,0,0,0,0
00AZGJ0006,E00016351,0,0,0,0,0,0
00AZGM0022,E00016514,0,0,0,0,0,0
00AZGT0040,E00016817,0,0,0,0,0,0
00AZGJ0048,E00016393,0,0,0,0,0,0
00AZGJ0008,E00016353,0,0,0,0,0,0
00BEGW0006,E00020380,0,0,0,0,0,0
00AZGJ0004,E00016349,0,0,0,0,0,0
00AZGJ0003,E00016348,0,0,0,0,0,0
00BEGY0035,E00020490,0,0,0,0,0,0
00AZGJ0030,E00016375,0,0,0,0,0,0
00AZGJ0044,E00016389,0,0,0,0,0,0
00AZGJ0032,E00016377,0,0,0,0,0,0
00AFGZ0020,E00004010,0,0,0,0,0,0
00AZGJ0007,E00016352,0,0,0,0,0,0
00AZGX0030,E00016957,0,0,0,0,0,0
00AZGJ0034,E00016379,0,0,0,0,0,0
00AZGJ0037,E00016382,0,0,0,0,0,0
00BEGR0029,E00020238,0,0,0,0,0,0
00AZGJ0036,E00016381,0,0,0,0,0,0
00AZGJ0027,E00016372,0,0,0,0,0,0
00ADGQ0008,E00002080,0,0,0,0,0,0
00AZGJ0028,E00016373,0,0,0,0,0,0
00AZGX0037,E00016964,0,0,0,0,0,0
00AZGS0033,E00016760,0,0,0,0,0,0
00AZGX0003,E00016930,0,0,0,0,0,0
00AZGX0033,E00016960,0,0,0,0,0,0
00AZGX0006,E00016933,0,0,0,0,0,0
00AZGX0002,E00016929,0,0,0,0,0,0
00AZGX0028,E00016955,0,0,0,0,0,0
00AZGX0039,E00016966,0,0,0,0,0,0
00AZGX0024,E00016951,0,0,0,0,0,0
00BEGY0004,E00020459,0,0,0,0,0,0
00AZGX0005,E00016932,0,0,0,0,0,0
00AZGX0027,E00016954,0,0,0,0,0,0
00AZGX0034,E00016961,0,0,0,0,0,0
00AFGZ0045,E00004035,0,0,0,0,0,0
00AFGZ0008,E00003998,0,0,0,0,0,0
00BEGC0009,E00019693,0,0,0,0,0,0
00AFGZ0043,E00004033,0,0,0,0,0,0
00AFGD0017,E00003126,0,0,0,0,0,0
00AFGD0007,E00003116,0,0,0,0,0,0
00AFGZ0010,E00004000,0,0,0,0,0,0
00AFGD0018,E00003127,0,0,0,0,0,0
00AFGD0019,E00003128,0,0,0,0,0,0
00AFGZ0003,E00003993,0,0,0,0,0,0
00AFGZ0028,E00004018,0,0,0,0,0,0
00AFGZ0037,E00004027,0,0,0,0,0,0
00BEGT0036,E00020327,0,0,0,0,0,0
00AFGZ0027,E00004017,0,0,0,0,0,0
00AZGJ0033,E00016378,0,0,0,0,0,0
00AZGE0036,E00016194,0,0,0,0,0,0
00AZGJ0005,E00016350,0,0,0,0,0,0
00AZGJ0029,E00016374,0,0,0,0,0,0
00AFGU0013,E00003817,0,0,0,0,0,0
00AZGJ0026,E00016371,0,0,0,0,0,0
00AZGJ0024,E00016369,0,0,0,0,0,0
00AZGX0004,E00016931,0,0,0,0,0,0
00AFGZ0017,E00004007,0,0,0,0,0,0
00AFGZ0019,E00004009,0,0,0,0,0,0
00AFGZ0035,E00004025,0,0,0,0,0,0
00AFGZ0001,E00003991,0,0,0,0,0,0
00AFGZ0024,E00004014,0,0,0,0,0,0
00AFGZ0025,E00004015,0,0,0,0,0,0
00AZGM0043,E00016535,0,0,0,0,0,0
00AFGJ0034,E00003362,0,0,0,0,0,0
00BEGU0019,E00020351,0,0,0,0,0,0
00AFGZ0013,E00004003,0,0,0,0,0,0
00AZGJ0025,E00016370,0,0,0,0,0,0
00AFGZ0018,E00004008,0,0,0,0,0,0
00AZGM0045,E00016537,0,0,0,0,0,0
00AFGZ0021,E00004011,0,0,0,0,0,0
00AZGM0044,E00016536,0,0,0,0,0,0
00AZGM0041,E00016533,0,0,0,0,0,0
00AZGM0027,E00016519,0,0,0,0,0,0
00AZGM0040,E00016532,0,0,0,0,0,0
00AZGM0029,E00016521,0,0,0,0,0,0
00AZGM0031,E00016523,0,0,0,0,0,0
00AZGM0033,E00016525,0,0,0,0,0,0
00BEGT0038,E00020329,0,0,0,0,0,0
00AFGU0014,E00003818,0,0,0,0,0,0
00AFGU0015,E00003819,0,0,0,0,0,0
00AZGM0039,E00016531,0,0,0,0,0,0
00BEGU0022,E00020354,0,0,0,0,0,0
00AZGM0028,E00016520,0,0,0,0,0,0
00AZGM0030,E00016522,0,0,0,0,0,0
00AZGM0034,E00016526,0,0,0,0,0,0
00AZGM0038,E00016530,0,0,0,0,0,0
00AFGU0003,E00003807,0,0,0,0,0,0
00AFGU0019,E00003823,0,0,0,0,0,0
00AFGU0026,E00003830,0,0,0,0,0,0
00AFGU0002,E00003806,0,0,0,0,0,0
00AFGU0021,E00003825,0,0,0,0,0,0
00AFGU0024,E00003828,0,0,0,0,0,0
00AFGU0023,E00003827,0,0,0,0,0,0
00AZGM0047,E00016539,0,0,0,0,0,0
00AFGU0031,E00003835,0,0,0,0,0,0
00AFGU0016,E00003820,0,0,0,0,0,0
00AFGU0032,E00003836,0,0,0,0,0,0
00AFGU0029,E00003833,0,0,0,0,0,0
00BEGX0011,E00020424,0,0,0,0,0,0
00AFGU0020,E00003824,0,0,0,0,0,0
00AFGU0022,E00003826,0,0,0,0,0,0
00AFGU0027,E00003831,0,0,0,0,0,0
00AFGU0028,E00003832,0,0,0,0,0,0
00AFGU0018,E00003822,0,0,0,0,0,0
00AFGU0007,E00003811,0,0,0,0,0,0
00AFGU0006,E00003810,0,0,0,0,0,0
00BEGZ0012,E00020509,0,0,0,0,0,0
00AZGM0037,E00016529,0,0,0,0,0,0
00AFGU0017,E00003821,0,0,0,0,0,0
00ALGS0021,E00007952,0,0,0,0,0,0
00ALGS0025,E00007956,0,0,0,0,0,0
00AFGU0005,E00003809,0,0,0,0,0,0
00BEGH0027,E00019912,0,0,0,0,0,0
00BEGR0011,E00020220,0,0,0,0,0,0
00AFGR0001,E00003659,0,0,0,0,0,0
00AFGR0023,E00003681,0,0,0,0,0,0
00BEGH0020,E00019905,0,0,0,0,0,0
00BEGH0024,E00019909,0,0,0,0,0,0
00AFGR0021,E00003679,0,0,0,0,0,0
00AFGR0017,E00003675,0,0,0,0,0,0
00AFGR0024,E00003682,0,0,0,0,0,0
00AFGR0018,E00003676,0,0,0,0,0,0
00AFGR0019,E00003677,0,0,0,0,0,0
00BEGL0037,E00020044,0,1,0,1,0,1
00AFGR0002,E00003660,0,0,0,0,0,0
00AFGR0026,E00003684,0,0,0,0,0,0
00BEGL0030,E00020037,0,1,0,1,0,1
00AFGQ0014,E00003657,0,0,0,0,0,0
00AFGR0025,E00003683,0,0,0,0,0,0
00AFGH0016,E00003300,0,0,0,0,0,0
00AFGR0020,E00003678,0,0,0,0,0,0
00AFGR0022,E00003680,0,0,0,0,0,0
00BEGT0014,E00020305,0,0,0,0,0,0
00AFGR0004,E00003662,0,0,0,0,0,0
00AFGR0036,E00003694,0,0,0,0,0,0
00BGGG0043,E00021552,0,0,0,0,0,0
00AFGR0003,E00003661,0,0,0,0,0,0
00AFGH0043,E00003327,0,0,0,0,0,0
00AFGH0044,E00003328,0,0,0,0,0,0
00AFGH0038,E00003322,0,0,0,0,0,0
00BEGP0008,E00020147,0,0,0,0,0,0
00AFGH0041,E00003325,0,0,0,0,0,0
00AFGH0025,E00003309,0,0,0,0,0,0
00ADGQ0003,E00002075,0,0,0,0,0,0
00AFGH0022,E00003306,0,0,0,0,0,0
00AFGH0021,E00003305,0,0,0,0,0,0
00ADGQ0012,E00002084,0,0,0,0,0,0
00AFGH0008,E00003292,0,0,0,0,0,0
00AFGH0036,E00003320,0,0,0,0,0,0
00AFGH0039,E00003323,0,0,0,0,0,0
00AFGH0037,E00003321,0,0,0,0,0,0
00AFGH0023,E00003307,0,0,0,0,0,0
00AFGH0020,E00003304,0,0,0,0,0,0
00AFGH0003,E00003287,0,0,0,0,0,0
00AFGH0004,E00003288,0,0,0,0,0,0
00BEGS0027,E00020275,0,1,0,1,0,1
00AFGH0019,E00003303,0,0,0,0,0,0
00AFGH0017,E00003301,0,0,0,0,0,0
00AFGH0018,E00003302,0,0,0,0,0,0
00BEGL0010,E00020017,0,0,0,1,0,1
00AFGH0002,E00003286,0,0,0,0,0,0
00AFGH0001,E00003285,0,0,0,0,0,0
00AFGR0047,E00003705,0,0,0,0,0,0
00AFGH0005,E00003289,0,0,0,0,0,0
00AFGH0014,E00003298,0,0,0,0,0,0
00AFGH0013,E00003297,0,0,0,0,0,0
00AFGH0010,E00003294,0,0,0,0,0,0
00AFGH0012,E00003296,0,0,0,0,0,0
00AFGH0042,E00003326,0,0,0,0,0,0
00AFGH0015,E00003299,0,0,0,0,0,0
00AFGH0009,E00003293,0,0,0,0,0,0
00AFGH0011,E00003295,0,0,0,0,0,0
00AFGH0006,E00003290,0,0,0,0,0,0
00AFGH0033,E00003317,0,0,0,0,0,0
00AFGW0044,E00003883,0,0,0,0,0,0
00AFGW0004,E00003843,0,0,0,0,0,0
00AFGW0048,E00003887,0,0,0,0,0,0
00AFGW0046,E00003885,0,0,0,0,0,0
00AFGW0047,E00003886,0,0,0,0,0,0
00AFGF0001,E00003185,0,0,0,0,0,0
00AFGR0012,E00003670,0,0,0,0,0,0
00AFGR0009,E00003667,0,0,0,0,0,0
00AFGR0016,E00003674,0,0,0,0,0,0
00BEGL0036,E00020043,0,1,0,1,0,1
00AFGH0035,E00003319,0,0,0,0,0,0
00AFGR0011,E00003669,0,0,0,0,0,0
00APGH0022,E00010124,0,0,0,0,0,0
00AFGW0029,E00003868,0,0,0,0,0,0
00AFGY0007,E00003954,0,0,0,0,0,0
00BGGG0044,E00021553,0,0,0,0,0,0
00AFGY0012,E00003959,0,0,0,0,0,0
00AFGY0004,E00003951,0,0,0,0,0,0
00BEGW0023,E00020397,0,0,0,0,0,0
00AFGY0009,E00003956,0,0,0,0,0,0
00AFGY0040,E00003987,0,0,0,0,0,0
00AFGF0032,E00003216,0,0,0,0,0,0
00AFGN0024,E00003568,0,0,0,0,0,0
00AFGW0010,E00003849,0,0,0,0,0,0
00AFGW0011,E00003850,0,0,0,0,0,0
00AFGR0014,E00003672,0,0,0,0,0,0
00AFGR0043,E00003701,0,0,0,0,0,0
00AFGR0015,E00003673,0,0,0,0,0,0
00AFGF0036,E00003220,0,0,0,0,0,0
00BEGY0034,E00020489,0,0,0,0,0,0
00AFGF0029,E00003213,0,0,0,0,0,0
00AFGF0026,E00003210,0,0,0,0,0,0
00BGGG0040,E00021549,0,0,0,0,0,0
00AFGR0007,E00003665,0,0,0,0,0,0
00AFGR0046,E00003704,0,0,0,0,0,0
00BEGX0031,E00020444,0,0,0,0,0,0
00AFGR0048,E00003706,0,0,0,0,0,0
00AFGR0037,E00003695,0,0,0,0,0,0
00AFGR0035,E00003693,0,0,0,0,0,0
00AFGR0028,E00003686,0,0,0,0,0,0
00AFGR0042,E00003700,0,0,0,0,0,0
00AFGR0039,E00003697,0,0,0,0,0,0
00AFGR0044,E00003702,0,0,0,0,0,0
00AFGR0040,E00003698,0,0,0,0,0,0
00AFGR0045,E00003703,0,0,0,0,0,0
00AFGR0013,E00003671,0,0,0,0,0,0
00AFGR0041,E00003699,0,0,0,0,0,0
00AFGR0038,E00003696,0,0,0,0,0,0
00AFGR0033,E00003691,0,0,0,0,0,0
00AFGF0025,E00003209,0,0,0,0,0,0
00AFGW0037,E00003876,0,0,0,0,0,0
00AFGW0041,E00003880,0,0,0,0,0,0
00AFGR0030,E00003688,0,0,0,0,0,0
00AFGR0006,E00003664,0,0,0,0,0,0
00AFGR0031,E00003689,0,0,0,0,0,0
00AFGR0029,E00003687,0,0,0,0,0,0
00AFGR0032,E00003690,0,0,0,0,0,0
00AFGR0034,E00003692,0,0,0,0,0,0
00AFGF0015,E00003199,0,0,0,0,0,0
00AFGY0010,E00003957,0,0,0,0,0,0
00AFGY0003,E00003950,0,0,0,0,0,0
00AFGH0029,E00003313,0,0,0,0,0,0
00AFGF0023,E00003207,0,0,0,0,0,0
00AFGF0027,E00003211,0,0,0,0,0,0
00ALGY0022,E00008168,0,0,0,0,0,0
00AFGY0037,E00003984,0,0,0,0,0,0
00AFGY0002,E00003949,0,0,0,0,0,0
00AFGY0039,E00003986,0,0,0,0,0,0
00AFGY0031,E00003978,0,0,0,0,0,0
00AFGY0013,E00003960,0,0,0,0,0,0
00AFGY0034,E00003981,0,0,0,0,0,0
00AFGY0016,E00003963,0,0,0,0,0,0
00BEGR0013,E00020222,0,0,0,0,0,0
00AFGR0027,E00003685,0,0,0,0,0,0
00AFGY0006,E00003953,0,0,0,0,0,0
00BEGX0036,E00020449,0,0,0,0,0,0
00AFGR0005,E00003663,0,0,0,0,0,0
00AFGY0043,E00003990,0,0,0,0,0,0
00BEGR0014,E00020223,0,0,0,0,0,0
00AFGY0038,E00003985,0,0,0,0,0,0
00AFGY0036,E00003983,0,0,0,0,0,0
00AFGW0001,E00003840,0,0,0,0,0,0
00AFGY0035,E00003982,0,0,0,0,0,0
00AFGY0041,E00003988,0,0,0,0,0,0
00AFGH0034,E00003318,0,0,0,0,0,0
00AFGH0031,E00003315,0,0,0,0,0,0
00AFGH0027,E00003311,0,0,0,0,0,0
00AFGW0042,E00003881,0,0,0,0,0,0
00AFGH0032,E00003316,0,0,0,0,0,0
00AFGW0045,E00003884,0,0,0,0,0,0
00AFGW0015,E00003854,0,0,0,0,0,0
00AFGW0040,E00003879,0,0,0,0,0,0
00AFGW0043,E00003882,0,0,0,0,0,0
00ADGW0023,E00002262,0,0,0,0,0,0
00AFGW0002,E00003841,0,0,0,0,0,0
00AFGH0028,E00003312,0,0,0,0,0,0
00AFGR0010,E00003668,0,0,0,0,0,0
00AFGR0008,E00003666,0,0,0,0,0,0
00AZGL0043,E00016485,0,0,0,0,0,0
00AFGH0030,E00003314,0,0,0,0,0,0
00AFGW0039,E00003878,0,0,0,0,0,0
00AFGY0015,E00003962,0,0,0,0,0,0
00BGGG0037,E00021546,0,0,0,0,0,0
00BGGG0035,E00021544,0,0,0,0,0,0
00AFGW0031,E00003870,0,0,0,0,0,0
00AFGW0019,E00003858,0,0,0,0,0,0
00AFGW0021,E00003860,0,0,0,0,0,0
00AFGW0034,E00003873,0,0,0,0,0,0
00AFGW0023,E00003862,0,0,0,0,0,0
00AFGW0020,E00003859,0,0,0,0,0,0
00BGGG0034,E00021543,0,0,0,0,0,0
00AFGW0028,E00003867,0,0,0,0,0,0
00AFGW0027,E00003866,0,0,0,0,0,0
00AFGN0046,E00003590,0,0,0,0,0,0
00AFGW0035,E00003874,0,0,0,0,0,0
00AFGW0038,E00003877,0,0,0,0,0,0
00BEGH0030,E00019915,0,0,0,0,0,0
00AFGW0030,E00003869,0,0,0,0,0,0
00AFGW0033,E00003872,0,0,0,0,0,0
00AFGW0009,E00003848,0,0,0,0,0,0
00BGGG0038,E00021547,0,0,0,0,0,0
00AFGM0035,E00003527,0,0,0,0,0,0
00AFGM0041,E00003533,0,0,0,0,0,0
00AFGJ0044,E00003372,0,0,0,0,0,0
00AFGH0040,E00003324,0,0,0,0,0,0
00AFGW0003,E00003842,0,0,0,0,0,0
00AFGM0047,E00003539,0,0,0,0,0,0
00AFGM0046,E00003538,0,0,0,0,0,0
00AFGF0013,E00003197,0,0,0,0,0,0
00AFGF0020,E00003204,0,0,0,0,0,0
00AFGW0022,E00003861,0,0,0,0,0,0
00AFGY0014,E00003961,0,0,0,0,0,0
00AFGW0032,E00003871,0,0,0,0,0,0
00AFGW0036,E00003875,0,0,0,0,0,0
00BGGJ0040,E00021634,0,0,0,0,0,0
00AFGW0025,E00003864,0,0,0,0,0,0
00AFGW0026,E00003865,0,0,0,0,0,0
00AFGW0024,E00003863,0,0,0,0,0,0
00AFGW0018,E00003857,0,0,0,0,0,0
00BGGJ0009,E00021603,0,0,0,0,0,0
00AFGY0042,E00003989,0,0,0,0,0,0
00AFGM0043,E00003535,0,0,0,0,0,0
00BGGK0012,E00021648,0,0,0,0,0,0
00AFGW0013,E00003852,0,0,0,0,0,0
00AFGW0012,E00003851,0,0,0,0,0,0
00AFGY0005,E00003952,0,0,0,0,0,0
00AFGY0011,E00003958,0,0,0,0,0,0
00AFGY0022,E00003969,0,0,0,0,0,0
00AFGM0008,E00003500,0,0,0,0,0,0
00AFGM0006,E00003498,0,0,0,0,0,0
00AFGN0041,E00003585,0,0,0,0,0,0
00AFGF0010,E00003194,0,0,0,0,0,0
00AFGW0008,E00003847,0,0,0,0,0,0
00AFGD0012,E00003121,0,0,0,0,0,0
00AFGM0005,E00003497,0,0,0,0,0,0
00AFGM0004,E00003496,0,0,0,0,0,0
00AZGS0031,E00016758,0,0,0,0,0,0
00AFGM0039,E00003531,0,0,0,0,0,0
00AFGM0038,E00003530,0,0,0,0,0,0
00AFGM0044,E00003536,0,0,0,0,0,0
00AFGW0007,E00003846,0,0,0,0,0,0
00AFGW0006,E00003845,0,0,0,0,0,0
00AFGW0005,E00003844,0,0,0,0,0,0
00AFGW0049,E00003888,0,0,0,0,0,0
00AFGD0003,E00003112,0,0,0,0,0,0
00AFGW0016,E00003855,0,0,0,0,0,0
00AFGM0007,E00003499,0,0,0,0,0,0
00AFGM0042,E00003534,0,0,0,0,0,0
00AFGM0045,E00003537,0,0,0,0,0,0
00BGGK0019,E00021655,0,0,0,0,0,0
00AFGW0014,E00003853,0,0,0,0,0,0
00AFGW0017,E00003856,0,0,0,0,0,0
00AFGM0040,E00003532,0,0,0,0,0,0
00AFGM0003,E00003495,0,0,0,0,0,0
00AFGM0033,E00003525,0,0,0,0,0,0
00AFGM0037,E00003529,0,0,0,0,0,0
00AFGY0023,E00003970,0,0,0,0,0,0
00AFGY0027,E00003974,0,0,0,0,0,0
00AFGY0028,E00003975,0,0,0,0,0,0
00AFGY0025,E00003972,0,0,0,0,0,0
00BGGK0013,E00021649,0,0,0,0,0,0
00AFGD0015,E00003124,0,0,0,0,0,0
00AFGD0002,E00003111,0,0,0,0,0,0
00AFGD0037,E00003146,0,0,0,0,0,0
00AFGD0043,E00003152,0,0,0,0,0,0
00AZGW0028,E00016906,0,0,0,0,0,0
00AFGD0042,E00003151,0,0,0,0,0,0
00AFGD0034,E00003143,0,0,0,0,0,0
00AFGM0052,E00003544,0,0,0,0,0,0
00AFGD0036,E00003145,0,0,0,0,0,0
00AFGD0010,E00003119,0,0,0,0,0,0
00AFGD0022,E00003131,0,0,0,0,0,0
00AFGJ0043,E00003371,0,0,0,0,0,0
00AFGY0018,E00003965,0,0,0,0,0,0
00AFGY0017,E00003964,0,0,0,0,0,0
00AFGY0008,E00003955,0,0,0,0,0,0
00AFGJ0033,E00003361,0,0,0,0,0,0
00AFGY0020,E00003967,0,0,0,0,0,0
00AFGY0021,E00003968,0,0,0,0,0,0
00AFGJ0029,E00003357,0,0,0,0,0,0
00AFGJ0048,E00003376,0,0,0,0,0,0
00AFGJ0015,E00003343,0,0,0,0,0,0
00AFGN0026,E00003570,0,0,0,0,0,0
00AZGN0022,E00016563,0,0,0,0,0,0
00AFGJ0014,E00003342,0,0,0,0,0,0
00AFGJ0047,E00003375,0,0,0,0,0,0
00BGGK0017,E00021653,0,0,0,0,0,0
00AFGJ0001,E00003329,0,0,0,0,0,0
00AFGJ0002,E00003330,0,0,0,0,0,0
00AMGL0013,E00008918,0,0,0,0,0,0
00AFGN0002,E00003546,0,0,0,0,0,0
00AFGY0024,E00003971,0,0,0,0,0,0
00AFGM0032,E00003524,0,0,0,0,0,0
00AFGN0025,E00003569,0,0,0,0,0,0
00BGFX0039,E00021216,0,0,0,0,0,0
00AFGM0036,E00003528,0,0,0,0,0,0
00AFGM0026,E00003518,0,0,0,0,0,0
00AFGM0034,E00003526,0,0,0,0,0,0
00AFGM0031,E00003523,0,0,0,0,0,0
00AFGN0021,E00003565,0,0,0,0,0,0
00AFGN0014,E00003558,0,0,0,0,0,0
00AFGN0022,E00003566,0,0,0,0,0,0
00AFGN0001,E00003545,0,0,0,0,0,0
00AFGN0018,E00003562,0,0,0,0,0,0
00AFGN0023,E00003567,0,0,0,0,0,0
00AFGM0030,E00003522,0,0,0,0,0,0
00BEGP0021,E00020160,0,0,0,0,0,0
00AFGM0027,E00003519,0,0,0,0,0,0
00AFGM0002,E00003494,0,0,0,0,0,0
00AFGM0018,E00003510,0,0,0,0,0,0
00AFGY0019,E00003966,0,0,0,0,0,0
00AFGN0015,E00003559,0,0,0,0,0,0
00BGFX0040,E00021217,0,0,0,0,0,0
00AFGJ0017,E00003345,0,0,0,0,0,0
00AFGJ0003,E00003331,0,0,0,0,0,0
00AFGJ0016,E00003344,0,0,0,0,0,0
00AFGN0036,E00003580,0,0,0,0,0,0
00BEGP0022,E00020161,0,0,0,0,0,0
00AFGN0017,E00003561,0,0,0,0,0,0
00AFGN0016,E00003560,0,0,0,0,0,0
00AFGN0019,E00003563,0,0,0,0,0,0
00AFGN0020,E00003564,0,0,0,0,0,0
00AFGM0019,E00003511,0,0,0,0,0,0
00AFGJ0004,E00003332,0,0,0,0,0,0
00AFGN0012,E00003556,0,0,0,0,0,0
00ALGS0036,E00007967,0,0,0,0,0,0
00AFGN0013,E00003557,0,0,0,0,0,0
00AFGN0052,E00003596,0,0,0,0,0,0
00AFGM0001,E00003493,0,0,0,0,0,0
00AFGM0020,E00003512,0,0,0,0,0,0
00AFGM0023,E00003515,0,0,0,0,0,0
00AFGM0025,E00003517,0,0,0,0,0,0
00BGFX0028,E00021205,0,0,0,0,0,0
00AFGM0022,E00003514,0,0,0,0,0,0
00AFGM0016,E00003508,0,0,0,0,0,0
00ADGJ0030,E00001896,0,0,0,0,0,0
00AFGN0051,E00003595,0,0,0,0,0,0
00AFGM0051,E00003543,0,0,0,0,0,0
00AFGN0054,E00003598,0,0,0,0,0,0
00ADGJ0027,E00001893,0,0,0,0,0,0
00AFGM0017,E00003509,0,0,0,0,0,0
00BGFX0029,E00021206,0,0,0,0,0,0
00ADGJ0028,E00001894,0,0,0,0,0,0
00AZGF0012,E00016220,0,0,0,0,0,0
00AFGM0013,E00003505,0,0,0,0,0,0
00AFGM0015,E00003507,0,0,0,0,0,0
00BGFX0032,E00021209,0,0,0,0,0,0
00BGFX0033,E00021210,0,0,0,0,0,0
00AFGM0012,E00003504,0,0,0,0,0,0
00AFGM0010,E00003502,0,0,0,0,0,0
00AFGM0014,E00003506,0,0,0,0,0,0
00AFGM0009,E00003501,0,0,0,0,0,0
00AFGN0009,E00003553,0,0,0,0,0,0
00AZGL0017,E00016459,0,0,0,0,0,0
00AFGN0006,E00003550,0,0,0,0,0,0
00AFGN0045,E00003589,0,0,0,0,0,0
00AFGN0007,E00003551,0,0,0,0,0,0
00AFGN0043,E00003587,0,0,0,0,0,0
00AFGN0008,E00003552,0,0,0,0,0,0
00AFGN0044,E00003588,0,0,0,0,0,0
00AFGN0040,E00003584,0,0,0,0,0,0
00AFGN0042,E00003586,0,0,0,0,0,0
00AFGN0033,E00003577,0,0,0,0,0,0
00AZGL0014,E00016456,0,0,0,0,0,0
00AFGN0030,E00003574,0,0,0,0,0,0
00AFGN0003,E00003547,0,0,0,0,0,0
00AFGN0005,E00003549,0,0,0,0,0,0
00AFGJ0013,E00003341,0,0,0,0,0,0
00AFGJ0045,E00003373,0,0,0,0,0,0
00AFGJ0012,E00003340,0,0,0,0,0,0
00AFGJ0046,E00003374,0,0,0,0,0,0
00BGGK0035,E00021671,0,0,0,0,0,0
00AFGJ0041,E00003369,0,0,0,0,0,0
00AFGJ0037,E00003365,0,0,0,0,0,0
00ALGS0030,E00007961,0,0,0,0,0,0
00AFGJ0040,E00003368,0,0,0,0,0,0
00AFGJ0009,E00003337,0,0,0,0,0,0
00AFGJ0027,E00003355,0,0,0,0,0,0
00AFGJ0042,E00003370,0,0,0,0,0,0
00AFGJ0038,E00003366,0,0,0,0,0,0
00BGFX0035,E00021212,0,0,0,0,0,0
00AFGU0030,E00003834,0,0,0,0,0,0
00AFGU0001,E00003805,0,0,0,0,0,0
00ADGQ0015,E00002087,0,0,0,0,0,0
00AFGU0025,E00003829,0,0,0,0,0,0
00ALGS0038,E00007969,0,0,0,0,0,0
00AZGS0029,E00016756,0,0,0,0,0,0
00ALGS0027,E00007958,0,0,0,0,0,0
00AFGU0004,E00003808,0,0,0,0,0,0
00ALGS0040,E00007971,0,0,0,0,0,0
00ALGS0002,E00007933,0,0,0,0,0,0
00AFGJ0028,E00003356,0,0,0,0,0,0
00AFGJ0030,E00003358,0,0,0,0,0,0
00AFGJ0031,E00003359,0,0,0,0,0,0
00ADGQ0009,E00002081,0,0,0,0,0,0
00AFGJ0036,E00003364,0,0,0,0,0,0
00AFGJ0007,E00003335,0,0,0,0,0,0
00AFGJ0008,E00003336,0,0,0,0,0,0
00ALGY0020,E00008166,0,0,0,0,0,0
00AFGJ0032,E00003360,0,0,0,0,0,0
00AFGJ0006,E00003334,0,0,0,0,0,0
00AFGJ0026,E00003354,0,0,0,0,0,0
00BGGK0001,E00021637,0,0,0,0,0,1
00AFGJ0023,E00003351,0,0,0,0,0,0
00AFGJ0039,E00003367,0,0,0,0,0,0
00AFGJ0035,E00003363,0,0,0,0,0,0
00ALGS0042,E00007973,0,0,0,0,0,0
00AFGJ0021,E00003349,0,0,0,0,0,0
00AZGH0014,E00016313,0,0,0,0,0,0
00ALGS0001,E00007932,0,0,0,0,0,0
00ALGS0041,E00007972,0,0,0,0,0,0
00AFGJ0022,E00003350,0,0,0,0,0,0
00ALGS0037,E00007968,0,0,0,0,0,0
00ALGS0039,E00007970,0,0,0,0,0,0
00BGGL0023,E00021694,0,1,0,1,0,1
00AFGJ0005,E00003333,0,0,0,0,0,0
00AFGJ0024,E00003352,0,0,0,0,0,0
00ADGJ0025,E00001891,0,0,0,0,0,0
00ALGS0035,E00007966,0,0,0,0,0,0
00ALGS0024,E00007955,0,0,0,0,0,0
00ALGS0034,E00007965,0,0,0,0,0,0
00ALGS0022,E00007953,0,0,0,0,0,0
00ALGS0029,E00007960,0,0,0,0,0,0
00ALGS0032,E00007963,0,0,0,0,0,0
00BGGH0033,E00021590,0,0,0,0,0,0
00ALGS0026,E00007957,0,0,0,0,0,0
00ALGS0028,E00007959,0,0,0,0,0,0
00BGGH0036,E00021593,0,0,0,0,0,0
00ALGS0033,E00007964,0,0,0,0,0,0
00AFGJ0019,E00003347,0,0,0,0,0,0
00ADGJ0023,E00001889,0,0,0,0,0,0
00AFGJ0010,E00003338,0,0,0,0,0,0
00AFGJ0020,E00003348,0,0,0,0,0,0
00AEGJ0009,E00002318,0,0,0,0,0,0
00ADGQ0034,E00002106,0,0,0,0,0,0
00AFGJ0018,E00003346,0,0,0,0,0,0
00ALGS0031,E00007962,0,0,0,0,0,0
00ADGQ0028,E00002100,0,0,0,0,0,0
00ADGQ0033,E00002105,0,0,0,0,0,0
00ADGQ0030,E00002102,0,0,0,0,0,0
00ADGQ0025,E00002097,0,0,0,0,0,0
00ADGQ0031,E00002103,0,0,0,0,0,0
00ADGQ0007,E00002079,0,0,0,0,0,0
00AZGL0020,E00016462,0,0,0,0,0,0
00AFGJ0011,E00003339,0,0,0,0,0,0
00ADGQ0013,E00002085,0,0,0,0,0,0
00AFGN0004,E00003548,0,0,0,0,0,0
00AFGN0029,E00003573,0,0,0,0,0,0
00ADGQ0001,E00002073,0,0,0,0,0,0
00AFGN0027,E00003571,0,0,0,0,0,0
00ADGQ0010,E00002082,0,0,0,0,0,0
00ADGQ0005,E00002077,0,0,0,0,0,0
00AZGS0025,E00016752,0,0,0,0,0,0
00ADGQ0035,E00002107,0,0,0,0,0,0
00AFGN0028,E00003572,0,0,0,0,0,0
00ADGQ0017,E00002089,0,0,0,0,0,0
00ADGQ0016,E00002088,0,0,0,0,0,0
00AZGL0011,E00016453,0,0,0,0,0,0
00ADGJ0031,E00001897,0,0,0,0,0,0
00ADGJ0032,E00001898,0,0,0,0,0,0
00ADGJ0002,E00001868,0,0,0,0,0,0
00ADGJ0007,E00001873,0,0,0,0,0,0
00ADGJ0022,E00001888,0,0,0,0,0,0
00ADGJ0001,E00001867,0,0,0,0,0,0
00BEGG0004,E00019852,0,0,0,0,0,0
00AZGL0018,E00016460,0,0,0,0,0,0
00ADGW0024,E00002263,0,0,0,0,0,0
00ADGJ0009,E00001875,0,0,0,0,0,0
00ADGJ0021,E00001887,0,0,0,0,0,0
00ADGQ0029,E00002101,0,0,0,0,0,0
00ADGJ0029,E00001895,0,0,0,0,0,0
00ADGQ0002,E00002074,0,0,0,0,0,0
00ADGQ0014,E00002086,0,0,0,0,0,0
00ADGW0027,E00002266,0,0,0,0,0,0
00ADGW0002,E00002241,0,0,0,0,0,0
00ADGW0001,E00002240,0,0,0,0,0,0
00ADGW0021,E00002260,0,0,0,0,0,0
00ADGW0026,E00002265,0,0,0,0,0,0
00ADGQ0032,E00002104,0,0,0,0,0,0
00ADGW0020,E00002259,0,0,0,0,0,0
00ADGW0018,E00002257,0,0,0,0,0,0
00ADGW0019,E00002258,0,0,0,0,0,0
00AZGL0022,E00016464,0,0,0,0,0,0
00ADGW0015,E00002254,0,0,0,0,0,0
00ADGW0016,E00002255,0,0,0,0,0,0
00ADGJ0017,E00001883,0,0,0,0,0,0
00ADGJ0020,E00001886,0,0,0,0,0,0
00ADGW0022,E00002261,0,0,0,0,0,0
00ADGJ0018,E00001884,0,0,0,0,0,0
00ADGJ0015,E00001881,0,0,0,0,0,0
00ADGW0017,E00002256,0,0,0,0,0,0
00ADGW0014,E00002253,0,0,0,0,0,0
00ADGJ0012,E00001878,0,0,0,0,0,0
00ADGJ0016,E00001882,0,0,0,0,0,0
00ADGJ0005,E00001871,0,0,0,0,0,0
00AFGM0029,E00003521,0,0,0,0,0,0
00AFGM0024,E00003516,0,0,0,0,0,0
00AFGM0021,E00003513,0,0,0,0,0,0
00BGGD0027,E00021424,0,0,0,0,0,0
00AFGM0011,E00003503,0,0,0,0,0,0
00ADGJ0024,E00001890,0,0,0,0,0,0
00AYGT0011,E00015991,0,0,0,0,0,0
00AZGL0024,E00016466,0,0,0,0,0,0
00AZGH0024,E00016323,0,0,0,0,0,0
00ADGJ0003,E00001869,0,0,0,0,0,0
00ADGJ0008,E00001874,0,0,0,0,0,0
00BEGP0025,E00020164,0,0,0,0,0,0
00ADGJ0019,E00001885,0,0,0,0,0,0
00ADGJ0006,E00001872,0,0,0,0,0,0
00BEGZ0030,E00020527,0,0,0,0,0,0
00BEGG0027,E00019875,0,0,0,0,0,0
00BEGG0023,E00019871,0,0,0,0,0,0
00AZGL0025,E00016467,0,0,0,0,0,0
00BEGG0029,E00019877,0,0,0,0,0,0
00BEGG0005,E00019853,0,0,0,0,0,0
00AZGL0023,E00016465,0,0,0,0,0,0
00BEGG0025,E00019873,0,0,0,0,0,0
00AZGL0013,E00016455,0,0,0,0,0,0
00AZGL0005,E00016447,0,0,0,0,0,0
00BEGC0029,E00019713,0,0,0,0,0,0
00AZGL0016,E00016458,0,0,0,0,0,0
00BEGG0017,E00019865,0,0,0,0,0,0
00BEGG0021,E00019869,0,0,0,0,0,0
00BEGG0018,E00019866,0,0,0,0,0,0
00BEGG0020,E00019868,0,0,0,0,0,0
00BEGG0003,E00019851,0,0,0,0,0,0
00BEGZ0003,E00020500,0,0,0,0,0,0
00BEGC0026,E00019710,0,0,0,0,0,0
00BEGZ0022,E00020519,0,0,0,0,0,0
00BEGZ0025,E00020522,0,0,0,0,0,0
00BEGY0024,E00020479,0,0,0,0,0,0
00BEGQ0018,E00020193,0,0,0,0,0,0
00AZGD0046,E00016157,0,0,0,0,0,0
00AZGL0047,E00016489,0,0,0,0,0,0
00BEGZ0033,E00020530,0,0,0,0,0,0
00BEGZ0028,E00020525,0,0,0,0,0,0
00BEGZ0024,E00020521,0,0,0,0,0,0
00BEGH0004,E00019889,0,0,0,0,0,0
00BEGH0005,E00019890,0,0,0,0,0,0
00BEGH0035,E00019920,0,0,0,0,0,0
00BEGH0007,E00019892,0,0,0,0,0,0
00BEGZ0029,E00020526,0,0,0,0,0,0
00BEGH0009,E00019894,0,0,0,0,0,0
00BEGH0001,E00019886,0,0,0,0,0,0
00BEGH0033,E00019918,0,0,0,0,0,0
00BEGH0028,E00019913,0,0,0,0,0,0
00BEGH0006,E00019891,0,0,0,0,0,0
00BEGZ0014,E00020511,0,0,0,0,0,0
00BEGZ0009,E00020506,0,0,0,0,0,0
00AZGH0044,E00016343,0,0,0,0,0,0
00BEGZ0011,E00020508,0,0,0,0,0,0
00ACGE0021,E00000942,0,0,0,0,0,0
00BEGZ0015,E00020512,0,0,0,0,0,0
00BEGH0031,E00019916,0,0,0,0,0,0
00BEGH0003,E00019888,0,0,0,0,0,0
00BEGH0018,E00019903,0,0,0,0,0,0
00BEGH0025,E00019910,0,0,0,0,0,0
00BEGZ0007,E00020504,0,0,0,0,0,0
00BEGH0022,E00019907,0,0,0,0,0,0
00BEGP0034,E00020173,0,0,0,0,0,0
00BEGH0021,E00019906,0,0,0,0,0,0
00BEGR0022,E00020231,0,0,0,0,0,0
00BEGH0036,E00019921,0,0,0,0,0,0
00BEGH0037,E00019922,0,0,0,0,0,0
00BEGH0011,E00019896,0,0,0,0,0,0
00BEGR0021,E00020230,0,0,0,0,0,0
00BEGH0002,E00019887,0,0,0,0,0,0
00BEGH0008,E00019893,0,0,0,0,0,0
00AZGW0043,E00016921,0,0,0,0,0,0
00BEGR0023,E00020232,0,0,0,0,0,0
00BEGH0032,E00019917,0,0,0,0,0,0
00BEGR0020,E00020229,0,0,0,0,0,0
00BEGH0034,E00019919,0,0,0,0,0,0
00BEGR0003,E00020212,0,0,0,0,0,0
00BEGR0017,E00020226,0,0,0,0,0,0
00BEGR0016,E00020225,0,0,0,0,0,0
00AZGL0042,E00016484,0,0,0,0,0,0
00AZGL0008,E00016450,0,0,0,0,0,0
00BEGR0019,E00020228,0,0,0,0,0,0
00BEGH0023,E00019908,0,0,0,0,0,0
00BEGH0026,E00019911,0,0,0,0,0,0
00BEGH0029,E00019914,0,0,0,0,0,0
00AZGW0038,E00016916,0,0,0,0,0,0
00BEGR0007,E00020216,0,0,0,0,0,0
00BEGR0015,E00020224,0,0,0,0,0,0
00AZGL0021,E00016463,0,0,0,0,0,0
00AZGW0042,E00016920,0,0,0,0,0,0
00AZGL0019,E00016461,0,0,0,0,0,0
00AZGS0010,E00016737,0,0,0,0,0,0
00BEGR0024,E00020233,0,0,0,0,0,0
00BGFX0006,E00021183,0,0,0,0,0,0
00AZGL0001,E00016443,0,0,0,0,0,0
00BEGR0002,E00020211,0,0,0,0,0,0
00AZGS0037,E00016764,0,0,0,0,0,0
00BGGH0007,E00021564,0,0,0,0,0,0
00AZGS0032,E00016759,0,0,0,0,0,0
00AZGS0034,E00016761,0,0,0,0,0,0
00AZGD0013,E00016124,0,0,0,0,0,0
00AZGS0035,E00016762,0,0,0,0,0,0
00AZGD0010,E00016121,0,0,0,0,0,0
00AZGD0047,E00016158,0,0,0,0,0,0
00AZGH0008,E00016307,0,0,0,0,0,0
00AZGH0023,E00016322,0,0,0,0,0,0
00AZGL0007,E00016449,0,0,0,0,0,0
00AZGH0019,E00016318,0,0,0,0,0,0
00AZGH0005,E00016304,0,0,0,0,0,0
00ACGE0035,E00000956,0,0,0,0,0,0
00ACGE0036,E00000957,0,0,0,0,0,0
00ACGE0033,E00000954,0,0,0,0,0,0
00AZGS0036,E00016763,0,0,0,0,0,0
00AZGD0007,E00016118,0,0,0,0,0,0
00AZGD0001,E00016112,0,0,0,0,0,0
00AZGD0045,E00016156,0,0,0,0,0,0
00BGFY0013,E00021230,0,0,0,0,0,0
00AZGG0010,E00016265,0,0,0,0,0,0
00BEGR0038,E00020247,0,0,0,0,0,0
00BEGR0012,E00020221,0,0,0,0,0,0
00AZGL0004,E00016446,0,0,0,0,0,0
00AZGL0015,E00016457,0,0,0,0,0,0
00AZGL0012,E00016454,0,0,0,0,0,0
00AZGL0048,E00016490,0,0,0,0,0,0
00BEGW0032,E00020406,0,0,0,0,0,0
00AZGL0044,E00016486,0,0,0,0,0,0
00AZGL0050,E00016492,0,0,0,0,0,0
00AZGL0009,E00016451,0,0,0,0,0,0
00BEGR0006,E00020215,0,0,0,0,0,0
00AZGS0005,E00016732,0,0,0,0,0,0
00AZGS0008,E00016735,0,0,0,0,0,0
00AZGS0007,E00016734,0,0,0,0,0,0
00AZGS0015,E00016742,0,0,0,0,0,0
00AZGS0016,E00016743,0,0,0,0,0,0
00AZGS0021,E00016748,0,0,0,0,0,0
00AZGS0026,E00016753,0,0,0,0,0,0
00AZGS0014,E00016741,0,0,0,0,0,0
00AZGS0020,E00016747,0,0,0,0,0,0
00AZGS0006,E00016733,0,0,0,0,0,0
00AZGS0017,E00016744,0,0,0,0,0,0
00AZGS0022,E00016749,0,0,0,0,0,0
00AZGS0019,E00016746,0,0,0,0,0,0
00AZGS0023,E00016750,0,0,0,0,0,0
00AZGS0012,E00016739,0,0,0,0,0,0
00AZGS0024,E00016751,0,0,0,0,0,0
00AZGS0030,E00016757,0,0,0,0,0,0
00AZGS0011,E00016738,0,0,0,0,0,0
00AZGH0021,E00016320,0,0,0,0,0,0
00AZGS0027,E00016754,0,0,0,0,0,0
00AZGS0018,E00016745,0,0,0,0,0,0
00AZGL0049,E00016491,0,0,0,0,0,0
00AZGH0020,E00016319,0,0,0,0,0,0
00AZGH0022,E00016321,0,0,0,0,0,0
00AZGH0004,E00016303,0,0,0,0,0,0
00AZGH0015,E00016314,0,0,0,0,0,0
00AZGH0003,E00016302,0,0,0,0,0,0
00AZGH0006,E00016305,0,0,0,0,0,0
00ALGW0009,E00008067,0,0,0,0,0,0
00AZGH0007,E00016306,0,0,0,0,0,0
00ALGW0040,E00008098,0,0,0,0,0,0
00AZGH0017,E00016316,0,0,0,0,0,0
00AZGH0009,E00016308,0,0,0,0,0,0
00AZGH0016,E00016315,0,0,0,0,0,0
00AZGS0013,E00016740,0,0,0,0,0,0
00AZGS0028,E00016755,0,0,0,0,0,0
00BGFX0004,E00021181,0,0,0,0,0,0
00AZGD0044,E00016155,0,0,0,0,0,0
00AZGT0006,E00016783,0,0,0,0,0,0
00AZGT0033,E00016810,0,0,0,0,0,0
00AZGT0030,E00016807,0,0,0,0,0,0
00AZGD0043,E00016154,0,0,0,0,0,0
00BGFX0007,E00021184,0,0,0,0,0,0
00AZGT0005,E00016782,0,0,0,0,0,0
00AZGT0025,E00016802,0,0,0,0,0,0
00AZGT0032,E00016809,0,0,0,0,0,0
00AZGH0018,E00016317,0,0,0,0,0,0
00AZGT0020,E00016797,0,0,0,0,0,0
00AZGT0021,E00016798,0,0,0,0,0,0
00AZGT0012,E00016789,0,0,0,0,0,0
00AZGT0003,E00016780,0,0,0,0,0,0
00BEGQ0021,E00020196,0,0,0,0,0,0
00AZGT0002,E00016779,0,0,0,0,0,0
00AZGT0013,E00016790,0,0,0,0,0,0
00AZGT0010,E00016787,0,0,0,0,0,0
00AZGT0018,E00016795,0,0,0,0,0,0
00BEGR0010,E00020219,0,0,0,0,0,0
00AZGL0041,E00016483,0,0,0,0,0,0
00AZGH0013,E00016312,0,0,0,0,0,0
00AZGL0045,E00016487,0,0,0,0,0,0
00AZGH0011,E00016310,0,0,0,0,0,0
00AZGH0043,E00016342,0,0,0,0,0,0
00AZGH0033,E00016332,0,0,0,0,0,0
00AZGH0045,E00016344,0,0,0,0,0,0
00AZGH0034,E00016333,0,0,0,0,0,0
00AZGH0046,E00016345,0,0,0,0,0,0
00AZGH0001,E00016300,0,0,0,0,0,0
00AZGH0002,E00016301,0,0,0,0,0,0
00BEGW0002,E00020376,0,0,0,0,0,0
00BEGH0013,E00019898,0,0,0,0,0,0
00AZGH0030,E00016329,0,0,0,0,0,0
00AZGH0032,E00016331,0,0,0,0,0,0
00AZGH0038,E00016337,0,0,0,0,0,0
00BEGR0004,E00020213,0,0,0,0,0,0
00AZGW0033,E00016911,0,0,0,0,0,0
00BEGR0005,E00020214,0,0,0,0,0,0
00BEGR0009,E00020218,0,0,0,0,0,0
00BEGH0014,E00019899,0,0,0,0,0,0
00AZGW0035,E00016913,0,0,0,0,0,0
00AZGW0036,E00016914,0,0,0,0,0,0
00AZGH0010,E00016309,0,0,0,0,0,0
00AZGH0026,E00016325,0,0,0,0,0,0
00BEGR0036,E00020245,0,0,0,0,0,0
00AZGH0012,E00016311,0,0,0,0,0,0
00AZGH0027,E00016326,0,0,0,0,0,0
00AZGH0040,E00016339,0,0,0,0,0,0
00AZGH0039,E00016338,0,0,0,0,0,0
00AZGT0035,E00016812,0,0,0,0,0,0
00AZGH0041,E00016340,0,0,0,0,0,0
00AZGH0042,E00016341,0,0,0,0,0,0
00AZGH0037,E00016336,0,0,0,0,0,0
00AZGH0035,E00016334,0,0,0,0,0,0
00AZGN0001,E00016542,0,0,0,0,0,0
00AZGT0009,E00016786,0,0,0,0,0,0
00AZGN0015,E00016556,0,0,0,0,0,0
00AZGH0036,E00016335,0,0,0,0,0,0
00AZGT0044,E00016821,0,0,0,0,0,0
00AZGN0014,E00016555,0,0,0,0,0,0
00AZGT0008,E00016785,0,0,0,0,0,0
00AZGT0007,E00016784,0,0,0,0,0,0
00AZGP0012,E00016595,0,0,0,0,0,0
00AZGT0045,E00016822,0,0,0,0,0,0
00BEGW0036,E00020410,0,0,0,0,0,0
00AZGM0024,E00016516,0,0,0,0,0,0
00AZGH0028,E00016327,0,0,0,0,0,0
00AZGM0021,E00016513,0,0,0,0,0,0
00AZGT0047,E00016824,0,0,0,0,0,0
00AZGH0031,E00016330,0,0,0,0,0,0
00BEGQ0002,E00020177,0,0,0,0,0,0
00AZGN0012,E00016553,0,0,0,0,0,0
00AZGN0010,E00016551,0,0,0,0,0,0
00AZGN0008,E00016549,0,0,0,0,0,0
00AZGH0029,E00016328,0,0,0,0,0,0
00AZGN0011,E00016552,0,0,0,0,0,0
00AZGN0013,E00016554,0,0,0,0,0,0
00BEGW0004,E00020378,0,0,0,0,0,0
00AZGN0006,E00016547,0,0,0,0,0,0
00BEGR0031,E00020240,0,0,0,0,0,0
00AZGM0023,E00016515,0,0,0,0,0,0
00AZGN0005,E00016546,0,0,0,0,0,0
00AZGN0007,E00016548,0,0,0,0,0,0
00AZGN0009,E00016550,0,0,0,0,0,0
00AZGN0042,E00016583,0,0,0,0,0,0
00BEGW0038,E00020412,0,0,0,0,0,0
00BEGW0035,E00020409,0,0,0,0,0,0
00BEGH0016,E00019901,0,0,0,0,0,0
00BEGH0015,E00019900,0,0,0,0,0,0
00BEGH0017,E00019902,0,0,0,0,0,0
00BEGH0019,E00019904,0,0,0,0,0,0
00BEGR0032,E00020241,0,0,0,0,0,0
00BEGR0008,E00020217,0,0,0,0,0,0
00BEGR0034,E00020243,0,0,0,0,0,0
00BEGC0019,E00019703,0,0,0,0,0,0
00BEGC0003,E00019687,0,0,0,0,0,0
00BEGW0018,E00020392,0,0,0,0,0,0
00BEGC0011,E00019695,0,0,0,0,0,0
00BEGW0034,E00020408,0,0,0,0,0,0
00BEGY0009,E00020464,0,0,0,0,0,0
00BEGC0034,E00019718,0,0,0,0,0,0
00BEGD0007,E00019728,0,0,0,0,0,0
00BEGD0037,E00019758,0,0,0,0,0,0
00BEGD0043,E00019764,0,0,0,0,0,0
00BEGW0029,E00020403,0,0,0,0,0,0
00BEGC0010,E00019694,0,0,0,0,0,0
00BEGC0027,E00019711,0,0,0,0,0,0
00BEGY0015,E00020470,0,0,0,0,0,0
00BEGW0017,E00020391,0,0,0,0,0,0
00BEGW0025,E00020399,0,0,0,0,0,0
00BEGD0015,E00019736,0,0,0,0,0,0
00BEGD0042,E00019763,0,0,0,0,0,0
00BEGW0020,E00020394,0,0,0,0,0,0
00BEGW0021,E00020395,0,0,0,0,0,0
00BEGW0033,E00020407,0,0,0,0,0,0
00BEGW0014,E00020388,0,0,0,0,0,0
00BEGW0030,E00020404,0,0,0,0,0,0
00BEGW0019,E00020393,0,0,0,0,0,0
00BEGW0016,E00020390,0,0,0,0,0,0
00BGFY0042,E00021259,0,0,0,0,0,0
00BEGW0028,E00020402,0,0,0,0,0,0
00BEGP0007,E00020146,0,0,0,0,0,0
00BEGW0011,E00020385,0,0,0,0,0,0
00BEGW0012,E00020386,0,0,0,0,0,0
00BGFY0012,E00021229,0,0,0,0,0,0
00BEGW0015,E00020389,0,0,0,0,0,0
00BEGC0018,E00019702,0,0,0,0,0,0
00BEGW0005,E00020379,0,0,0,0,0,0
00BEGW0007,E00020381,0,0,0,0,0,0
00BEGW0003,E00020377,0,0,0,0,0,0
00BEGP0036,E00020175,0,0,0,0,0,0
00BEGC0025,E00019709,0,0,0,0,0,0
00BEGC0015,E00019699,0,0,0,0,0,0
00BEGC0005,E00019689,0,0,0,0,0,0
00BEGW0013,E00020387,0,0,0,0,0,0
00BEGC0004,E00019688,0,0,0,0,0,0
00BEGC0020,E00019704,0,0,0,0,0,0
00BEGW0008,E00020382,0,0,0,0,0,0
00BEGY0003,E00020458,0,0,0,0,0,0
00BEGW0010,E00020384,0,0,0,0,0,0
00BEGY0036,E00020491,0,0,0,0,0,0
00ALHB0037,E00008314,0,0,0,0,0,0
00BEGY0040,E00020495,0,0,0,0,0,0
00BEGY0039,E00020494,0,0,0,0,0,0
00BEGY0028,E00020483,0,0,0,0,0,0
00BEGY0030,E00020485,0,0,0,0,0,0
00BEGY0041,E00020496,0,0,0,0,0,0
00BEGC0017,E00019701,0,0,0,0,0,0
00BEGY0026,E00020481,0,0,0,0,0,0
00BEGC0036,E00019720,0,0,0,0,0,0
00BEGY0006,E00020461,0,0,0,0,0,0
00BEGR0030,E00020239,0,0,0,0,0,0
00BEGY0014,E00020469,0,0,0,0,0,0
00BEGY0017,E00020472,0,0,0,0,0,0
00BEGY0013,E00020468,0,0,0,0,0,0
00BEGY0016,E00020471,0,0,0,0,0,0
00AMGQ0016,E00009060,0,0,0,0,0,0
00BEGY0011,E00020466,0,0,0,0,0,0
00BEGY0042,E00020497,0,0,0,0,0,0
00BEGC0012,E00019696,0,0,0,0,0,0
00BEGY0010,E00020465,0,0,0,0,0,0
00BEGR0001,E00020210,0,0,0,0,0,0
00BEGP0009,E00020148,0,0,0,0,0,0
00BBGB0035,E00017637,0,0,0,0,0,0
00BEGR0025,E00020234,0,0,0,0,0,0
00BEGR0027,E00020236,0,0,0,0,0,0
00BEGR0033,E00020242,0,0,0,0,0,0
00BEGY0033,E00020488,0,0,0,0,0,0
00BEGY0012,E00020467,0,0,0,0,0,0
00BGGH0011,E00021568,0,0,0,0,0,0
00BEGC0013,E00019697,0,0,0,0,0,0
00BEGY0038,E00020493,0,0,0,0,0,0
00BEGR0028,E00020237,0,0,0,0,0,0
00BEGY0005,E00020460,0,0,0,0,0,0
00BEGY0002,E00020457,0,0,0,0,0,0
00BEGY0029,E00020484,0,0,0,0,0,0
00BEGY0031,E00020486,0,0,0,0,0,0
00BEGY0027,E00020482,0,0,0,0,0,0
00BEGY0025,E00020480,0,0,0,0,0,0
00BEGP0028,E00020167,0,0,0,0,0,0
00BEGY0032,E00020487,0,0,0,0,0,0
00BEGY0007,E00020462,0,0,0,0,0,0
00BEGP0033,E00020172,0,0,0,0,0,0
00BEGY0008,E00020463,0,0,0,0,0,0
00BEGP0031,E00020170,0,0,0,0,0,0
00BEGP0026,E00020165,0,0,0,0,0,0
00BEGP0029,E00020168,0,0,0,0,0,0
00BEGP0006,E00020145,0,0,0,0,0,0
00BEGP0027,E00020166,0,0,0,0,0,0
00BEGY0037,E00020492,0,0,0,0,0,0
00BEGC0016,E00019700,0,0,0,0,0,0
00BEGC0001,E00019685,0,0,0,0,0,0
00BBGD0033,E00017713,0,0,0,0,0,0
00AZGR0009,E00016683,0,0,0,0,0,0
00BEGC0007,E00019691,0,0,0,0,0,0
00BEGC0008,E00019692,0,0,0,0,0,0
00BEGC0031,E00019715,0,0,0,0,0,0
00BEGC0037,E00019721,0,0,0,0,0,0
00BEGC0032,E00019716,0,0,0,0,0,0
00BEGC0006,E00019690,0,0,0,0,0,0
00BEGQ0027,E00020202,0,0,0,0,0,0
00BEGC0002,E00019686,0,0,0,0,0,0
00BEGY0020,E00020475,0,0,0,0,0,0
00BEGQ0020,E00020195,0,0,0,0,0,0
00BEGQ0024,E00020199,0,0,0,0,0,0
00BEGY0018,E00020473,0,0,0,0,0,0
00BGFY0026,E00021243,0,0,0,0,0,0
00BEGY0022,E00020477,0,0,0,0,0,0
00BEGQ0023,E00020198,0,0,0,0,0,0
00BEGQ0017,E00020192,0,0,0,0,0,0
00BEGQ0031,E00020206,0,0,0,0,0,0
00BEGY0023,E00020478,0,0,0,0,0,0
00BEGQ0028,E00020203,0,0,0,0,0,0
00BEGC0022,E00019706,0,0,0,0,0,0
00BEGC0024,E00019708,0,0,0,0,0,0
00BEGQ0009,E00020184,0,0,0,0,0,0
00BEGQ0033,E00020208,0,0,0,0,0,0
00BEGC0021,E00019705,0,0,0,0,0,0
00BEGQ0030,E00020205,0,0,0,0,0,0
00BEGQ0014,E00020189,0,0,0,0,0,0
00BEGD0009,E00019730,0,0,0,0,0,0
00BEGC0023,E00019707,0,0,0,0,0,0
00BEGQ0012,E00020187,0,0,0,0,0,0
00BEGQ0006,E00020181,0,0,0,0,0,0
00BEGP0024,E00020163,0,0,0,0,0,0
00BEGQ0005,E00020180,0,0,0,0,0,0
00BEGQ0007,E00020182,0,0,0,0,0,0
00BEGQ0032,E00020207,0,0,0,0,0,0
00BEGY0019,E00020474,0,0,0,0,0,0
00BEGM0015,E00020067,0,0,0,0,0,0
00BEGM0004,E00020056,0,0,0,0,0,0
00BEGM0019,E00020071,0,0,0,0,0,0
00BEGQ0016,E00020191,0,0,0,0,0,0
00BEGQ0013,E00020188,0,0,0,0,0,0
00BEGQ0029,E00020204,0,0,0,0,0,0
00BEGQ0025,E00020200,0,0,0,0,0,0
00BEGY0021,E00020476,0,0,0,0,0,0
00BEGQ0026,E00020201,0,0,0,0,0,0
00BEGY0001,E00020456,0,0,0,0,0,0
00BEGQ0015,E00020190,0,0,0,0,0,0
00BEGQ0008,E00020183,0,0,0,0,0,0
00BEGM0034,E00020086,0,0,0,0,0,0
00BEGM0031,E00020083,0,0,0,0,0,0
00BEGQ0019,E00020194,0,0,0,0,0,0
00BEGQ0001,E00020176,0,0,0,0,0,0
00BEGK0015,E00019980,0,0,0,0,0,1
00BEGP0005,E00020144,0,0,0,0,0,0
00BEGP0023,E00020162,0,0,0,0,0,0
00BEGM0033,E00020085,0,0,0,0,0,0
00BEGP0020,E00020159,0,0,0,0,0,0
00BGFY0038,E00021255,0,0,0,0,0,0
00BEGM0032,E00020084,0,0,0,0,0,0
00BEGP0003,E00020142,0,0,0,0,0,0
00BEGP0018,E00020157,0,0,0,0,0,0
00BEGP0019,E00020158,0,0,0,0,0,0
00BGFY0031,E00021248,0,0,0,0,0,0
00BEGM0030,E00020082,0,0,0,0,0,0
00BEGP0002,E00020141,0,0,0,0,0,0
00BEGP0016,E00020155,0,0,0,0,0,0
00BGFY0035,E00021252,0,0,0,0,0,0
00BEGP0017,E00020156,0,0,0,0,0,0
00AZGR0005,E00016679,0,0,0,0,0,0
00BEGQ0011,E00020186,0,0,0,0,0,0
00BEGM0017,E00020069,0,0,0,0,0,0
00BEGQ0004,E00020179,0,0,0,0,0,0
00BEGM0028,E00020080,0,0,0,0,0,0
00BEGM0018,E00020070,0,0,0,0,0,0
00BEGM0021,E00020073,0,0,0,0,0,0
00BEGQ0010,E00020185,0,0,0,0,0,0
00BEGM0014,E00020066,0,0,0,0,0,0
00BEGQ0034,E00020209,0,0,0,0,0,0
00BEGM0013,E00020065,0,0,0,0,0,0
00BEGM0029,E00020081,0,0,0,0,0,0
00BEGM0016,E00020068,0,0,0,0,0,0
00BEGM0023,E00020075,0,0,0,0,0,0
00BEGM0025,E00020077,0,0,0,0,0,0
00BEGM0003,E00020055,0,0,0,0,0,0
00BEGP0014,E00020153,0,0,0,0,0,0
00BEGP0015,E00020154,0,0,0,0,0,0
00BEGM0027,E00020079,0,0,0,0,0,0
00BEGP0012,E00020151,0,0,0,0,0,0
00BEGM0002,E00020054,0,0,0,0,0,0
00BEGM0022,E00020074,0,0,0,0,0,0
00BEGM0024,E00020076,0,0,0,0,0,0
00BEGM0026,E00020078,0,0,0,0,0,0
00BEGR0026,E00020235,0,0,0,0,0,0
00BEGR0037,E00020246,0,0,0,0,0,0
00BEGP0013,E00020152,0,0,0,0,0,0
00AZGW0034,E00016912,0,0,0,0,0,0
00AZGH0025,E00016324,0,0,0,0,0,0
00AZGW0031,E00016909,0,0,0,0,0,0
00AZGN0002,E00016543,0,0,0,0,0,0
00BEGP0011,E00020150,0,0,0,0,0,0
00AZGW0030,E00016908,0,0,0,0,0,0
00AZGW0032,E00016910,0,0,0,0,0,0
00BGFY0037,E00021254,0,0,0,0,0,0
00AZGW0029,E00016907,0,0,0,0,0,0
00AZGN0039,E00016580,0,0,0,0,0,0
00AZGN0004,E00016545,0,0,0,0,0,0
00AZGN0038,E00016579,0,0,0,0,0,0
00AZGN0040,E00016581,0,0,0,0,0,0
00AZGN0029,E00016570,0,0,0,0,0,0
00AZGN0035,E00016576,0,0,0,0,0,0
00AZGN0036,E00016577,0,0,0,0,0,0
00AZGN0037,E00016578,0,0,0,0,0,0
00BEGP0001,E00020140,0,0,0,0,0,0
00BEGP0035,E00020174,0,0,0,0,0,0
00BEGP0004,E00020143,0,0,0,0,0,0
00BEGP0030,E00020169,0,0,0,0,0,0
00BEGP0032,E00020171,0,0,0,0,0,0
00AZGW0003,E00016881,0,0,0,0,0,0
00AZGW0001,E00016879,0,0,0,0,0,0
00AZGR0010,E00016684,0,0,0,0,0,0
00AZGR0020,E00016694,0,0,0,0,0,0
00AZGW0026,E00016904,0,0,0,0,0,0
00AZGW0020,E00016898,0,0,0,0,0,0
00BEGP0010,E00020149,0,0,0,0,0,0
00AZGW0023,E00016901,0,0,0,0,0,0
00AZGF0022,E00016230,0,0,0,0,0,0
00AZGW0002,E00016880,0,0,0,0,0,0
00AZGW0006,E00016884,0,0,0,0,0,0
00AZGW0024,E00016902,0,0,0,0,0,0
00AZGN0032,E00016573,0,0,0,0,0,0
00AZGW0025,E00016903,0,0,0,0,0,0
00AZGW0009,E00016887,0,0,0,0,0,0
00AZGW0021,E00016899,0,0,0,0,0,0
00AZGF0023,E00016231,0,0,0,0,0,0
00AZGN0041,E00016582,0,0,0,0,0,0
00BGGH0028,E00021585,0,0,0,0,0,0
00AZGW0022,E00016900,0,0,0,0,0,0
00AZGW0027,E00016905,0,0,0,0,0,0
00AZGW0007,E00016885,0,0,0,0,0,0
00AZGN0034,E00016575,0,0,0,0,0,0
00AZGW0011,E00016889,0,0,0,0,0,0
00AZGW0012,E00016890,0,0,0,0,0,0
00AZGW0015,E00016893,0,0,0,0,0,0
00BGGH0018,E00021575,0,0,0,0,0,0
00AZGW0018,E00016896,0,0,0,0,0,0
00AZGW0019,E00016897,0,0,0,0,0,0
00AZGW0005,E00016883,0,0,0,0,0,0
00AZGF0045,E00016253,0,0,0,0,0,0
00AZGN0026,E00016567,0,0,0,0,0,0
00AZGW0010,E00016888,0,0,0,0,0,0
00AZGF0006,E00016214,0,0,0,0,0,0
00AZGW0013,E00016891,0,0,0,0,0,0
00AZGW0014,E00016892,0,0,0,0,0,0
00AZGW0016,E00016894,0,0,0,0,0,0
00BGGH0019,E00021576,0,0,0,0,0,0
00AZGF0007,E00016215,0,0,0,0,0,0
00AZGW0008,E00016886,0,0,0,0,0,0
00AZGF0017,E00016225,0,0,0,0,0,0
00AEHE0013,E00003052,0,0,0,0,0,0
00AZGN0017,E00016558,0,0,0,0,0,0
00AZGW0049,E00016927,0,0,0,0,0,0
00AZGN0027,E00016568,0,0,0,0,0,0
00AZGF0016,E00016224,0,0,0,0,0,0
00AZGF0018,E00016226,0,0,0,0,0,0
00AZGF0019,E00016227,0,0,0,0,0,0
00AZGF0039,E00016247,0,0,0,0,0,0
00AZGF0020,E00016228,0,0,0,0,0,0
00AZGW0046,E00016924,0,0,0,0,0,0
00AZGR0041,E00016715,0,0,0,0,0,0
00AZGF0024,E00016232,0,0,0,0,0,0
00AZGN0031,E00016572,0,0,0,0,0,0
00AZGN0030,E00016571,0,0,0,0,0,0
00AZGN0028,E00016569,0,0,0,0,0,0
00AZGN0024,E00016565,0,0,0,0,0,0
00AZGN0025,E00016566,0,0,0,0,0,0
00AZGN0023,E00016564,0,0,0,0,0,0
00BGGE0029,E00021467,0,0,0,0,0,0
00AZGF0009,E00016217,0,0,0,0,0,0
00AZGF0008,E00016216,0,0,0,0,0,0
00AZGF0010,E00016218,0,0,0,0,0,0
00AZGR0051,E00016725,0,0,0,0,0,0
00AZGF0013,E00016221,0,0,0,0,0,0
00AZGR0039,E00016713,0,0,0,0,0,0
00AZGF0015,E00016223,0,0,0,0,0,0
00AZGF0047,E00016255,0,0,0,0,0,0
00AZGF0040,E00016248,0,0,0,0,0,0
00AZGF0044,E00016252,0,0,0,0,0,0
00AZGF0046,E00016254,0,0,0,0,0,0
00AZGF0011,E00016219,0,0,0,0,0,0
00AZGN0019,E00016560,0,0,0,0,0,0
00AZGN0020,E00016561,0,0,0,0,0,0
00AZGN0021,E00016562,0,0,0,0,0,0
00AZGN0018,E00016559,0,0,0,0,0,0
00AZGR0001,E00016675,0,0,0,0,0,0
00AZGF0041,E00016249,0,0,0,0,0,0
00AZGF0043,E00016251,0,0,0,0,0,0
00AZGW0048,E00016926,0,0,0,0,0,0
00AZGW0004,E00016882,0,0,0,0,0,0
00AZGW0044,E00016922,0,0,0,0,0,0
00AZGW0045,E00016923,0,0,0,0,0,0
00AZGW0047,E00016925,0,0,0,0,0,0
00AZGR0023,E00016697,0,0,0,0,0,0
00AZGR0003,E00016677,0,0,0,0,0,0
00AZGK0021,E00016415,0,0,0,0,0,0
00AZGR0002,E00016676,0,0,0,0,0,0
00AZGW0040,E00016918,0,0,0,0,0,0
00AZGW0037,E00016915,0,0,0,0,0,0
00AZGR0034,E00016708,0,0,0,0,0,0
00AZGF0005,E00016213,0,0,0,0,0,0
00AZGR0040,E00016714,0,0,0,0,0,0
00AZGR0032,E00016706,0,0,0,0,0,0
00AZGW0041,E00016919,0,0,0,0,0,0
00BEGK0017,E00019982,0,0,0,0,0,1
00AZGF0026,E00016234,0,0,0,0,0,0
00AZGF0003,E00016211,0,0,0,0,0,0
00AZGF0029,E00016237,0,0,0,0,0,0
00AZGW0039,E00016917,0,0,0,0,0,0
00AZGG0009,E00016264,0,0,0,0,0,0
00AZGR0038,E00016712,0,0,0,0,0,0
00AZGF0036,E00016244,0,0,0,0,0,0
00AZGR0030,E00016704,0,0,0,0,0,0
00AZGR0015,E00016689,0,0,0,0,0,0
00AZGR0019,E00016693,0,0,0,0,0,0
00AZGK0027,E00016421,0,0,0,0,0,0
00AZGR0018,E00016692,0,0,0,0,0,0
00AZGR0026,E00016700,0,0,0,0,0,0
00AZGR0027,E00016701,0,0,0,0,0,0
00AZGR0035,E00016709,0,0,0,0,0,0
00AZGR0006,E00016680,0,0,0,0,0,0
00AZGR0011,E00016685,0,0,0,0,0,0
00AZGR0016,E00016690,0,0,0,0,0,0
00AZGR0017,E00016691,0,0,0,0,0,0
00AZGG0019,E00016274,0,0,0,0,0,0
00AZGR0053,E00016727,0,0,0,0,0,0
00AZGR0036,E00016710,0,0,0,0,0,0
00AZGR0004,E00016678,0,0,0,0,0,0
00AZGR0052,E00016726,0,0,0,0,0,0
00AZGR0037,E00016711,0,0,0,0,0,0
00AZGF0034,E00016242,0,0,0,0,0,0
00AZGF0028,E00016236,0,0,0,0,0,0
00AZGF0001,E00016209,0,0,0,0,0,0
00AZGF0038,E00016246,0,0,0,0,0,0
00BEGL0025,E00020032,0,1,0,1,0,1
00AZGF0027,E00016235,0,0,0,0,0,0
00AZGF0037,E00016245,0,0,0,0,0,0
00AZGF0030,E00016238,0,0,0,0,0,0
00AZGF0002,E00016210,0,0,0,0,0,0
00AZGF0031,E00016239,0,0,0,0,0,0
00BEGK0001,E00019966,0,0,0,0,0,1
00AZGF0033,E00016241,0,0,0,0,0,0
00AZGF0035,E00016243,0,0,0,0,0,0
00AZGF0004,E00016212,0,0,0,0,0,0
00AZGF0032,E00016240,0,0,0,0,0,0
00AZGK0022,E00016416,0,0,0,0,0,0
00ALGY0038,E00008184,0,0,0,0,0,0
00AZGK0026,E00016420,0,0,0,0,0,0
00ALGY0041,E00008187,0,0,0,0,0,0
00AZGK0008,E00016402,0,0,0,0,0,0
00AZGR0025,E00016699,0,0,0,0,0,0
00AZGR0033,E00016707,0,0,0,0,0,0
00BEGU0025,E00020357,0,0,0,0,0,0
00AZGR0008,E00016682,0,0,0,0,0,0
00AZGR0012,E00016686,0,0,0,0,0,0
00AZGR0031,E00016705,0,0,0,0,0,0
00AZGR0021,E00016695,0,0,0,0,0,0
00AZGK0002,E00016396,0,0,0,0,0,0
00AZGK0036,E00016430,0,0,0,0,0,0
00AZGR0014,E00016688,0,0,0,0,0,0
00AZGR0028,E00016702,0,0,0,0,0,0
00AZGR0024,E00016698,0,0,0,0,0,0
00AZGR0029,E00016703,0,0,0,0,0,0
00BEGL0024,E00020031,0,1,0,1,0,1
00AZGR0007,E00016681,0,0,0,0,0,0
00AZGR0022,E00016696,0,0,0,0,0,0
00AZGK0035,E00016429,0,0,0,0,0,0
00BGGG0024,E00021533,0,0,0,0,0,0
00BEGL0033,E00020040,0,0,1,0,1,0
00AZGG0017,E00016272,0,0,0,0,0,0
00AZGG0013,E00016268,0,0,0,0,0,0
00AZGG0014,E00016269,0,0,0,0,0,0
00AZGG0016,E00016271,0,0,0,0,0,0
00AZGX0020,E00016947,0,0,0,0,0,0
00AZGX0021,E00016948,0,0,0,0,0,0
00AZGX0022,E00016949,0,0,0,0,0,0
00AZGX0025,E00016952,0,0,0,0,0,0
00AZGX0026,E00016953,0,0,0,0,0,0
00AZGG0015,E00016270,0,0,0,0,0,0
00AZGG0012,E00016267,0,0,0,0,0,0
00AZGG0036,E00016291,0,0,0,0,0,0
00AZGX0019,E00016946,0,0,0,0,0,0
00AZGX0018,E00016945,0,0,0,0,0,0
00AZGG0040,E00016295,0,0,0,0,0,0
00AZGT0015,E00016792,0,0,0,0,0,0
00AZGG0039,E00016294,0,0,0,0,0,0
00AZGG0002,E00016257,0,0,0,0,0,0
00BEGK0005,E00019970,0,0,0,0,0,0
00AZGG0008,E00016263,0,0,0,0,0,0
00AZGG0027,E00016282,0,0,0,0,0,0
00AZGT0001,E00016778,0,0,0,0,0,0
00BBGD0034,E00017714,0,0,0,0,0,0
00AZGT0019,E00016796,0,0,0,0,0,0
00AZGT0027,E00016804,0,0,0,0,0,0
00AZGG0035,E00016290,0,0,0,0,0,0
00AZGT0028,E00016805,0,0,0,0,0,0
00AZGT0014,E00016791,0,0,0,0,0,0
00AZGT0034,E00016811,0,0,0,0,0,0
00BBGD0037,E00017717,0,0,0,0,0,0
00AZGQ0028,E00016654,0,0,0,0,0,0
00AZGQ0002,E00016628,0,0,0,0,0,0
00AZGQ0032,E00016658,0,0,0,0,0,0
00AZGG0037,E00016292,0,0,0,0,0,0
00AZGT0043,E00016820,0,0,0,0,0,0
00AZGT0046,E00016823,0,0,0,0,0,0
00AZGG0033,E00016288,0,0,0,0,0,0
00AZGG0023,E00016278,0,0,0,0,0,0
00AZGG0038,E00016293,0,0,0,0,0,0
00AZGG0007,E00016262,0,0,0,0,0,0
00AZGG0034,E00016289,0,0,0,0,0,0
00BBGE0028,E00017749,0,0,0,0,0,0
00AZGG0006,E00016261,0,0,0,0,0,0
00AZGG0011,E00016266,0,0,0,0,0,0
00AZGG0005,E00016260,0,0,0,0,0,0
00AZGG0003,E00016258,0,0,0,0,0,0
00AZGG0004,E00016259,0,0,0,0,0,0
00AZGG0044,E00016299,0,0,0,0,0,0
00AZGT0004,E00016781,0,0,0,0,0,0
00AZGT0024,E00016801,0,0,0,0,0,0
00AZGT0026,E00016803,0,0,0,0,0,0
00AZGT0031,E00016808,0,0,0,0,0,0
00AZGT0017,E00016794,0,0,0,0,0,0
00AZGT0016,E00016793,0,0,0,0,0,0
00AZGQ0042,E00016668,0,0,0,0,0,0
00AZGT0029,E00016806,0,0,0,0,0,0
00AZGT0022,E00016799,0,0,0,0,0,0
00AZGT0023,E00016800,0,0,0,0,0,0
00AZGT0011,E00016788,0,0,0,0,0,0
00AZGG0020,E00016275,0,0,0,0,0,0
00AZGQ0046,E00016672,0,0,0,0,0,0
00AZGG0024,E00016279,0,0,0,0,0,0
00AZGG0032,E00016287,0,0,0,0,0,0
00AZGG0025,E00016280,0,0,0,0,0,0
00AZGQ0044,E00016670,0,0,0,0,0,0
00BEGK0008,E00019973,0,0,0,0,0,1
00AZGG0026,E00016281,0,0,0,0,0,0
00AZGG0028,E00016283,0,0,0,0,0,0
00BEGK0025,E00019990,0,0,0,0,0,0
00AZGQ0045,E00016671,0,0,0,0,0,0
00AZGG0001,E00016256,0,0,0,0,0,0
00AZGG0041,E00016296,0,0,0,0,0,0
00AZGG0029,E00016284,0,0,0,0,0,0
00AZGG0030,E00016285,0,0,0,0,0,0
00AZGX0017,E00016944,0,0,0,0,0,0
00BEGJ0011,E00019933,0,0,0,0,0,0
00AZGX0015,E00016942,0,0,0,0,0,0
00AZGG0042,E00016297,0,0,0,0,0,0
00AZGM0003,E00016495,0,0,0,0,0,0
00AZGM0019,E00016511,0,0,0,0,0,0
00AZGM0007,E00016499,0,0,0,0,0,0
00AZGX0014,E00016941,0,0,0,0,0,0
00AZGE0016,E00016174,0,0,0,0,0,0
00AZGG0022,E00016277,0,0,0,0,0,0
00AZGQ0047,E00016673,0,0,0,0,0,0
00AZGG0021,E00016276,0,0,0,0,0,0
00AZGX0013,E00016940,0,0,0,0,0,0
00AZGE0008,E00016166,0,0,0,0,0,0
00AZGX0016,E00016943,0,0,0,0,0,0
00AZGQ0041,E00016667,0,0,0,0,0,0
00AZGP0036,E00016619,0,0,0,0,0,0
00AZGP0037,E00016620,0,0,0,0,0,0
00AZGP0039,E00016622,0,0,0,0,0,0
00AZGM0015,E00016507,0,0,0,0,0,0
00AZGM0009,E00016501,0,0,0,0,0,0
00AZGM0048,E00016540,0,0,0,0,0,0
00AZGM0001,E00016493,0,0,0,0,0,0
00AZGM0010,E00016502,0,0,0,0,0,0
00AZGM0011,E00016503,0,0,0,0,0,0
00AZGP0035,E00016618,0,0,0,0,0,0
00AZGP0038,E00016621,0,0,0,0,0,0
00AZGT0041,E00016818,0,0,0,0,0,0
00AZGQ0027,E00016653,0,0,0,0,0,0
00AZGT0036,E00016813,0,0,0,0,0,0
00AZGT0042,E00016819,0,0,0,0,0,0
00AZGQ0031,E00016657,0,0,0,0,0,0
00AZGQ0036,E00016662,0,0,0,0,0,0
00AZGQ0005,E00016631,0,0,0,0,0,0
00AZGT0038,E00016815,0,0,0,0,0,0
00AZGQ0024,E00016650,0,0,0,0,0,0
00AZGQ0034,E00016660,0,0,0,0,0,0
00BEGU0028,E00020360,0,0,0,0,0,0
00AZGQ0033,E00016659,0,0,0,0,0,0
00AZGT0037,E00016814,0,0,0,0,0,0
00AZGQ0037,E00016663,0,0,0,0,0,0
00AZGQ0039,E00016665,0,0,0,0,0,0
00AZGQ0029,E00016655,0,0,0,0,0,0
00AZGQ0006,E00016632,0,0,0,0,0,0
00AZGQ0038,E00016664,0,0,0,0,0,0
00AZGQ0030,E00016656,0,0,0,0,0,0
00AZGQ0035,E00016661,0,0,0,0,0,0
00AZGQ0004,E00016630,0,0,0,0,0,0
00ALGQ0016,E00007854,0,0,0,0,0,0
00AZGQ0040,E00016666,0,0,0,0,0,0
00AZGQ0043,E00016669,0,0,0,0,0,0
00AZGP0025,E00016608,0,0,0,0,0,0
00AZGQ0003,E00016629,0,0,0,0,0,0
00BEGJ0008,E00019930,0,0,0,0,0,1
00AZGQ0018,E00016644,0,0,0,0,0,0
00ALGW0015,E00008073,0,0,0,0,0,0
00AZGQ0020,E00016646,0,0,0,0,0,0
00AZGQ0026,E00016652,0,0,0,0,0,0
00ALGW0023,E00008081,0,0,0,0,0,0
00AZGQ0023,E00016649,0,0,0,0,0,0
00AZGQ0021,E00016647,0,0,0,0,0,0
00AZGQ0022,E00016648,0,0,0,0,0,0
00AZGP0034,E00016617,0,0,0,0,0,0
00AZGP0015,E00016598,0,0,0,0,0,0
00AZGP0004,E00016587,0,0,0,0,0,0
00ALGZ0026,E00008215,0,0,0,0,0,0
00ADGR0025,E00002132,0,0,0,0,0,0
00BEGK0030,E00019995,0,0,0,0,0,0
00AZGP0022,E00016605,0,0,0,0,0,0
00ALHA0044,E00008276,0,0,0,0,0,0
00AZGQ0025,E00016651,0,0,0,0,0,0
00AZGP0013,E00016596,0,0,0,0,0,0
00AZGP0040,E00016623,0,0,0,0,0,0
00AZGP0011,E00016594,0,0,0,0,0,0
00AZGP0026,E00016609,0,0,0,0,0,0
00AZGP0020,E00016603,0,0,0,0,0,0
00AZGP0027,E00016610,0,0,0,0,0,0
00ALGP0023,E00007815,0,0,0,0,0,0
00AZGP0007,E00016590,0,0,0,0,0,0
00ALGP0017,E00007809,0,0,0,0,0,0
00AZGP0008,E00016591,0,0,0,0,0,0
00AZGP0009,E00016592,0,0,0,0,0,0
00AZGP0031,E00016614,0,0,0,0,0,0
00AZGP0028,E00016611,0,0,0,0,0,0
00AZGP0033,E00016616,0,0,0,0,0,0
00AZGP0023,E00016606,0,0,0,0,0,0
00AZGP0017,E00016600,0,0,0,0,0,0
00AZGP0043,E00016626,0,0,0,0,0,0
00AZGP0010,E00016593,0,0,0,0,0,0
00ALGQ0008,E00007846,0,0,0,0,0,0
00AZGP0019,E00016602,0,0,0,0,0,0
00AZGE0023,E00016181,0,0,0,0,0,0
00AZGP0042,E00016625,0,0,0,0,0,0
00AZGP0016,E00016599,0,0,0,0,0,0
00AZGP0018,E00016601,0,0,0,0,0,0
00AZGP0005,E00016588,0,0,0,0,0,0
00AZGP0006,E00016589,0,0,0,0,0,0
00AZGP0021,E00016604,0,0,0,0,0,0
00ALHA0038,E00008270,0,0,0,0,0,0
00AZGP0014,E00016597,0,0,0,0,0,0
00AZGP0024,E00016607,0,0,0,0,0,0
00AZGM0026,E00016518,0,0,0,0,0,0
00AZGE0046,E00016204,0,0,0,0,0,0
00AFGU0010,E00003814,0,0,0,0,0,0
00AZGM0025,E00016517,0,0,0,0,0,0
00AZGE0043,E00016201,0,0,0,0,0,0
00AFGU0009,E00003813,0,0,0,0,0,0
00AFGU0008,E00003812,0,0,0,0,0,0
00AZGM0004,E00016496,0,0,0,0,0,0
00ALGS0007,E00007938,0,0,0,0,0,0
00AFGU0011,E00003815,0,0,0,0,0,0
00AZGM0016,E00016508,0,0,0,0,0,0
00AFGU0035,E00003839,0,0,0,0,0,0
00ALGS0015,E00007946,0,0,0,0,0,0
00AZGM0013,E00016505,0,0,0,0,0,0
00AEHF0025,E00003093,0,0,0,0,0,0
00ALGS0017,E00007948,0,0,0,0,0,0
00AZGM0020,E00016512,0,0,0,0,0,0
00AZGM0018,E00016510,0,0,0,0,0,0
00AZGM0006,E00016498,0,0,0,0,0,0
00AZGM0002,E00016494,0,0,0,0,0,0
00AZGM0008,E00016500,0,0,0,0,0,0
00BEGT0020,E00020311,0,0,0,0,0,0
00AZGM0049,E00016541,0,0,0,0,0,0
00AZGP0030,E00016613,0,0,0,0,0,0
00BEGS0004,E00020252,0,0,0,0,0,0
00AZGP0032,E00016615,0,0,0,0,0,0
00AZGP0029,E00016612,0,0,0,0,0,0
00AZGE0017,E00016175,0,0,0,0,0,0
00ALHA0045,E00008277,0,0,0,0,0,0
00ALHA0001,E00008233,0,0,0,0,0,0
00AZGM0014,E00016506,0,0,0,0,0,0
00ALHA0042,E00008274,0,0,0,0,0,0
00AZGM0017,E00016509,0,0,0,0,0,0
00BEGS0019,E00020267,0,1,0,1,0,1
00AFGU0033,E00003837,0,0,0,0,0,0
00ALHA0003,E00008235,0,0,0,0,0,0
00AZGM0012,E00016504,0,0,0,0,0,0
00ALHA0019,E00008251,0,0,0,0,0,0
00ALHA0024,E00008256,0,0,0,0,0,0
00ALHA0021,E00008253,0,0,0,0,0,0
00ALHA0006,E00008238,0,0,0,0,0,0
00ALHA0023,E00008255,0,0,0,0,0,0
00BEGS0026,E00020274,0,0,0,1,0,1
00ALHA0026,E00008258,0,0,0,0,0,0
00ALHA0015,E00008247,0,0,0,0,0,0
00AFGU0034,E00003838,0,0,0,0,0,0
00ALGS0003,E00007934,0,0,0,0,0,0
00ALHA0018,E00008250,0,0,0,0,0,0
00ALGS0004,E00007935,0,0,0,0,0,0
00ALGS0008,E00007939,0,0,0,0,0,0
00ALHA0020,E00008252,0,0,0,0,0,0
00ALHA0025,E00008257,0,0,0,0,0,0
00ALHA0004,E00008236,0,0,0,0,0,0
00ALHA0022,E00008254,0,0,0,0,0,0
00ALGU0012,E00008027,0,0,0,0,0,0
00ALHA0005,E00008237,0,0,0,0,0,0
00ALHA0007,E00008239,0,0,0,0,0,0
00ALHA0014,E00008246,0,0,0,0,0,0
00ALHA0016,E00008248,0,0,0,0,0,0
00ALHA0043,E00008275,0,0,0,0,0,0
00AEHF0032,E00003100,0,0,0,0,0,0
00ALHA0017,E00008249,0,0,0,0,0,0
00ALHA0002,E00008234,0,0,0,0,0,0
00ALHA0013,E00008245,0,0,0,0,0,0
00AUGC0003,E00013582,0,0,0,0,0,0
00ALHA0040,E00008272,0,0,0,0,0,0
00ALHA0036,E00008268,0,0,0,0,0,0
00ALHA0039,E00008271,0,0,0,0,0,0
00ALHA0041,E00008273,0,0,0,0,0,0
00ALGW0022,E00008080,0,0,0,0,0,0
00ALGW0026,E00008084,0,0,0,0,0,0
00ALHA0012,E00008244,0,0,0,0,0,0
00AUGC0013,E00013592,0,0,0,0,0,0
00ALHA0008,E00008240,0,0,0,0,0,0
00BEGF0013,E00019820,1,0,1,0,1,0
00ALHA0011,E00008243,0,0,0,0,0,0
00ALHA0009,E00008241,0,0,0,0,0,0
00AUGC0037,E00013616,0,0,0,0,0,0
00ALGU0043,E00008058,0,0,0,0,0,0
00ALGT0001,E00007974,0,0,0,0,0,0
00ALGW0028,E00008086,0,0,0,0,0,0
00ALGW0031,E00008089,0,0,0,0,0,0
00ALGW0025,E00008083,0,0,0,0,0,0
00AZGP0002,E00016585,0,0,0,0,0,0
00ALGW0033,E00008091,0,0,0,0,0,0
00BGFX0036,E00021213,0,0,0,0,0,0
00ALGW0032,E00008090,0,0,0,0,0,0
00ALGW0030,E00008088,0,0,0,0,0,0
00ALGW0027,E00008085,0,0,0,0,0,0
00ALGT0009,E00007982,0,0,0,0,0,0
00ALGT0015,E00007988,0,0,0,0,0,0
00BGFY0040,E00021257,0,0,0,0,0,0
00AZGN0003,E00016544,0,0,0,0,0,0
00AZGQ0011,E00016637,0,0,0,0,0,0
00AZGQ0019,E00016645,0,0,0,0,0,0
00AZGQ0017,E00016643,0,0,0,0,0,0
00AZGP0003,E00016586,0,0,0,0,0,0
00AZGP0001,E00016584,0,0,0,0,0,0
00BEGS0031,E00020279,0,0,0,1,0,1
00AZGP0041,E00016624,0,0,0,0,0,0
00AZGE0039,E00016197,0,0,0,0,0,0
00ALHA0037,E00008269,0,0,0,0,0,0
00AZGQ0016,E00016642,0,0,0,0,0,0
00AZGE0003,E00016161,0,0,0,0,0,0
00AZGE0035,E00016193,0,0,0,0,0,0
00ALGY0031,E00008177,0,0,0,0,0,0
00AZGE0002,E00016160,0,0,0,0,0,0
00AZGE0034,E00016192,0,0,0,0,0,0
00AZGE0037,E00016195,0,0,0,0,0,0
00ALHA0035,E00008267,0,0,0,0,0,0
00AZGN0033,E00016574,0,0,0,0,0,0
00AZGQ0048,E00016674,0,0,0,0,0,0
00ALGY0001,E00008147,0,0,0,0,0,0
00AZGQ0010,E00016636,0,0,0,0,0,0
00AZGQ0012,E00016638,0,0,0,0,0,0
00AZGQ0015,E00016641,0,0,0,0,0,0
00BEGL0013,E00020020,0,0,0,1,0,1
00AZGQ0013,E00016639,0,0,0,0,0,0
00AZGQ0008,E00016634,0,0,0,0,0,0
00ALGY0006,E00008152,0,0,0,0,0,0
00ALGY0007,E00008153,0,0,0,0,0,0
00ALGY0025,E00008171,0,0,0,0,0,0
00ALGY0036,E00008182,0,0,0,0,0,0
00ALGY0005,E00008151,0,0,0,0,0,0
00ALGY0039,E00008185,0,0,0,0,0,0
00ALGY0026,E00008172,0,0,0,0,0,0
00ALGY0028,E00008174,0,0,0,0,0,0
00ALGY0027,E00008173,0,0,0,0,0,0
00BEGX0007,E00020420,0,0,0,0,0,0
00AZGQ0001,E00016627,0,0,0,0,0,0
00BBGJ0025,E00017882,0,0,0,0,0,0
00AZGE0001,E00016159,0,0,0,0,0,0
00AZGE0028,E00016186,0,0,0,0,0,0
00AZGQ0009,E00016635,0,0,0,0,0,0
00AGGH0009,E00004290,0,0,0,0,0,0
00AZGQ0014,E00016640,0,0,0,0,0,0
00AZGE0024,E00016182,0,0,0,0,0,0
00AZGE0026,E00016184,0,0,0,0,0,0
00AZGE0030,E00016188,0,0,0,0,0,0
00AZGE0006,E00016164,0,0,0,0,0,0
00AZGE0012,E00016170,0,0,0,0,0,0
00AZGQ0007,E00016633,0,0,0,0,0,0
00AZGE0005,E00016163,0,0,0,0,0,0
00AZGE0041,E00016199,0,0,0,0,0,0
00AEGT0027,E00002665,0,0,0,0,0,0
00AZGE0049,E00016207,0,0,0,0,0,0
00AZGE0014,E00016172,0,0,0,0,0,0
00ALGY0002,E00008148,0,0,0,0,0,0
00ALGY0040,E00008186,0,0,0,0,0,0
00AZGE0010,E00016168,0,0,0,0,0,0
00AZGE0050,E00016208,0,0,0,0,0,0
00BEGS0020,E00020268,0,1,0,1,0,1
00AZGE0009,E00016167,0,0,0,0,0,0
00AZGE0007,E00016165,0,0,0,0,0,0
00AZGE0011,E00016169,0,0,0,0,0,0
00AZGE0018,E00016176,0,0,0,0,0,0
00AZGE0019,E00016177,0,0,0,0,0,0
00AZGE0015,E00016173,0,0,0,0,0,0
00ALGY0032,E00008178,0,0,0,0,0,0
00AZGE0027,E00016185,0,0,0,0,0,0
00AZGE0033,E00016191,0,0,0,0,0,0
00AZGE0029,E00016187,0,0,0,0,0,0
00AZGE0044,E00016202,0,0,0,0,0,0
00AZGE0038,E00016196,0,0,0,0,0,0
00AZGE0031,E00016189,0,0,0,0,0,0
00AZGE0032,E00016190,0,0,0,0,0,0
00ALHA0030,E00008262,0,0,0,0,0,0
00AZGE0042,E00016200,0,0,0,0,0,0
00ALHA0032,E00008264,0,0,0,0,0,0
00ALHA0028,E00008260,0,0,0,0,0,0
00AZGE0025,E00016183,0,0,0,0,0,0
00AZGE0020,E00016178,0,0,0,0,0,0
00AZGE0013,E00016171,0,0,0,0,0,0
00AZGE0022,E00016180,0,0,0,0,0,0
00AZGE0021,E00016179,0,0,0,0,0,0
00ALGQ0007,E00007845,0,0,0,0,0,0
00AZGE0048,E00016206,0,0,0,0,0,0
00ALGY0034,E00008180,0,0,0,0,0,0
00ALGQ0009,E00007847,0,0,0,0,0,0
00ALGQ0019,E00007857,0,0,0,0,0,0
00ALGY0035,E00008181,0,0,0,0,0,0
00AZGE0040,E00016198,0,0,0,0,0,0
00AZGE0047,E00016205,0,0,0,0,0,0
00ALGY0033,E00008179,0,0,0,0,0,0
00ALGY0021,E00008167,0,0,0,0,0,0
00ALGY0023,E00008169,0,0,0,0,0,0
00ALGY0015,E00008161,0,0,0,0,0,0
00ALGY0018,E00008164,0,0,0,0,0,0
00ALGY0019,E00008165,0,0,0,0,0,0
00ALGY0024,E00008170,0,0,0,0,0,0
00BEGK0031,E00019996,0,0,0,0,0,0
00ALGY0029,E00008175,0,0,0,0,0,0
00ALGY0013,E00008159,0,0,0,0,0,0
00ALGQ0041,E00007879,0,0,0,0,0,0
00BGGG0006,E00021515,0,0,0,0,0,0
00ALGQ0012,E00007850,0,0,0,0,0,0
00BEGF0038,E00019845,0,0,1,0,1,0
00ALGQ0046,E00007884,0,0,0,0,0,0
00ALGQ0037,E00007875,0,0,0,0,0,0
00ALGQ0035,E00007873,0,0,0,0,0,0
00ALGQ0038,E00007876,0,0,0,0,0,0
00BGGK0018,E00021654,0,0,0,0,0,0
00ALGQ0044,E00007882,0,0,0,0,0,0
00BKGL0025,E00023798,0,0,0,0,0,0
00ALGQ0006,E00007844,0,0,0,0,0,0
00ALGQ0002,E00007840,0,0,0,0,0,0
00ALGQ0036,E00007874,0,0,0,0,0,0
00ALGQ0040,E00007878,0,0,0,0,0,0
00ALHA0034,E00008266,0,0,0,0,0,0
00ALGW0004,E00008062,0,0,0,0,0,0
00ALGW0029,E00008087,0,0,0,0,0,0
00ALGW0021,E00008079,0,0,0,0,0,0
00ALGW0014,E00008072,0,0,0,0,0,0
00ALGW0012,E00008070,0,0,0,0,0,0
00ALGW0019,E00008077,0,0,0,0,0,0
00ALGW0001,E00008059,0,0,0,0,0,0
00ALGW0003,E00008061,0,0,0,0,0,0
00ALGQ0042,E00007880,0,0,0,0,0,0
00ALGW0020,E00008078,0,0,0,0,0,0
00ALGT0006,E00007979,0,0,0,0,0,0
00ALGT0005,E00007978,0,0,0,0,0,0
00ALHA0033,E00008265,0,0,0,0,0,0
00ALHA0031,E00008263,0,0,0,0,0,0
00ALHA0029,E00008261,0,0,0,0,0,0
00ALGQ0048,E00007886,0,0,0,0,0,0
00ALGQ0014,E00007852,0,0,0,0,0,0
00ALHA0027,E00008259,0,0,0,0,0,0
00ALGQ0018,E00007856,0,0,0,0,0,0
00ALGQ0043,E00007881,0,0,0,0,0,0
00ALGQ0013,E00007851,0,0,0,0,0,0
00ALGQ0010,E00007848,0,0,0,0,0,0
00ALGQ0039,E00007877,0,0,0,0,0,0
00ALGQ0045,E00007883,0,0,0,0,0,0
00ALGQ0005,E00007843,0,0,0,0,0,0
00ALGQ0003,E00007841,0,0,0,0,0,0
00ALGW0017,E00008075,0,0,0,0,0,0
00ALGW0018,E00008076,0,0,0,0,0,0
00ALGW0005,E00008063,0,0,0,0,0,0
00ALGW0038,E00008096,0,0,0,0,0,0
00ALGW0042,E00008100,0,0,0,0,0,0
00ALGZ0009,E00008198,0,0,0,0,0,0
00ALGW0007,E00008065,0,0,0,0,0,0
00BEGK0004,E00019969,0,0,0,0,0,1
00ALGW0011,E00008069,0,0,0,0,0,0
00ALGW0010,E00008068,0,0,0,0,0,0
00ALGW0002,E00008060,0,0,0,0,0,0
00BEGK0012,E00019977,0,0,0,0,0,0
00ALGW0034,E00008092,0,0,0,0,0,0
00ALGQ0017,E00007855,0,0,0,0,0,0
00ALGZ0014,E00008203,0,0,0,0,0,0
00ALGQ0015,E00007853,0,0,0,0,0,0
00ALGZ0011,E00008200,0,0,0,0,0,0
00ALGZ0012,E00008201,0,0,0,0,0,0
00ALGZ0018,E00008207,0,0,0,0,0,0
00BEGF0037,E00019844,0,0,1,0,1,0
00BEGF0032,E00019839,0,0,0,0,1,0
00ALGW0013,E00008071,0,0,0,0,0,0
00ALGZ0008,E00008197,0,0,0,0,0,0
00ALGW0016,E00008074,0,0,0,0,0,0
00ALGW0006,E00008064,0,0,0,0,0,0
00ALGW0035,E00008093,0,0,0,0,0,0
00ALGW0036,E00008094,0,0,0,0,0,0
00ALGW0039,E00008097,0,0,0,0,0,0
00ALGW0041,E00008099,0,0,0,0,0,0
00ALGT0030,E00008003,0,0,0,0,0,0
00BEGJ0006,E00019928,0,0,0,0,0,1
00ALGT0033,E00008006,0,0,0,0,0,0
00ALGT0038,E00008011,0,0,0,0,0,0
00ALGZ0015,E00008204,0,0,0,0,0,0
00ALGW0037,E00008095,0,0,0,0,0,0
00ALGT0029,E00008002,0,0,0,0,0,0
00ALGZ0004,E00008193,0,0,0,0,0,0
00AUGH0011,E00013795,0,0,0,0,0,0
00ALGZ0017,E00008206,0,0,0,0,0,0
00ALGZ0016,E00008205,0,0,0,0,0,0
00ALGZ0030,E00008219,0,0,0,0,0,0
00ALGZ0005,E00008194,0,0,0,0,0,0
00ALGZ0013,E00008202,0,0,0,0,0,0
00ALGQ0011,E00007849,0,0,0,0,0,0
00ALGT0021,E00007994,0,0,0,0,0,0
00ALGT0023,E00007996,0,0,0,0,0,0
00ALGQ0047,E00007885,0,0,0,0,0,0
00ALGZ0003,E00008192,0,0,0,0,0,0
00ALGT0020,E00007993,0,0,0,0,0,0
00ALGZ0006,E00008195,0,0,0,0,0,0
00ALGT0003,E00007976,0,0,0,0,0,0
00ALGT0025,E00007998,0,0,0,0,0,0
00ALGT0024,E00007997,0,0,0,0,0,0
00ALGZ0041,E00008230,0,0,0,0,0,0
00ALGZ0037,E00008226,0,0,0,0,0,0
00ALGZ0033,E00008222,0,0,0,0,0,0
00ALGZ0007,E00008196,0,0,0,0,0,0
00ALGZ0040,E00008229,0,0,0,0,0,0
00ALGZ0034,E00008223,0,0,0,0,0,0
00BEGL0029,E00020036,0,0,1,0,1,0
00ALGR0034,E00007920,0,0,0,0,0,0
00ALGZ0038,E00008227,0,0,0,0,0,0
00ALGZ0043,E00008232,0,0,0,0,0,0
00ALGZ0029,E00008218,0,0,0,0,0,0
00ALGZ0024,E00008213,0,0,0,0,0,0
00ALGR0036,E00007922,0,0,0,0,0,0
00ALGR0038,E00007924,0,0,0,0,0,0
00ALGZ0032,E00008221,0,0,0,0,0,0
00ALGR0040,E00007926,0,0,0,0,0,0
00ALGR0041,E00007927,0,0,0,0,0,0
00ALGZ0039,E00008228,0,0,0,0,0,0
00ALGZ0027,E00008216,0,0,0,0,0,0
00ALGR0032,E00007918,0,0,0,0,0,0
00BEGF0004,E00019811,1,0,1,0,1,0
00ALGR0033,E00007919,0,0,0,0,0,0
00ALGZ0035,E00008224,0,0,0,0,0,0
00ALGZ0025,E00008214,0,0,0,0,0,0
00ALGZ0028,E00008217,0,0,0,0,0,0
00ALGR0037,E00007923,0,0,0,0,0,0
00ALGR0039,E00007925,0,0,0,0,0,0
00ALGZ0031,E00008220,0,0,0,0,0,0
00ALGZ0042,E00008231,0,0,0,0,0,0
00ALGZ0002,E00008191,0,0,0,0,0,0
00ALGZ0001,E00008190,0,0,0,0,0,0
00ALGZ0010,E00008199,0,0,0,0,0,0
00BEGM0010,E00020062,0,0,0,0,0,0
00ALGZ0036,E00008225,0,0,0,0,0,0
00ALGZ0019,E00008208,0,0,0,0,0,0
00ALGZ0023,E00008212,0,0,0,0,0,0
00BEGF0023,E00019830,1,0,1,0,1,0
00ALGZ0020,E00008209,0,0,0,0,0,0
00ALGZ0021,E00008210,0,0,0,0,0,0
00ALGZ0022,E00008211,0,0,0,0,0,0
00BEGQ0003,E00020178,0,0,0,0,0,0
00AEGJ0033,E00002342,0,0,0,0,0,0
00BEGM0012,E00020064,0,0,0,0,0,0
00BEGM0011,E00020063,0,0,0,0,0,0
00BEGM0020,E00020072,0,0,0,0,0,0
00BEGM0009,E00020061,0,0,0,0,0,0
00BEGK0016,E00019981,0,0,0,0,0,0
00BEGJ0010,E00019932,0,0,0,0,0,0
00BEGJ0013,E00019935,0,0,0,0,0,0
00BEGM0001,E00020053,0,0,0,0,0,0
00BEGK0029,E00019994,0,0,0,0,0,0
00BEGK0010,E00019975,0,0,0,0,0,1
00BEGK0033,E00019998,0,0,0,1,0,1
00BEGJ0002,E00019924,0,1,0,1,0,1
00BEGJ0023,E00019945,0,1,0,1,0,1
00BEGJ0027,E00019949,0,1,0,1,0,1
00BEGK0006,E00019971,0,0,0,0,0,1
00BEGK0021,E00019986,0,0,0,0,0,0
00BEGK0041,E00020006,0,0,0,1,0,1
00BEGK0034,E00019999,0,0,0,1,0,1
00BEGJ0035,E00019957,0,1,0,1,0,1
00BEGF0026,E00019833,1,0,1,0,1,0
00BEGF0018,E00019825,1,0,1,0,1,0
00BEGJ0015,E00019937,0,1,0,1,0,1
00BEGF0007,E00019814,1,0,1,0,1,0
00BEGK0019,E00019984,0,0,0,0,0,0
00BEGK0023,E00019988,0,0,0,0,0,0
00BEGK0042,E00020007,0,0,0,0,0,1
00BEGK0035,E00020000,0,0,0,1,0,1
00BEGK0036,E00020001,0,0,0,0,0,1
00BGGK0021,E00021657,0,0,0,0,0,0
00BEGJ0012,E00019934,0,0,0,0,0,0
00BEGJ0001,E00019923,0,1,0,1,0,1
00BEGJ0028,E00019950,0,1,0,1,0,1
00BEGL0020,E00020027,0,1,0,1,0,1
00BEGJ0004,E00019926,0,0,0,1,0,1
00BEGJ0041,E00019963,0,0,0,1,0,1
00BEGS0006,E00020254,0,0,0,0,0,0
00BEGK0037,E00020002,0,0,0,1,0,1
00BEGJ0034,E00019956,0,0,0,1,0,1
00BEGJ0037,E00019959,0,0,0,1,0,1
00BEGJ0043,E00019965,0,0,0,0,0,1
00BEGJ0025,E00019947,0,1,0,1,0,1
00BEGJ0031,E00019953,0,0,0,1,0,1
00BEGJ0033,E00019955,0,1,0,1,0,1
00BEGL0014,E00020021,0,1,0,1,0,1
00BEGU0015,E00020347,0,0,0,0,0,0
00BEGU0020,E00020352,0,0,0,0,0,1
00BEGL0016,E00020023,0,1,0,1,0,1
00BEGU0032,E00020364,0,0,0,0,0,1
00BEGL0023,E00020030,0,0,0,1,0,1
00BEGL0026,E00020033,0,0,0,1,0,1
00BEGX0021,E00020434,0,0,0,0,0,0
00BEGL0022,E00020029,0,0,0,1,0,1
00BEGU0005,E00020337,0,0,0,0,0,1
00BEGU0037,E00020369,0,0,0,0,0,1
00BEGU0030,E00020362,0,0,0,1,0,1
00BEGU0014,E00020346,0,0,0,0,0,0
00BEGL0018,E00020025,0,0,0,0,0,1
00BEGM0008,E00020060,0,0,0,0,0,0
00BEGU0024,E00020356,0,0,0,0,0,0
00BEGU0017,E00020349,0,0,0,0,0,0
00BEGU0027,E00020359,0,0,0,0,0,0
00BEGU0036,E00020368,0,0,0,0,0,1
00BEGU0040,E00020372,0,0,0,0,0,1
00BEGU0039,E00020371,0,0,0,0,0,0
00BEGU0016,E00020348,0,0,0,0,0,0
00BEGM0040,E00020092,0,0,0,0,0,0
00BEGU0031,E00020363,0,0,0,0,0,1
00BEGU0023,E00020355,0,0,0,0,0,0
00BEGU0018,E00020350,0,0,0,0,0,0
00BEGM0006,E00020058,0,0,0,0,0,0
00BEGM0007,E00020059,0,0,0,0,0,0
00BEGL0005,E00020012,0,1,0,1,0,1
00BEGU0006,E00020338,0,0,0,0,0,0
00BEGM0039,E00020091,0,0,0,0,0,0
00BEGM0041,E00020093,0,0,0,0,0,0
00BEGM0005,E00020057,0,0,0,0,0,0
00BEGU0033,E00020365,0,0,0,0,0,0
00BEGU0002,E00020334,0,0,0,0,0,0
00AGGH0012,E00004293,0,0,0,0,0,0
00BEGU0034,E00020366,0,0,0,0,0,0
00BEGU0035,E00020367,0,0,0,0,0,0
00BEGU0008,E00020340,0,0,0,0,0,0
00BEGU0011,E00020343,0,0,0,0,0,0
00BEGU0038,E00020370,0,0,0,0,0,0
00BEGU0029,E00020361,0,0,0,0,0,0
00BEGS0005,E00020253,0,0,0,0,0,0
00BEGT0033,E00020324,0,0,0,0,0,0
00BEGU0004,E00020336,0,0,0,0,0,0
00BEGL0019,E00020026,0,0,0,0,0,0
00BEGU0001,E00020333,0,0,0,0,0,0
00BEGU0003,E00020335,0,0,0,0,0,0
00BEGT0029,E00020320,0,0,0,0,0,0
00BEGU0007,E00020339,0,0,0,0,0,0
00BEGU0010,E00020342,0,0,0,0,0,0
00BEGU0013,E00020345,0,0,0,0,0,0
00BEGT0031,E00020322,0,0,0,0,0,0
00BEGL0006,E00020013,0,0,0,1,0,1
00BEGF0014,E00019821,1,0,1,0,1,0
00BEGL0008,E00020015,0,1,0,1,0,1
00BEGF0001,E00019808,1,0,1,0,1,0
00BEGF0015,E00019822,1,0,1,0,1,0
00BEGL0011,E00020018,0,1,0,1,0,1
00BEGL0007,E00020014,0,1,0,1,0,1
00BEGL0004,E00020011,0,1,0,1,0,1
00BEGL0035,E00020042,1,0,1,0,1,0
00BEGL0021,E00020028,0,1,0,1,0,1
00BEGL0031,E00020038,1,0,1,0,1,0
00BEGF0008,E00019815,1,0,1,0,1,0
00BEGF0009,E00019816,1,0,1,0,1,0
00BEGF0011,E00019818,1,0,1,0,1,0
00BEGL0041,E00020048,0,1,0,1,0,1
00BEGL0032,E00020039,1,0,1,0,1,0
00BEGL0040,E00020047,0,1,0,1,0,1
00BEGL0043,E00020050,0,1,0,1,0,1
00BEGL0045,E00020052,0,0,0,1,0,1
00BEGL0003,E00020010,1,0,1,0,1,0
00BEGL0027,E00020034,1,0,1,0,1,0
00BEGL0028,E00020035,1,0,1,0,1,0
00BEGS0015,E00020263,1,0,1,0,1,0
00BEGL0042,E00020049,0,1,0,1,0,1
00BEGL0044,E00020051,0,1,0,1,0,1
00BEGS0030,E00020278,0,1,0,1,0,1
00BEGS0022,E00020270,0,1,0,1,0,1
00BEGS0016,E00020264,0,1,0,1,0,1
00BEGS0008,E00020256,0,1,0,1,0,1
00BEGS0010,E00020258,0,1,0,1,0,1
00BEGS0037,E00020285,0,0,0,1,0,1
00BEGS0035,E00020283,0,0,0,1,0,1
00BEGS0011,E00020259,0,1,0,1,0,1
00BEGL0002,E00020009,0,0,1,0,1,0
00BEGL0034,E00020041,1,0,1,0,1,0
00BEGS0021,E00020269,0,0,0,1,0,1
00BEGS0018,E00020266,0,1,0,1,0,1
00BEGS0042,E00020290,0,0,0,0,0,0
00BEGS0040,E00020288,0,0,0,0,0,1
00BEGS0002,E00020250,0,0,0,0,0,0
00BEGS0038,E00020286,0,0,0,0,0,1
00BEGS0041,E00020289,0,0,0,0,0,0
00BEGS0034,E00020282,0,0,0,1,0,1
00BEGS0025,E00020273,0,0,0,0,0,0
00BEGL0009,E00020016,0,0,0,0,0,1
00BEGL0012,E00020019,0,0,0,0,0,1
00BEGS0001,E00020249,0,0,0,0,0,0
00BEGS0003,E00020251,0,0,0,0,0,0
00AZGR0047,E00016721,0,0,0,0,0,0
00BEGT0021,E00020312,0,0,0,0,0,0
00BEGS0043,E00020291,0,0,0,0,0,0
00BEGT0028,E00020319,0,0,0,0,0,0
00BEGT0026,E00020317,0,0,0,0,0,0
00BEGT0027,E00020318,0,0,0,0,0,0
00BEGS0009,E00020257,0,0,0,0,0,0
00BEGS0036,E00020284,0,0,0,0,0,1
00BEGS0017,E00020265,0,0,0,1,0,1
00BEGT0018,E00020309,0,0,0,0,0,0
00BEGT0001,E00020292,0,0,0,0,0,0
00BEGT0002,E00020293,0,0,0,0,0,0
00BGGJ0018,E00021612,0,0,0,0,0,0
00AZGR0046,E00016720,0,0,0,0,0,0
00AZGR0049,E00016723,0,0,0,0,0,0
00BGGJ0012,E00021606,0,0,0,0,0,1
00BGGJ0017,E00021611,0,0,0,1,0,1
00BGGJ0020,E00021614,0,0,0,0,0,0
00BEGT0013,E00020304,0,0,0,0,0,0
00AZGR0042,E00016716,0,0,0,0,0,0
00AZGR0044,E00016718,0,0,0,0,0,0
00AZGK0024,E00016418,0,0,0,0,0,0
00AZGK0030,E00016424,0,0,0,0,0,0
00AZGK0029,E00016423,0,0,0,0,0,0
00AZGR0050,E00016724,0,0,0,0,0,0
00AZGR0048,E00016722,0,0,0,0,0,0
00AZGK0034,E00016428,0,0,0,0,0,0
00AZGK0033,E00016427,0,0,0,0,0,0
00AZGK0031,E00016425,0,0,0,0,0,0
00AZGR0045,E00016719,0,0,0,0,0,0
00ALGY0016,E00008162,0,0,0,0,0,0
00AZGK0006,E00016400,0,0,0,0,0,0
00AZGK0028,E00016422,0,0,0,0,0,0
00ALGY0043,E00008189,0,0,0,0,0,0
00AZGK0032,E00016426,0,0,0,0,0,0
00ALGY0011,E00008157,0,0,0,0,0,0
00AZGK0040,E00016434,0,0,0,0,0,0
00ALGY0014,E00008160,0,0,0,0,0,0
00ALGY0009,E00008155,0,0,0,0,0,0
00BEGT0022,E00020313,0,0,0,0,0,0
00BEGT0006,E00020297,0,0,0,0,0,0
00BEGM0035,E00020087,0,0,0,0,0,0
00BEGT0035,E00020326,0,0,0,0,0,0
00BEGM0038,E00020090,0,0,0,0,0,0
00BEGT0004,E00020295,0,0,0,0,0,0
00BEGM0036,E00020088,0,0,0,0,0,0
00AZGK0007,E00016401,0,0,0,0,0,0
00BEGT0023,E00020314,0,0,0,0,0,0
00BEGT0024,E00020315,0,0,0,0,0,0
00BEGT0009,E00020300,0,0,0,0,0,0
00BEGT0041,E00020332,0,0,0,0,0,0
00BEGT0025,E00020316,0,0,0,0,0,0
00AUGK0036,E00013907,0,0,0,0,0,0
00BEGT0015,E00020306,0,0,0,0,0,0
00BEGT0011,E00020302,0,0,0,0,0,0
00AZGK0001,E00016395,0,0,0,0,0,0
00BGGN0018,E00021750,0,0,0,1,0,1
00AZGK0014,E00016408,0,0,0,0,0,0
00AZGR0043,E00016717,0,0,0,0,0,0
00AZGK0017,E00016411,0,0,0,0,0,0
00AZGK0018,E00016412,0,0,0,0,0,0
00AZGK0013,E00016407,0,0,0,0,0,0
00AZGK0016,E00016410,0,0,0,0,0,0
00AZGK0019,E00016413,0,0,0,0,0,0
00AZGK0020,E00016414,0,0,0,0,0,0
00BEGT0032,E00020323,0,0,0,0,0,0
00AZGK0005,E00016399,0,0,0,0,0,0
00AZGK0041,E00016435,0,0,0,0,0,0
00BEGT0034,E00020325,0,0,0,0,0,0
00AZGK0011,E00016405,0,0,0,0,0,0
00AZGK0044,E00016438,0,0,0,0,0,0
00BEGX0020,E00020433,0,0,0,0,0,0
00BGGK0033,E00021669,0,0,0,0,0,1
00BEGX0001,E00020414,0,0,0,0,0,0
00BEGX0002,E00020415,0,0,0,0,0,0
00BEGX0014,E00020427,0,0,0,0,0,0
00AZGK0045,E00016439,0,0,0,0,0,0
00AZGK0010,E00016404,0,0,0,0,0,0
00AZGK0047,E00016441,0,0,0,0,0,0
00BEGX0019,E00020432,0,0,0,0,0,0
00AZGK0003,E00016397,0,0,0,0,0,0
00AZGK0039,E00016433,0,0,0,0,0,0
00AZGK0015,E00016409,0,0,0,0,0,0
00AZGK0025,E00016419,0,0,0,0,0,0
00BGGG0027,E00021536,0,0,0,0,0,0
00BGGG0028,E00021537,0,0,0,0,0,0
00ALGY0012,E00008158,0,0,0,0,0,0
00AZGK0023,E00016417,0,0,0,0,0,0
00ALGP0024,E00007816,0,0,0,0,0,0
00AZGK0037,E00016431,0,0,0,0,0,0
00AZGK0048,E00016442,0,0,0,0,0,0
00BGGG0017,E00021526,0,0,0,0,0,0
00AZGK0004,E00016398,0,0,0,0,0,0
00AZGK0038,E00016432,0,0,0,0,0,0
00BGGG0020,E00021529,0,0,0,0,0,0
00BGGG0011,E00021520,0,0,0,0,0,0
00BGGG0012,E00021521,0,0,0,0,0,0
00BGGG0015,E00021524,0,0,0,0,0,0
00BGGG0016,E00021525,0,0,0,0,0,0
00BGGG0018,E00021527,0,0,0,0,0,0
00BEGT0017,E00020308,0,0,0,0,0,0
00BGGG0021,E00021530,0,0,0,0,0,0
00BGGG0022,E00021531,0,0,0,0,0,0
00BGGG0009,E00021518,0,0,0,0,0,0
00BGGG0023,E00021532,0,0,0,0,0,0
00BGGG0025,E00021534,0,0,0,0,0,0
00AEGU0007,E00002698,0,0,0,0,0,0
00BGGG0013,E00021522,0,0,0,0,0,0
00BGGG0007,E00021516,0,0,0,0,0,0
00BGGG0008,E00021517,0,0,0,0,0,0
00BGGG0047,E00021556,0,0,0,0,0,0
00BEGX0033,E00020446,0,0,0,0,0,0
00BEGX0016,E00020429,0,0,0,0,0,0
00BEGX0012,E00020425,0,0,0,0,0,0
00BEGX0038,E00020451,0,0,0,0,0,0
00BEGX0034,E00020447,0,0,0,0,0,0
00BEGX0013,E00020426,0,0,0,0,0,0
00BEGX0015,E00020428,0,0,0,0,0,0
00BEGX0039,E00020452,0,0,0,0,0,0
00BEGX0010,E00020423,0,0,0,0,0,0
00BEGX0042,E00020455,0,0,0,0,0,0
00BEGT0008,E00020299,0,0,0,0,0,0
00BEGT0012,E00020303,0,0,0,0,0,0
00BEGT0016,E00020307,0,0,0,0,0,0
00BEGT0007,E00020298,0,0,0,0,0,0
00BEGT0010,E00020301,0,0,0,0,0,0
00BEGT0019,E00020310,0,0,0,0,0,0
00BEGT0040,E00020331,0,0,0,0,0,0
00ADGP0015,E00002052,0,0,0,0,0,0
00BEGX0037,E00020450,0,0,0,0,0,0
00BEGX0009,E00020422,0,0,0,0,0,0
00BGGG0041,E00021550,0,0,0,0,0,0
00BEGX0008,E00020421,0,0,0,0,0,0
00BEGX0032,E00020445,0,0,0,0,0,0
00BGGG0046,E00021555,0,0,0,0,0,0
00BGGG0014,E00021523,0,0,0,0,0,0
00BGGG0042,E00021551,0,0,0,0,0,0
00BEGX0035,E00020448,0,0,0,0,0,0
00BGGJ0005,E00021599,0,0,0,0,0,1
00BGGG0004,E00021513,0,0,0,0,0,0
00BEGX0040,E00020453,0,0,0,0,0,0
00BGGG0036,E00021545,0,0,0,0,0,0
00BGGG0005,E00021514,0,0,0,0,0,0
00BGGG0045,E00021554,0,0,0,0,0,0
00BEGS0007,E00020255,1,0,1,0,1,0
00BGGG0003,E00021512,0,0,0,0,0,0
00BEGX0030,E00020443,0,0,0,0,0,0
00BEGL0001,E00020008,0,0,1,0,1,0
00BEGE0014,E00019779,0,0,0,0,0,0
00BGGJ0015,E00021609,0,1,0,1,0,1
00BGGJ0014,E00021608,0,1,0,1,0,1
00BGGJ0034,E00021628,1,0,1,0,1,0
00BGGJ0011,E00021605,0,1,0,1,0,1
00BGGJ0004,E00021598,0,0,0,0,0,1
00BGGK0023,E00021659,0,0,0,1,0,1
00BGGJ0006,E00021600,0,0,0,0,0,1
00BGGJ0010,E00021604,0,0,0,0,0,0
00BGGJ0036,E00021630,0,0,0,0,0,0
00AUFY0005,E00013428,1,0,1,0,1,0
00AUFY0004,E00013427,1,0,1,0,1,0
00AMGK0021,E00008884,0,1,0,1,0,1
00BGGJ0026,E00021620,0,1,0,1,0,1
00BGGJ0030,E00021624,0,1,0,1,0,1
00BGGJ0001,E00021595,0,1,0,1,0,1
00BGGJ0029,E00021623,0,1,0,1,0,1
00AAFZ0001,E00000035,0,0,1,0,1,0
00AAFX0001,E00000029,1,0,1,0,1,0
00BGGJ0031,E00021625,0,0,0,1,0,1
00BGGN0012,E00021744,1,0,1,0,1,0
00BGGN0015,E00021747,0,1,0,1,0,1
00AAFX0002,E00000030,1,0,1,0,1,0
00BGGL0019,E00021690,1,0,1,0,1,0
00AAFX0004,E00000032,1,0,1,0,1,0
00AAFX0003,E00000031,1,0,1,0,1,0
00BGGL0003,E00021674,1,0,1,0,1,0
00BGGJ0038,E00021632,0,0,0,1,0,1
00BGGJ0008,E00021602,0,0,0,1,0,1
00BGGJ0027,E00021621,0,0,0,1,0,1
00BGGJ0028,E00021622,0,0,0,0,0,1
00BGGJ0022,E00021616,0,0,0,0,0,1
00BGGJ0023,E00021617,0,1,0,1,0,1
00BGGJ0041,E00021635,0,0,0,1,0,1
00BGGJ0032,E00021626,0,1,0,1,0,1
00BGGJ0024,E00021618,0,0,0,1,0,1
00BGGJ0025,E00021619,0,0,0,1,0,1
00BGGJ0033,E00021627,0,0,0,0,0,0
00BGGJ0002,E00021596,0,0,0,0,0,0
00BGGN0033,E00021765,0,1,0,1,0,1
00BGGN0019,E00021751,0,1,0,1,0,1
00BGGN0017,E00021749,0,1,0,1,0,1
00BGGN0002,E00021734,0,1,0,1,0,1
00BGGN0003,E00021735,0,0,0,1,0,1
00BGGN0016,E00021748,0,1,0,1,0,1
00BGGN0026,E00021758,0,0,0,0,0,0
00BGGN0030,E00021762,0,0,0,0,0,1
00BGGN0010,E00021742,0,1,0,1,0,1
00BGGN0001,E00021733,0,0,0,1,0,1
00BGGN0020,E00021752,0,1,0,1,0,1
00BGGN0009,E00021741,0,1,0,1,0,1
00BGGN0014,E00021746,0,1,0,1,0,1
00BGGN0011,E00021743,0,0,0,1,0,1
00BGGN0007,E00021739,0,0,0,0,0,1
00BGGN0034,E00021766,0,0,0,1,0,1
00BGGK0003,E00021639,0,0,0,0,0,1
00BGGK0025,E00021661,0,0,0,0,0,0
00BGGN0008,E00021740,0,0,0,0,0,0
00BGGK0006,E00021642,0,0,0,0,0,0
00BGGK0010,E00021646,0,0,0,0,0,0
00BGGK0011,E00021647,0,0,0,0,0,0
00BGGK0031,E00021667,0,0,0,0,0,0
00BGGN0013,E00021745,0,0,0,0,0,0
00BGGN0031,E00021763,0,0,0,0,0,0
00BGGK0024,E00021660,0,0,0,0,0,1
00BGGK0027,E00021663,0,0,0,0,0,0
00BGGN0035,E00021767,0,0,0,0,0,1
00BGGL0015,E00021686,1,0,1,0,1,0
00BGGL0002,E00021673,0,1,0,1,0,1
00BGGL0017,E00021688,1,0,1,0,1,0
00BGGL0021,E00021692,1,0,1,0,1,0
00BGGM0022,E00021716,0,0,0,1,0,1
00BGGL0018,E00021689,1,0,1,0,1,0
00BGGL0009,E00021680,0,1,0,1,0,1
00BGGL0010,E00021681,0,1,0,1,0,1
00BGGL0016,E00021687,0,1,0,1,0,1
00BGGL0022,E00021693,0,1,0,1,0,1
00BGGL0001,E00021672,0,1,0,1,0,1
00BGGL0005,E00021676,1,0,1,0,1,0
00AMGJ0007,E00008834,1,0,1,0,1,0
00AMGJ0008,E00008835,1,0,1,0,1,0
00BGGM0026,E00021720,0,1,0,1,0,1
00AMGJ0036,E00008863,0,1,0,1,0,1
00AMGK0020,E00008883,0,1,0,1,0,1
00BGGM0027,E00021721,0,1,0,1,0,1
00BGGM0001,E00021695,0,0,0,1,0,1
00BGGM0006,E00021700,0,1,0,1,0,1
00BGGM0016,E00021710,0,0,0,1,0,1
00BGGM0024,E00021718,0,1,0,1,0,1
00BGGM0023,E00021717,0,1,0,1,0,1
00BGGM0025,E00021719,0,1,0,1,0,1
00BGGM0009,E00021703,0,0,0,1,0,1
00BGGM0020,E00021714,0,1,0,1,0,1
00BGGM0018,E00021712,0,0,0,1,0,1
00BGGM0021,E00021715,0,1,0,1,0,1
00BGGM0014,E00021708,0,0,0,1,0,1
00BGGM0015,E00021709,0,0,0,1,0,1
00BGGL0013,E00021684,0,1,0,1,0,1
00BGFX0001,E00021178,0,0,0,0,0,1
00BGGL0007,E00021678,0,0,0,1,0,1
00BGGL0011,E00021682,0,0,0,1,0,1
00BGFX0016,E00021193,0,0,0,0,0,1
00BGGL0014,E00021685,0,1,0,1,0,1
00BGGN0006,E00021738,0,0,0,1,0,1
00BGFX0017,E00021194,0,0,0,0,0,1
00BGGL0006,E00021677,0,1,0,1,0,1
00BGGL0008,E00021679,0,1,0,1,0,1
00BGGN0029,E00021761,0,0,0,0,0,1
00BGFX0013,E00021190,0,0,0,0,0,0
00BGFX0014,E00021191,0,0,0,0,0,0
00BGGN0022,E00021754,0,0,0,0,0,0
00BGGN0023,E00021755,0,0,0,0,0,0
00BGFX0015,E00021192,0,0,0,0,0,0
00BGFX0003,E00021180,0,0,0,0,0,0
00BGFX0012,E00021189,0,0,0,0,0,0
00BGGN0005,E00021737,0,0,0,0,0,0
00BGGN0024,E00021756,0,0,0,0,0,0
00BGGN0025,E00021757,0,0,0,0,0,0
00BGGN0027,E00021759,0,0,0,0,0,0
00BGFX0020,E00021197,0,0,0,0,0,0
00BGGN0032,E00021764,0,0,0,0,0,0
00BGGN0021,E00021753,0,0,0,0,0,0
00BGFX0023,E00021200,0,0,0,0,0,0
00BGFX0005,E00021182,0,0,0,0,0,0
00BGFX0027,E00021204,0,0,0,0,0,1
00BGGM0002,E00021696,0,0,0,1,0,1
00BGFX0010,E00021187,0,0,0,0,0,0
00BGGM0007,E00021701,0,0,0,1,0,1
00BGGM0017,E00021711,0,0,0,0,0,1
00BGFW0027,E00021167,0,0,0,0,0,0
00BGFX0030,E00021207,0,0,0,0,0,0
00BGGM0008,E00021702,0,0,0,0,0,1
00BGFX0019,E00021196,0,0,0,0,0,0
00BGFX0021,E00021198,0,0,0,0,0,0
00BGFX0022,E00021199,0,0,0,0,0,0
00BGGH0001,E00021558,0,0,0,0,0,0
00BGGK0007,E00021643,0,0,0,0,0,0
00BEGT0039,E00020330,0,0,0,0,0,0
00BGFX0026,E00021203,0,0,0,0,0,0
00BGGH0031,E00021588,0,0,0,0,0,0
00BGGJ0039,E00021633,0,0,0,0,0,0
00BGGK0004,E00021640,0,0,0,0,0,0
00BGGC0034,E00021396,0,0,0,0,0,0
00BEGX0006,E00020419,0,0,0,0,0,0
00BEGX0005,E00020418,0,0,0,0,0,0
00BEGX0029,E00020442,0,0,0,0,0,0
00BGGK0005,E00021641,0,0,0,0,0,0
00BGGG0033,E00021542,0,0,0,0,0,0
00BEGX0028,E00020441,0,0,0,0,0,0
00BEGX0026,E00020439,0,0,0,0,0,0
00BEGX0022,E00020435,0,0,0,0,0,0
00BGGC0033,E00021395,0,0,0,0,0,0
00BEGX0027,E00020440,0,0,0,0,0,0
00BGGJ0035,E00021629,0,0,0,0,0,0
00BGGK0020,E00021656,0,0,0,0,0,0
00BGGK0026,E00021662,0,0,0,0,0,0
00BGFX0002,E00021179,0,0,0,0,0,0
00BGGN0004,E00021736,0,0,0,0,0,0
00BGFX0038,E00021215,0,0,0,0,0,0
00BGGN0028,E00021760,0,0,0,0,0,0
00BGFX0025,E00021202,0,0,0,0,0,0
00BGGF0032,E00021507,0,0,0,0,0,0
00BGFX0008,E00021185,0,0,0,0,0,0
00BGFX0024,E00021201,0,0,0,0,0,0
00BGGH0012,E00021569,0,0,0,0,0,0
00BGGH0015,E00021572,0,0,0,0,0,0
00BGGE0030,E00021468,0,0,0,0,0,0
00BGFX0011,E00021188,0,0,0,0,0,0
00BGFX0034,E00021211,0,0,0,0,0,0
00BEGX0023,E00020436,0,0,0,0,0,0
00BEGX0025,E00020438,0,0,0,0,0,0
00BGGK0016,E00021652,0,0,0,0,0,0
00BGGK0015,E00021651,0,0,0,0,0,0
00BGGD0002,E00021399,0,0,0,0,0,0
00BGGK0008,E00021644,0,0,0,0,0,0
00BEGX0003,E00020416,0,0,0,0,0,0
00BEGX0004,E00020417,0,0,0,0,0,0
00BGGK0022,E00021658,0,0,0,0,0,0
00BGGK0009,E00021645,0,0,0,0,0,0
00BEGX0024,E00020437,0,0,0,0,0,0
00BGGD0023,E00021420,0,0,0,0,0,0
00BGGH0027,E00021584,0,0,0,0,0,0
00BGGK0028,E00021664,0,0,0,0,0,0
00BGGK0034,E00021670,0,0,0,0,0,0
00BGGH0035,E00021592,0,0,0,0,0,0
00BGGH0009,E00021566,0,0,0,0,0,0
00BGGH0029,E00021586,0,0,0,0,0,0
00BGGH0037,E00021594,0,0,0,0,0,0
00BGGD0007,E00021404,0,0,0,0,0,0
00BGGD0012,E00021409,0,0,0,0,0,0
00BGGH0003,E00021560,0,0,0,0,0,0
00BGGH0026,E00021583,0,0,0,0,0,0
00BGGH0030,E00021587,0,0,0,0,0,0
00BGGK0032,E00021668,0,0,0,0,0,0
00BGGK0029,E00021665,0,0,0,0,0,0
00BGGH0034,E00021591,0,0,0,0,0,0
00BGGH0002,E00021559,0,0,0,0,0,0
00BGGK0030,E00021666,0,0,0,0,0,0
00BGGK0002,E00021638,0,0,0,0,0,0
00BGGH0006,E00021563,0,0,0,0,0,0
00BGGD0039,E00021436,0,0,0,0,0,0
00BGGD0035,E00021432,0,0,0,0,0,0
00ALHF0010,E00008453,0,0,0,0,0,0
00BGGH0021,E00021578,0,0,0,0,0,0
00BGGH0025,E00021582,0,0,0,0,0,0
00BGGD0028,E00021425,0,0,0,0,0,0
00BGGD0005,E00021402,0,0,0,0,0,0
00BGGG0001,E00021510,0,0,0,0,0,0
00BGGG0002,E00021511,0,0,0,0,0,0
00BGGD0011,E00021408,0,0,0,0,0,0
00BGGD0030,E00021427,0,0,0,0,0,0
00BGGD0026,E00021423,0,0,0,0,0,0
00BGGG0032,E00021541,0,0,0,0,0,0
00BGGD0033,E00021430,0,0,0,0,0,0
00AEHE0014,E00003053,0,0,0,0,0,0
00BGGD0001,E00021398,0,0,0,0,0,0
00BGGD0019,E00021416,0,0,0,0,0,0
00BGGD0003,E00021400,0,0,0,0,0,0
00BGGD0022,E00021419,0,0,0,0,0,0
00BGGD0020,E00021417,0,0,0,0,0,0
00BGGD0017,E00021414,0,0,0,0,0,0
00BGGD0015,E00021412,0,0,0,0,0,0
00BGGD0004,E00021401,0,0,0,0,0,0
00BGGD0006,E00021403,0,0,0,0,0,0
00BGGD0038,E00021435,0,0,0,0,0,0
00BGGF0020,E00021495,0,0,0,0,0,0
00BGGD0024,E00021421,0,0,0,0,0,0
00BGGD0037,E00021434,0,0,0,0,0,0
00BGGD0036,E00021433,0,0,0,0,0,0
00BGGD0010,E00021407,0,0,0,0,0,0
00BGGC0032,E00021394,0,0,0,0,0,0
00BGGD0034,E00021431,0,0,0,0,0,0
00BGGF0023,E00021498,0,0,0,0,0,0
00BGGD0008,E00021405,0,0,0,0,0,0
00BGGC0005,E00021367,0,0,0,0,0,0
00BGGC0018,E00021380,0,0,0,0,0,0
00AUGC0005,E00013584,0,0,0,0,0,0
00BGGE0037,E00021475,0,0,0,0,0,0
00BGGC0035,E00021397,0,0,0,0,0,0
00BGGD0032,E00021429,0,0,0,0,0,0
00BGGD0009,E00021406,0,0,0,0,0,0
00BGGC0017,E00021379,0,0,0,0,0,0
00BGGD0031,E00021428,0,0,0,0,0,0
00BGGD0041,E00021438,0,0,0,0,0,0
00BGGH0032,E00021589,0,0,0,0,0,0
00BGGH0004,E00021561,0,0,0,0,0,0
00BGGH0005,E00021562,0,0,0,0,0,0
00BGGH0014,E00021571,0,0,0,0,0,0
00BGGH0010,E00021567,0,0,0,0,0,0
00BGGH0016,E00021573,0,0,0,0,0,0
00BGGH0024,E00021581,0,0,0,0,0,0
00BGGF0033,E00021508,0,0,0,0,0,0
00BGGE0002,E00021440,0,0,0,0,0,0
00AEHE0017,E00003056,0,0,0,0,0,0
00BGGE0007,E00021445,0,0,0,0,0,0
00BGGH0017,E00021574,0,0,0,0,0,0
00BGGH0013,E00021570,0,0,0,0,0,0
00BGGH0020,E00021577,0,0,0,0,0,0
00BGGF0008,E00021483,0,0,0,0,0,0
00BGFX0031,E00021208,0,0,0,0,0,0
00BGGH0022,E00021579,0,0,0,0,0,0
00BGFX0037,E00021214,0,0,0,0,0,0
00BGGA0015,E00021308,0,0,0,0,0,0
00BGGH0023,E00021580,0,0,0,0,0,0
00BGGE0008,E00021446,0,0,0,0,0,0
00BGGE0036,E00021474,0,0,0,0,0,0
00BGGE0001,E00021439,0,0,0,0,0,0
00BGGE0006,E00021444,0,0,0,0,0,0
00BGGE0031,E00021469,0,0,0,0,0,0
00BGGE0032,E00021470,0,0,0,0,0,0
00ACGD0026,E00000895,0,0,0,0,0,0
00BGGE0033,E00021471,0,0,0,0,0,0
00BGGE0028,E00021466,0,0,0,0,0,0
00BGGE0005,E00021443,0,0,0,0,0,0
00BGGE0035,E00021473,0,0,0,0,0,0
00BGGE0004,E00021442,0,0,0,0,0,0
00BGGE0034,E00021472,0,0,0,0,0,0
00BGGF0004,E00021479,0,0,0,0,0,0
00BGGF0034,E00021509,0,0,0,0,0,0
00BGGA0012,E00021305,0,0,0,0,0,0
00AEGP0025,E00002520,0,0,0,0,0,0
00BGGF0007,E00021482,0,0,0,0,0,0
00BGGF0013,E00021488,0,0,0,0,0,0
00BGGF0019,E00021494,0,0,0,0,0,0
00BGGF0011,E00021486,0,0,0,0,0,0
00BGGF0012,E00021487,0,0,0,0,0,0
00BGGF0015,E00021490,0,0,0,0,0,0
00BGGF0016,E00021491,0,0,0,0,0,0
00BGFY0011,E00021228,0,0,0,0,0,0
00BGGB0016,E00021344,0,0,0,0,0,0
00BGFY0041,E00021258,0,0,0,0,0,0
00BGGF0009,E00021484,0,0,0,0,0,0
00BGGF0017,E00021492,0,0,0,0,0,0
00BGGF0018,E00021493,0,0,0,0,0,0
00BGGF0021,E00021496,0,0,0,0,0,0
00BGGF0022,E00021497,0,0,0,0,0,0
00BGGF0010,E00021485,0,0,0,0,0,0
00BGGF0001,E00021476,0,0,0,0,0,0
00BGGF0014,E00021489,0,0,0,0,0,0
00BGGB0018,E00021346,0,0,0,0,0,0
00BGGC0025,E00021387,0,0,0,0,0,0
00BGGC0028,E00021390,0,0,0,0,0,0
00BGGB0002,E00021330,0,0,0,0,0,0
00BGGB0020,E00021348,0,0,0,0,0,0
00BGGC0022,E00021384,0,0,0,0,0,0
00BGGB0017,E00021345,0,0,0,0,0,0
00BGGF0005,E00021480,0,0,0,0,0,0
00BGGF0006,E00021481,0,0,0,0,0,0
00BGGF0003,E00021478,0,0,0,0,0,0
00BGGB0008,E00021336,0,0,0,0,0,0
00BGGF0027,E00021502,0,0,0,0,0,0
00BGGF0031,E00021506,0,0,0,0,0,0
00BGGF0026,E00021501,0,0,0,0,0,0
00BGGF0028,E00021503,0,0,0,0,0,0
00BGGF0029,E00021504,0,0,0,0,0,0
00BGGF0030,E00021505,0,0,0,0,0,0
00BGGB0006,E00021334,0,0,0,0,0,0
00BGGB0001,E00021329,0,0,0,0,0,0
00BGGB0007,E00021335,0,0,0,0,0,0
00ACGD0029,E00000898,0,0,0,0,0,0
00BGGB0004,E00021332,0,0,0,0,0,0
00BGGB0005,E00021333,0,0,0,0,0,0
00BGFY0008,E00021225,0,0,0,0,0,0
00BGFY0001,E00021218,0,0,0,0,0,0
00BGGB0011,E00021339,0,0,0,0,0,0
00BGGB0014,E00021342,0,0,0,0,0,0
00BGGB0028,E00021356,0,0,0,0,0,0
00BGGB0029,E00021357,0,0,0,0,0,0
00BGGB0031,E00021359,0,0,0,0,0,0
00BGGB0033,E00021361,0,0,0,0,0,0
00ALGY0008,E00008154,0,0,0,0,0,0
00BGGG0026,E00021535,0,0,0,0,0,0
00ALGY0030,E00008176,0,0,0,0,0,0
00ALGQ0034,E00007872,0,0,0,0,0,0
00ALGQ0033,E00007871,0,0,0,0,0,0
00ALGQ0032,E00007870,0,0,0,0,0,0
00ALGQ0001,E00007839,0,0,0,0,0,0
00ALGQ0025,E00007863,0,0,0,0,0,0
00ALGY0004,E00008150,0,0,0,0,0,0
00ALGY0010,E00008156,0,0,0,0,0,0
00ALGY0003,E00008149,0,0,0,0,0,0
00ALGQ0028,E00007866,0,0,0,0,0,0
00ALHB0028,E00008305,0,0,0,0,0,0
00ALGQ0030,E00007868,0,0,0,0,0,0
00ALGQ0026,E00007864,0,0,0,0,0,0
00BGGG0048,E00021557,0,0,0,0,0,0
00ALGQ0024,E00007862,0,0,0,0,0,0
00ALGQ0027,E00007865,0,0,0,0,0,0
00ALGQ0022,E00007860,0,0,0,0,0,0
00ALGQ0031,E00007869,0,0,0,0,0,0
00BGGG0010,E00021519,0,0,0,0,0,0
00BGGG0019,E00021528,0,0,0,0,0,0
00BGGG0029,E00021538,0,0,0,0,0,0
00BGGG0030,E00021539,0,0,0,0,0,0
00BGFY0010,E00021227,0,0,0,0,0,0
00BGFY0025,E00021242,0,0,0,0,0,0
00BGFY0022,E00021239,0,0,0,0,0,0
00ALGY0042,E00008188,0,0,0,0,0,0
00BGFY0014,E00021231,0,0,0,0,0,0
00BGFY0003,E00021220,0,0,0,0,0,0
00ALHB0015,E00008292,0,0,0,0,0,0
00ALHB0022,E00008299,0,0,0,0,0,0
00BGFY0027,E00021244,0,0,0,0,0,0
00ALHB0025,E00008302,0,0,0,0,0,0
00ALHB0010,E00008287,0,0,0,0,0,0
00ALHB0005,E00008282,0,0,0,0,0,0
00ALHB0019,E00008296,0,0,0,0,0,0
00BGFY0002,E00021219,0,0,0,0,0,0
00BGFY0009,E00021226,0,0,0,0,0,0
00ALHB0002,E00008279,0,0,0,0,0,0
00ALHB0024,E00008301,0,0,0,0,0,0
00ALHB0003,E00008280,0,0,0,0,0,0
00ALHB0018,E00008295,0,0,0,0,0,0
00ALHB0026,E00008303,0,0,0,0,0,0
00ALHB0020,E00008297,0,0,0,0,0,0
00ALHB0023,E00008300,0,0,0,0,0,0
00ALGQ0023,E00007861,0,0,0,0,0,0
00ALHB0007,E00008284,0,0,0,0,0,0
00ALHB0027,E00008304,0,0,0,0,0,0
00ALHB0009,E00008286,0,0,0,0,0,0
00ALHB0004,E00008281,0,0,0,0,0,0
00BGFY0030,E00021247,0,0,0,0,0,0
00ALGQ0021,E00007859,0,0,0,0,0,0
00ALHB0021,E00008298,0,0,0,0,0,0
00ALHB0001,E00008278,0,0,0,0,0,0
00ALHB0013,E00008290,0,0,0,0,0,0
00ALHB0035,E00008312,0,0,0,0,0,0
00ALHB0034,E00008311,0,0,0,0,0,0
00ALHB0032,E00008309,0,0,0,0,0,0
00BGFY0036,E00021253,0,0,0,0,0,0
00ALHB0011,E00008288,0,0,0,0,0,0
00ALHB0014,E00008291,0,0,0,0,0,0
00ALHB0006,E00008283,0,0,0,0,0,0
00AGGD0012,E00004131,0,0,0,0,0,0
00ALHB0017,E00008294,0,0,0,0,0,0
00BGFY0007,E00021224,0,0,0,0,0,0
00BGFY0028,E00021245,0,0,0,0,0,0
00BGFY0033,E00021250,0,0,0,0,0,0
00BGFY0034,E00021251,0,0,0,0,0,0
00BGFY0032,E00021249,0,0,0,0,0,0
00BGFY0029,E00021246,0,0,0,0,0,0
00BGFY0023,E00021240,0,0,0,0,0,0
00BGFY0024,E00021241,0,0,0,0,0,0
00BGFY0039,E00021256,0,0,0,0,0,0
00ALGQ0020,E00007858,0,0,0,0,0,0
00AUGD0024,E00013647,0,0,0,0,0,0
00ALGQ0029,E00007867,0,0,0,0,0,0
00ALGR0030,E00007916,0,0,0,0,0,0
00ALGR0026,E00007912,0,0,0,0,0,0
00ALGR0031,E00007917,0,0,0,0,0,0
00ALGR0023,E00007909,0,0,0,0,0,0
00ALGR0001,E00007887,0,0,0,0,0,0
00ALGR0028,E00007914,0,0,0,0,0,0
00ALGR0025,E00007911,0,0,0,0,0,0
00ALGR0035,E00007921,0,0,0,0,0,0
00ALGR0016,E00007902,0,0,0,0,0,0
00AUGC0033,E00013612,0,0,0,0,0,0
00ALGR0020,E00007906,0,0,0,0,0,0
00ALGR0022,E00007908,0,0,0,0,0,0
00ALGR0029,E00007915,0,0,0,0,0,0
00ALHB0029,E00008306,0,0,0,0,0,0
00ALHB0012,E00008289,0,0,0,0,0,0
00ALHG0022,E00008512,0,0,0,0,0,0
00ALGR0015,E00007901,0,0,0,0,0,0
00ALHB0036,E00008313,0,0,0,0,0,0
00ALGR0003,E00007889,0,0,0,0,0,0
00ALGR0012,E00007898,0,0,0,0,0,0
00ALGR0006,E00007892,0,0,0,0,0,0
00ALGR0021,E00007907,0,0,0,0,0,0
00ALGR0010,E00007896,0,0,0,0,0,0
00ALHG0032,E00008522,0,0,0,0,0,0
00ALGR0024,E00007910,0,0,0,0,0,0
00ALGR0002,E00007888,0,0,0,0,0,0
00ALHG0034,E00008524,0,0,0,0,0,0
00ALGR0013,E00007899,0,0,0,0,0,0
00ALHB0008,E00008285,0,0,0,0,0,0
00ALHB0016,E00008293,0,0,0,0,0,0
00ALGR0008,E00007894,0,0,0,0,0,0
00ALGR0018,E00007904,0,0,0,0,0,0
00ALGR0044,E00007930,0,0,0,0,0,0
00ALGR0007,E00007893,0,0,0,0,0,0
00ALHG0015,E00008505,0,0,0,0,0,0
00ALGR0011,E00007897,0,0,0,0,0,0
00ALGR0019,E00007905,0,0,0,0,0,0
00ALGR0005,E00007891,0,0,0,0,0,0
00ALGR0045,E00007931,0,0,0,0,0,0
00BGGD0025,E00021422,0,0,0,0,0,0
00ALGR0027,E00007913,0,0,0,0,0,0
00ALHB0030,E00008307,0,0,0,0,0,0
00ALHG0045,E00008535,0,0,0,0,0,0
00ALGR0043,E00007929,0,0,0,0,0,0
00ALHG0046,E00008536,0,0,0,0,0,0
00ALHG0038,E00008528,0,0,0,0,0,0
00ALHB0033,E00008310,0,0,0,0,0,0
00ALGR0017,E00007903,0,0,0,0,0,0
00ALHG0041,E00008531,0,0,0,0,0,0
00ALGR0014,E00007900,0,0,0,0,0,0
00ALGR0004,E00007890,0,0,0,0,0,0
00ALGR0009,E00007895,0,0,0,0,0,0
00ALHG0006,E00008496,0,0,0,0,0,0
00ALGR0042,E00007928,0,0,0,0,0,0
00ALHG0031,E00008521,0,0,0,0,0,0
00ALHG0044,E00008534,0,0,0,0,0,0
00ALHG0039,E00008529,0,0,0,0,0,0
00BGFY0006,E00021223,0,0,0,0,0,0
00ALHG0042,E00008532,0,0,0,0,0,0
00ALHG0020,E00008510,0,0,0,0,0,0
00ALHG0004,E00008494,0,0,0,0,0,0
00ALHG0036,E00008526,0,0,0,0,0,0
00ALHG0025,E00008515,0,0,0,0,0,0
00ALHG0030,E00008520,0,0,0,0,0,0
00ALHG0005,E00008495,0,0,0,0,0,0
00ALHG0001,E00008491,0,0,0,0,0,0
00ALHG0037,E00008527,0,0,0,0,0,0
00ALHG0003,E00008493,0,0,0,0,0,0
00ALHG0040,E00008530,0,0,0,0,0,0
00BGGD0013,E00021410,0,0,0,0,0,0
00ALHG0023,E00008513,0,0,0,0,0,0
00ALHG0026,E00008516,0,0,0,0,0,0
00ALHG0035,E00008525,0,0,0,0,0,0
00ALHG0021,E00008511,0,0,0,0,0,0
00ALHG0007,E00008497,0,0,0,0,0,0
00BBGT0007,E00018202,0,0,0,0,0,0
00ALHG0011,E00008501,0,0,0,0,0,0
00BGGC0010,E00021372,0,0,0,0,0,0
00BGGC0013,E00021375,0,0,0,0,0,0
00ALHG0010,E00008500,0,0,0,0,0,0
00ALHG0017,E00008507,0,0,0,0,0,0
00ALHG0013,E00008503,0,0,0,0,0,0
00ALHG0008,E00008498,0,0,0,0,0,0
00ALHG0009,E00008499,0,0,0,0,0,0
00ALHG0012,E00008502,0,0,0,0,0,0
00BBGT0011,E00018206,0,0,0,0,0,0
00BBGT0010,E00018205,0,0,0,0,0,0
00BBGT0013,E00018208,0,0,0,0,0,0
00BBGT0014,E00018209,0,0,0,0,0,0
00BGGD0029,E00021426,0,0,0,0,0,0
00BGGG0039,E00021548,0,0,0,0,0,0
00BGFY0021,E00021238,0,0,0,0,0,0
00BGGD0018,E00021415,0,0,0,0,0,0
00BGGG0031,E00021540,0,0,0,0,0,0
00BGFY0005,E00021222,0,0,0,0,0,0
00BGGC0020,E00021382,0,0,0,0,0,0
00BGFY0004,E00021221,0,0,0,0,0,0
00BGGB0012,E00021340,0,0,0,0,0,0
00BGGC0011,E00021373,0,0,0,0,0,0
00BGGB0015,E00021343,0,0,0,0,0,0
00BGGC0023,E00021385,0,0,0,0,0,0
00BGGC0026,E00021388,0,0,0,0,0,0
00BGGC0002,E00021364,0,0,0,0,0,0
00BGGC0004,E00021366,0,0,0,0,0,0
00BGGB0034,E00021362,0,0,0,0,0,0
00BGFY0016,E00021233,0,0,0,0,0,0
00BGFY0020,E00021237,0,0,0,0,0,0
00BGFY0019,E00021236,0,0,0,0,0,0
00BGFY0018,E00021235,0,0,0,0,0,0
00BGFY0015,E00021232,0,0,0,0,0,0
00BGGC0006,E00021368,0,0,0,0,0,0
00BGGC0008,E00021370,0,0,0,0,0,0
00BGGB0010,E00021338,0,0,0,0,0,0
00BGFY0017,E00021234,0,0,0,0,0,0
00BGGC0014,E00021376,0,0,0,0,0,0
00BGGC0001,E00021363,0,0,0,0,0,0
00BBGE0005,E00017726,0,0,0,0,0,0
00BGGC0016,E00021378,0,0,0,0,0,0
00BGGC0031,E00021393,0,0,0,0,0,0
00BGGC0015,E00021377,0,0,0,0,0,0
00BGGC0030,E00021392,0,0,0,0,0,0
00BBGD0036,E00017716,0,0,0,0,0,0
00BGGC0012,E00021374,0,0,0,0,0,0
00BGGC0029,E00021391,0,0,0,0,0,0
00BGGC0007,E00021369,0,0,0,0,0,0
00BGGC0009,E00021371,0,0,0,0,0,0
00BGGC0003,E00021365,0,0,0,0,0,0
00BBGE0034,E00017755,0,0,0,0,0,0
00BBGE0038,E00017759,0,0,0,0,0,0
00BBGE0003,E00017724,0,0,0,0,0,0
00BGGC0024,E00021386,0,0,0,0,0,0
00BBGE0036,E00017757,0,0,0,0,0,0
00BBGE0031,E00017752,0,0,0,0,0,0
00BBGE0009,E00017730,0,0,0,0,0,0
00BBGE0015,E00017736,0,0,0,0,0,0
00BBGE0017,E00017738,0,0,0,0,0,0
00BBGE0037,E00017758,0,0,0,0,0,0
00BBGE0008,E00017729,0,0,0,0,0,0
00AGGD0018,E00004137,0,0,0,0,0,0
00BBGE0010,E00017731,0,0,0,0,0,0
00BBGE0011,E00017732,0,0,0,0,0,0
00BBGE0004,E00017725,0,0,0,0,0,0
00BBGE0033,E00017754,0,0,0,0,0,0
00BBGE0035,E00017756,0,0,0,0,0,0
00BBGE0012,E00017733,0,0,0,0,0,0
00BGGC0021,E00021383,0,0,0,0,0,0
00BGGC0027,E00021389,0,0,0,0,0,0
00BGGC0019,E00021381,0,0,0,0,0,0
00BBGD0020,E00017700,0,0,0,0,0,0
00BBGD0035,E00017715,0,0,0,0,0,0
00BBGD0029,E00017709,0,0,0,0,0,0
00BBGD0004,E00017684,0,0,0,0,0,0
00BBGD0002,E00017682,0,0,0,0,0,0
00BBGD0024,E00017704,0,0,0,0,0,0
00BBGE0032,E00017753,0,0,0,0,0,0
00BBGD0003,E00017683,0,0,0,0,0,0
00BBGD0030,E00017710,0,0,0,0,0,0
00BBGD0031,E00017711,0,0,0,0,0,0
00BBGD0032,E00017712,0,0,0,0,0,0
00BBGD0028,E00017708,0,0,0,0,0,0
00BBGE0007,E00017728,0,0,0,0,0,0
00BBGE0029,E00017750,0,0,0,0,0,0
00BBGE0021,E00017742,0,0,0,0,0,0
00BBGE0025,E00017746,0,0,0,0,0,0
00BBGD0025,E00017705,0,0,0,0,0,0
00AGGD0019,E00004138,0,0,0,0,0,0
00BBGE0026,E00017747,0,0,0,0,0,0
00BBGD0018,E00017698,0,0,0,0,0,0
00BBGD0017,E00017697,0,0,0,0,0,0
00BBGD0021,E00017701,0,0,0,0,0,0
00BBGD0023,E00017703,0,0,0,0,0,0
00BBGD0010,E00017690,0,0,0,0,0,0
00BBGD0026,E00017706,0,0,0,0,0,0
00BBGD0041,E00017721,0,0,0,0,0,0
00BBGD0022,E00017702,0,0,0,0,0,0
00BBGD0013,E00017693,0,0,0,0,0,0
00BBGD0001,E00017681,0,0,0,0,0,0
00BBGD0012,E00017692,0,0,0,0,0,0
00BBGD0014,E00017694,0,0,0,0,0,0
00BBGD0016,E00017696,0,0,0,0,0,0
00BBGD0027,E00017707,0,0,0,0,0,0
00BBGD0006,E00017686,0,0,0,0,0,0
00BBGT0005,E00018200,0,0,0,0,0,0
00BBGT0004,E00018199,0,0,0,0,0,0
00BBGT0003,E00018198,0,0,0,0,0,0
00BBGE0016,E00017737,0,0,0,0,0,0
00BBGT0009,E00018204,0,0,0,0,0,0
00BBGT0008,E00018203,0,0,0,0,0,0
00BBGT0006,E00018201,0,0,0,0,0,0
00BBGE0030,E00017751,0,0,0,0,0,0
00BBGF0031,E00017790,0,0,0,0,0,0
00BBGE0013,E00017734,0,0,0,0,0,0
00BBGF0029,E00017788,0,0,0,0,0,0
00BBGF0037,E00017796,0,0,0,0,0,0
00BBGF0036,E00017795,0,0,0,0,0,0
00BBGE0014,E00017735,0,0,0,0,0,0
00BBGE0002,E00017723,0,0,0,0,0,0
00BBGE0022,E00017743,0,0,0,0,0,0
00BBGE0024,E00017745,0,0,0,0,0,0
00BBGF0008,E00017767,0,0,0,0,0,0
00BBGF0027,E00017786,0,0,0,0,0,0
00BBGF0023,E00017782,0,0,0,0,0,0
00BBGF0024,E00017783,0,0,0,0,0,0
00BBGE0027,E00017748,0,0,0,0,0,0
00ACGA0043,E00000765,0,0,0,0,0,0
00BBGF0030,E00017789,0,0,0,0,0,0
00BBGE0006,E00017727,0,0,0,0,0,0
00BBGD0015,E00017695,0,0,0,0,0,0
00BBGF0006,E00017765,0,0,0,0,0,0
00BBGF0015,E00017774,0,0,0,0,0,0
00BBGE0001,E00017722,0,0,0,0,0,0
00BBGF0026,E00017785,0,0,0,0,0,0
00BBGD0009,E00017689,0,0,0,0,0,0
00BBGT0002,E00018197,0,0,0,0,0,0
00BBGF0009,E00017768,0,0,0,0,0,0
00BBGF0028,E00017787,0,0,0,0,0,0
00BBGF0032,E00017791,0,0,0,0,0,0
00BBGF0010,E00017769,0,0,0,0,0,0
00ALGX0025,E00008125,0,0,0,0,0,0
00BBGF0033,E00017792,0,0,0,0,0,0
00BBGF0007,E00017766,0,0,0,0,0,0
00BBGF0018,E00017777,0,0,0,0,0,0
00BBGF0025,E00017784,0,0,0,0,0,0
00BBGF0019,E00017778,0,0,0,0,0,0
00BBGF0038,E00017797,0,0,0,0,0,0
00BBGF0005,E00017764,0,0,0,0,0,0
00BBGF0035,E00017794,0,0,0,0,0,0
00BBGF0034,E00017793,0,0,0,0,0,0
00BBGF0021,E00017780,0,0,0,0,0,0
00BBGB0038,E00017640,0,0,0,0,0,0
00BBGS0007,E00018164,0,0,0,0,0,0
00BBGF0016,E00017775,0,0,0,0,0,0
00BBGS0006,E00018163,0,0,0,0,0,0
00BBGB0014,E00017616,0,0,0,0,0,0
00BBGS0008,E00018165,0,0,0,0,0,0
00BBGS0010,E00018167,0,0,0,0,0,0
00BBGS0001,E00018158,0,0,0,0,0,0
00BBGF0020,E00017779,0,0,0,0,0,0
00BBGB0017,E00017619,0,0,0,0,0,0
00BBGF0001,E00017760,0,0,0,0,0,0
00BBGB0019,E00017621,0,0,0,0,0,0
00BBGB0015,E00017617,0,0,0,0,0,0
00BBGB0022,E00017624,0,0,0,0,0,0
00BBGF0011,E00017770,0,0,0,0,0,0
00BBGB0003,E00017605,0,0,0,0,0,0
00BBGB0001,E00017603,0,0,0,0,0,0
00BBGS0029,E00018186,0,0,0,0,0,0
00BBGE0023,E00017744,0,0,0,0,0,0
00BBGE0020,E00017741,0,0,0,0,0,0
00ALGX0040,E00008140,0,0,0,0,0,0
00BBGF0003,E00017762,0,0,0,0,0,0
00BBGF0017,E00017776,0,0,0,0,0,0
00BBGF0022,E00017781,0,0,0,0,0,0
00AEGL0038,E00002420,0,0,0,0,0,0
00BBGF0013,E00017772,0,0,0,0,0,0
00BBGF0004,E00017763,0,0,0,0,0,0
00BBGF0012,E00017771,0,0,0,0,0,0
00BBGB0029,E00017631,0,0,0,0,0,0
00BBGF0014,E00017773,0,0,0,0,0,0
00BBGS0035,E00018192,0,0,0,0,0,0
00BBGF0002,E00017761,0,0,0,0,0,0
00BBGE0018,E00017739,0,0,0,0,0,0
00BBGS0038,E00018195,0,0,0,0,0,0
00BBGD0008,E00017688,0,0,0,0,0,0
00BBGS0025,E00018182,0,0,0,0,0,0
00BBGS0032,E00018189,0,0,0,0,0,0
00BBGS0036,E00018193,0,0,0,0,0,0
00BBGB0026,E00017628,0,0,0,0,0,0
00BBGS0033,E00018190,0,0,0,0,0,0
00BBGS0028,E00018185,0,0,0,0,0,0
00BBGJ0039,E00017896,0,0,0,0,0,0
00BBGS0031,E00018188,0,0,0,0,0,0
00BBGB0011,E00017613,0,0,0,0,0,0
00BBGB0027,E00017629,0,0,0,0,0,0
00BBGB0030,E00017632,0,0,0,0,0,0
00BBGB0013,E00017615,0,0,0,0,0,0
00BBGB0028,E00017630,0,0,0,0,0,0
00BBGJ0040,E00017897,0,0,0,0,0,0
00BBGB0034,E00017636,0,0,0,0,0,0
00BBGB0032,E00017634,0,0,0,0,0,0
00BBGB0012,E00017614,0,0,0,0,0,0
00BBGJ0036,E00017893,0,0,0,0,0,0
00ADGC0026,E00001687,0,0,0,0,0,0
00ALGP0027,E00007819,0,0,0,0,0,0
00BBGJ0012,E00017869,0,0,0,0,0,0
00ALGU0040,E00008055,0,0,0,0,0,0
00ADGQ0020,E00002092,0,0,0,0,0,0
00ALGS0014,E00007945,0,0,0,0,0,0
00ADGQ0026,E00002098,0,0,0,0,0,0
00ADGQ0004,E00002076,0,0,0,0,0,0
00BBGJ0035,E00017892,0,0,0,0,0,0
00BBGJ0011,E00017868,0,0,0,0,0,0
00BBGJ0024,E00017881,0,0,0,0,0,0
00AEGN0001,E00002456,0,0,0,0,0,0
00BBGJ0038,E00017895,0,0,0,0,0,0
00BBGJ0032,E00017889,0,0,0,0,0,0
00BBGJ0037,E00017894,0,0,0,0,0,0
00AEHD0038,E00003038,0,0,0,0,0,0
00BBGJ0009,E00017866,0,0,0,0,0,0
00BBGJ0010,E00017867,0,0,0,0,0,0
00BBGJ0033,E00017890,0,0,0,0,0,0
00ACGS0024,E00001517,0,0,0,0,0,0
00BBGJ0034,E00017891,0,0,0,0,0,0
00BBGJ0022,E00017879,0,0,0,0,0,0
00BBGJ0026,E00017883,0,0,0,0,0,0
00BBGJ0028,E00017885,0,0,0,0,0,0
00ALGS0012,E00007943,0,0,0,0,0,0
00ALGS0018,E00007949,0,0,0,0,0,0
00ALGS0011,E00007942,0,0,0,0,0,0
00ALGS0023,E00007954,0,0,0,0,0,0
00ALGU0042,E00008057,0,0,0,0,0,0
00ADGQ0023,E00002095,0,0,0,0,0,0
00ADGQ0027,E00002099,0,0,0,0,0,0
00ALHE0012,E00008415,0,0,0,0,0,0
00ADGQ0021,E00002093,0,0,0,0,0,0
00ADGQ0022,E00002094,0,0,0,0,0,0
00ALGS0016,E00007947,0,0,0,0,0,0
00ALGS0010,E00007941,0,0,0,0,0,0
00ADGT0023,E00002197,0,0,0,0,0,0
00ALGP0009,E00007801,0,0,0,0,0,0
00ADGT0027,E00002201,0,0,0,0,0,0
00ADGD0008,E00001702,0,0,0,0,0,0
00ALGU0009,E00008024,0,0,0,0,0,0
00ADGD0009,E00001703,0,0,0,0,0,0
00ADGD0004,E00001698,0,0,0,0,0,0
00ADGW0005,E00002244,0,0,0,0,0,0
00ALGT0019,E00007992,0,0,0,0,0,0
00ALGS0019,E00007950,0,0,0,0,0,0
00ALGS0013,E00007944,0,0,0,0,0,0
00ALHF0013,E00008456,0,0,0,0,0,0
00ALGS0020,E00007951,0,0,0,0,0,0
00ALGU0032,E00008047,0,0,0,0,0,0
00ALHE0031,E00008434,0,0,0,0,0,0
00ALGS0005,E00007936,0,0,0,0,0,0
00ALGU0027,E00008042,0,0,0,0,0,0
00ALGU0010,E00008025,0,0,0,0,0,0
00ALGS0006,E00007937,0,0,0,0,0,0
00ALGU0005,E00008020,0,0,0,0,0,0
00ALGT0014,E00007987,0,0,0,0,0,0
00ADGC0023,E00001684,0,0,0,0,0,0
00ALGU0004,E00008019,0,0,0,0,0,0
00ALHD0027,E00008387,0,0,0,0,0,0
00ALGT0012,E00007985,0,0,0,0,0,0
00ALGS0009,E00007940,0,0,0,0,0,0
00ADGQ0018,E00002090,0,0,0,0,0,0
00ALGU0031,E00008046,0,0,0,0,0,0
00ALGU0033,E00008048,0,0,0,0,0,0
00ALHF0047,E00008490,0,0,0,0,0,0
00ALGU0001,E00008016,0,0,0,0,0,0
00ALGU0030,E00008045,0,0,0,0,0,0
00ALGU0015,E00008030,0,0,0,0,0,0
00ALGU0028,E00008043,0,0,0,0,0,0
00ALGU0026,E00008041,0,0,0,0,0,0
00ADGC0021,E00001682,0,0,0,0,0,0
00ADGC0022,E00001683,0,0,0,0,0,0
00ALGU0029,E00008044,0,0,0,0,0,0
00ALGU0034,E00008049,0,0,0,0,0,0
00ADGQ0019,E00002091,0,0,0,0,0,0
00ADGC0020,E00001681,0,0,0,0,0,0
00ALGU0025,E00008040,0,0,0,0,0,0
00ALGU0023,E00008038,0,0,0,0,0,0
00ALGU0024,E00008039,0,0,0,0,0,0
00ADGC0019,E00001680,0,0,0,0,0,0
00ALGU0022,E00008037,0,0,0,0,0,0
00ALHE0035,E00008438,0,0,0,0,0,0
00ADGC0002,E00001663,0,0,0,0,0,0
00ADGC0006,E00001667,0,0,0,0,0,0
00ALHE0004,E00008407,0,0,0,0,0,0
00ADGC0015,E00001676,0,0,0,0,0,0
00ALGU0020,E00008035,0,0,0,0,0,0
00ALGU0006,E00008021,0,0,0,0,0,0
00ADGD0027,E00001721,0,0,0,0,0,0
00ALGU0021,E00008036,0,0,0,0,0,0
00ALGU0018,E00008033,0,0,0,0,0,0
00ALGT0017,E00007990,0,0,0,0,0,0
00ALHE0027,E00008430,0,0,0,0,0,0
00ALGT0013,E00007986,0,0,0,0,0,0
00ALGT0016,E00007989,0,0,0,0,0,0
00ALGT0018,E00007991,0,0,0,0,0,0
00ALGU0036,E00008051,0,0,0,0,0,0
00ADGA0008,E00001598,0,0,0,0,0,0
00ADGT0029,E00002203,0,0,0,0,0,0
00AEGT0033,E00002671,0,0,0,0,0,0
00ADGT0026,E00002200,0,0,0,0,0,0
00ADGT0022,E00002196,0,0,0,0,0,0
00ADGL0006,E00001943,0,0,0,0,0,0
00ADGT0002,E00002176,0,0,0,0,0,0
00ADGT0006,E00002180,0,0,0,0,0,0
00ADGH0019,E00001849,0,0,0,0,0,0
00ADGA0010,E00001600,0,0,0,0,0,0
00ALGU0014,E00008029,0,0,0,0,0,0
00ALGU0003,E00008018,0,0,0,0,0,0
00ALGU0038,E00008053,0,0,0,0,0,0
00ALGU0016,E00008031,0,0,0,0,0,0
00ALGU0002,E00008017,0,0,0,0,0,0
00ALGU0019,E00008034,0,0,0,0,0,0
00ALGU0017,E00008032,0,0,0,0,0,0
00ADGA0001,E00001591,0,0,0,0,0,0
00ADGA0009,E00001599,0,0,0,0,0,0
00ADGH0020,E00001850,0,0,0,0,0,0
00ADGH0004,E00001834,0,0,0,0,0,0
00ADGH0023,E00001853,0,0,0,0,0,0
00AQGQ0001,E00011049,0,0,0,0,0,0
00ADGH0024,E00001854,0,0,0,0,0,0
00ADGH0027,E00001857,0,0,0,0,0,0
00AQGQ0031,E00011079,0,0,0,0,0,0
00ADGH0015,E00001845,0,0,0,0,0,0
00ADGH0016,E00001846,0,0,0,0,0,0
00ADGH0018,E00001848,0,0,0,0,0,0
00ALGX0030,E00008130,0,0,0,0,0,0
00ALGX0017,E00008117,0,0,0,0,0,0
00ALGU0008,E00008023,0,0,0,0,0,0
00ADGC0031,E00001692,0,0,0,0,0,0
00ALGU0013,E00008028,0,0,0,0,0,0
00ALGU0011,E00008026,0,0,0,0,0,0
00ALGU0041,E00008056,0,0,0,0,0,0
00ADGN0005,E00002010,0,0,0,0,0,0
00ADGC0010,E00001671,0,0,0,0,0,0
00ALGU0007,E00008022,0,0,0,0,0,0
00ALGU0037,E00008052,0,0,0,0,0,0
00ALGU0039,E00008054,0,0,0,0,0,0
00ADGC0025,E00001686,0,0,0,0,0,0
00ADGQ0024,E00002096,0,0,0,0,0,0
00ADGN0031,E00002036,0,0,0,0,0,0
00ADGW0013,E00002252,0,0,0,0,0,0
00ADGJ0037,E00001903,0,0,0,0,0,0
00ADGJ0034,E00001900,0,0,0,0,0,0
00ADGJ0035,E00001901,0,0,0,0,0,0
00ADGC0016,E00001677,0,0,0,0,0,0
00ADGJ0036,E00001902,0,0,0,0,0,0
00ADGW0003,E00002242,0,0,0,0,0,0
00ADGW0010,E00002249,0,0,0,0,0,0
00ADGW0033,E00002272,0,0,0,0,0,0
00ADGW0011,E00002250,0,0,0,0,0,0
00ADGW0012,E00002251,0,0,0,0,0,0
00ADGW0008,E00002247,0,0,0,0,0,0
00ADGW0035,E00002274,0,0,0,0,0,0
00ADGC0009,E00001670,0,0,0,0,0,0
00ADGC0018,E00001679,0,0,0,0,0,0
00ADGR0017,E00002124,0,0,0,0,0,0
00ADGC0014,E00001675,0,0,0,0,0,0
00ADGC0008,E00001669,0,0,0,0,0,0
00ADGC0017,E00001678,0,0,0,0,0,0
00ADGC0001,E00001662,0,0,0,0,0,0
00ADGC0029,E00001690,0,0,0,0,0,0
00ADGS0004,E00002146,0,0,0,0,0,0
00ADGE0011,E00001738,0,0,0,0,0,0
00ADGR0007,E00002114,0,0,0,0,0,0
00ADGE0013,E00001740,0,0,0,0,0,0
00ADGE0016,E00001743,0,0,0,0,0,0
00ADGS0011,E00002153,0,0,0,0,0,0
00ADGE0014,E00001741,0,0,0,0,0,0
00ADGE0021,E00001748,0,0,0,0,0,0
00ADGS0005,E00002147,0,0,0,0,0,0
00AUGJ0012,E00013839,0,0,0,0,0,0
00ADGP0029,E00002066,0,0,0,0,0,0
00ADGC0005,E00001666,0,0,0,0,0,0
00ADGC0007,E00001668,0,0,0,0,0,0
00ADGC0032,E00001693,0,0,0,0,0,0
00ADGC0027,E00001688,0,0,0,0,0,0
00ADGG0006,E00001801,0,0,0,0,0,0
00ADGC0024,E00001685,0,0,0,0,0,0
00ADGN0024,E00002029,0,0,0,0,0,0
00ADGN0028,E00002033,0,0,0,0,0,0
00ADGN0025,E00002030,0,0,0,0,0,0
00ADGC0004,E00001665,0,0,0,0,0,0
00ADGN0030,E00002035,0,0,0,0,0,0
00ADGW0034,E00002273,0,0,0,0,0,0
00ADGW0004,E00002243,0,0,0,0,0,0
00ADGW0006,E00002245,0,0,0,0,0,0
00ADGW0030,E00002269,0,0,0,0,0,0
00ADGW0029,E00002268,0,0,0,0,0,0
00ADGC0012,E00001673,0,0,0,0,0,0
00ADGR0023,E00002130,0,0,0,0,0,0
00ADGD0007,E00001701,0,0,0,0,0,0
00ADGW0031,E00002270,0,0,0,0,0,0
00ADGD0003,E00001697,0,0,0,0,0,0
00ADGD0030,E00001724,0,0,0,0,0,0
00AEGT0010,E00002648,0,0,0,0,0,0
00ADGD0005,E00001699,0,0,0,0,0,0
00ADGD0029,E00001723,0,0,0,0,0,0
00ADGW0007,E00002246,0,0,0,0,0,0
00ADGW0032,E00002271,0,0,0,0,0,0
00ADGT0013,E00002187,0,0,0,0,0,0
00ADGW0009,E00002248,0,0,0,0,0,0
00ADGD0033,E00001727,0,0,0,0,0,0
00ADGT0014,E00002188,0,0,0,0,0,0
00AGGU0040,E00004762,0,1,0,1,0,1
00ADGD0006,E00001700,0,0,0,0,0,0
00ADGT0019,E00002193,0,0,0,0,0,0
00ADGR0006,E00002113,0,0,0,0,0,0
00ADGD0024,E00001718,0,0,0,0,0,0
00ADGC0013,E00001674,0,0,0,0,0,0
00ADGC0033,E00001694,0,0,0,0,0,0
00ADGC0003,E00001664,0,0,0,0,0,0
00APGH0024,E00010126,0,0,0,0,0,0
00ADGC0030,E00001691,0,0,0,0,0,0
00ADGC0011,E00001672,0,0,0,0,0,0
00ADGC0028,E00001689,0,0,0,0,0,0
00ADGD0012,E00001706,0,0,0,0,0,0
00ADGD0020,E00001714,0,0,0,0,0,0
00ADGR0005,E00002112,0,0,0,0,0,0
00ADGD0002,E00001696,0,0,0,0,0,0
00ADGD0016,E00001710,0,0,0,0,0,0
00ADGD0017,E00001711,0,0,0,0,0,0
00ADGD0028,E00001722,0,0,0,0,0,0
00ADGD0013,E00001707,0,0,0,0,0,0
00ADGR0035,E00002142,0,0,0,0,0,0
00ADGD0011,E00001705,0,0,0,0,0,0
00ADGN0002,E00002007,0,0,0,0,0,0
00ADGN0027,E00002032,0,0,0,0,0,0
00ADGK0021,E00001924,0,0,0,0,0,0
00ALGT0007,E00007980,0,0,0,0,0,0
00ADGN0029,E00002034,0,0,0,0,0,0
00ADGN0026,E00002031,0,0,0,0,0,0
00ADGK0018,E00001921,0,0,0,0,0,0
00ADGK0020,E00001923,0,0,0,0,0,0
00ADGN0017,E00002022,0,0,0,0,0,0
00ADGK0022,E00001925,0,0,0,0,0,0
00ADGD0026,E00001720,0,0,0,0,0,0
00ALGT0022,E00007995,0,0,0,0,0,0
00ADGD0015,E00001709,0,0,0,0,0,0
00ADGP0028,E00002065,0,0,0,0,0,0
00ADGS0031,E00002173,0,0,0,0,0,0
00ADGP0026,E00002063,0,0,0,0,0,0
00ADGS0023,E00002165,0,0,0,0,0,0
00ADGD0014,E00001708,0,0,0,0,0,0
00ADGD0025,E00001719,0,0,0,0,0,0
00ADGD0010,E00001704,0,0,0,0,0,0
00ADGD0023,E00001717,0,0,0,0,0,0
00BBGJ0013,E00017870,0,0,0,0,0,0
00ADGK0024,E00001927,0,0,0,0,0,0
00ALGT0011,E00007984,0,0,0,0,0,0
00ALGT0042,E00008015,0,0,0,0,0,0
00ADGK0016,E00001919,0,0,0,0,0,0
00ADGK0023,E00001926,0,0,0,0,0,0
00ALGT0010,E00007983,0,0,0,0,0,0
00ALGU0035,E00008050,0,0,0,0,0,0
00ADGN0019,E00002024,0,0,0,0,0,0
00ALGT0041,E00008014,0,0,0,0,0,0
00ALGT0004,E00007977,0,0,0,0,0,0
00ADGN0014,E00002019,0,0,0,0,0,0
00ADGS0015,E00002157,0,0,0,0,0,0
00ADGS0021,E00002163,0,0,0,0,0,0
00ADGF0021,E00001781,0,0,0,0,0,0
00ALGT0026,E00007999,0,0,0,0,0,0
00ALGT0037,E00008010,0,0,0,0,0,0
00ALGT0039,E00008012,0,0,0,0,0,0
00ALGT0034,E00008007,0,0,0,0,0,0
00ALHD0040,E00008400,0,0,0,0,0,0
00ADGF0025,E00001785,0,0,0,0,0,0
00ALHD0039,E00008399,0,0,0,0,0,0
00ALHD0036,E00008396,0,0,0,0,0,0
00ALGT0002,E00007975,0,0,0,0,0,0
00ALGT0035,E00008008,0,0,0,0,0,0
00ALGT0040,E00008013,0,0,0,0,0,0
00ALHE0010,E00008413,0,0,0,0,0,0
00ALGT0036,E00008009,0,0,0,0,0,0
00ALGT0031,E00008004,0,0,0,0,0,0
00ALGT0028,E00008001,0,0,0,0,0,0
00AGGT0029,E00004709,0,0,0,0,0,0
00ALGT0032,E00008005,0,0,0,0,0,0
00ALGT0027,E00008000,0,0,0,0,0,0
00ADGG0031,E00001826,0,0,0,0,0,0
00ADGL0002,E00001939,0,0,0,0,0,0
00ADGL0004,E00001941,0,0,0,0,0,0
00ADGX0031,E00002305,0,0,0,0,0,0
00ADGN0011,E00002016,0,0,0,0,0,0
00ADGN0012,E00002017,0,0,0,0,0,0
00ADGL0032,E00001969,0,0,0,0,0,0
00ADGL0015,E00001952,0,0,0,0,0,0
00ADGL0018,E00001955,0,0,0,0,0,0
00ADGL0034,E00001971,0,0,0,0,0,0
00ADGL0033,E00001970,0,0,0,0,0,0
00ADGL0017,E00001954,0,0,0,0,0,0
00ALHD0041,E00008401,0,0,0,0,0,0
00ALHD0035,E00008395,0,0,0,0,0,0
00ALHD0038,E00008398,0,0,0,0,0,0
00ADGS0019,E00002161,0,0,0,0,0,0
00APGP0022,E00010355,0,0,0,0,0,0
00ALHD0037,E00008397,0,0,0,0,0,0
00ALHD0006,E00008366,0,0,0,0,0,0
00ALHD0029,E00008389,0,0,0,0,0,0
00ALHD0033,E00008393,0,0,0,0,0,0
00ALHD0005,E00008365,0,0,0,0,0,0
00ALHD0034,E00008394,0,0,0,0,0,0
00ALHD0022,E00008382,0,0,0,0,0,0
00ALHF0003,E00008446,0,0,0,0,0,0
00ALHF0040,E00008483,0,0,0,0,0,0
00ALHF0044,E00008487,0,0,0,0,0,0
00ADGM0028,E00001999,0,0,0,0,0,0
00ADGS0025,E00002167,0,0,0,0,0,0
00ADGS0003,E00002145,0,0,0,0,0,0
00ADGS0014,E00002156,0,0,0,0,0,0
00ALHD0028,E00008388,0,0,0,0,0,0
00ALHF0046,E00008489,0,0,0,0,0,0
00ALHF0045,E00008488,0,0,0,0,0,0
00ALHD0015,E00008375,0,0,0,0,0,0
00ALHD0024,E00008384,0,0,0,0,0,0
00ALHD0002,E00008362,0,0,0,0,0,0
00ALHD0013,E00008373,0,0,0,0,0,0
00APGM0029,E00010282,0,0,0,0,0,0
00ALHD0016,E00008376,0,0,0,0,0,0
00ALHD0019,E00008379,0,0,0,0,0,0
00ALHD0032,E00008392,0,0,0,0,0,0
00ALHD0026,E00008386,0,0,0,0,0,0
00ALHD0017,E00008377,0,0,0,0,0,0
00BGFZ0012,E00021271,0,0,0,0,0,0
00ALHD0008,E00008368,0,0,0,0,0,0
00ALHD0011,E00008371,0,0,0,0,0,0
00ALHD0031,E00008391,0,0,0,0,0,0
00ADGS0029,E00002171,0,0,0,0,0,0
00ADGS0024,E00002166,0,0,0,0,0,0
00ADGG0032,E00001827,0,0,0,0,0,0
00ADGF0031,E00001791,0,0,0,0,0,0
00ADGL0031,E00001968,0,0,0,0,0,0
00ALHD0004,E00008364,0,0,0,0,0,0
00ALHD0009,E00008369,0,0,0,0,0,0
00ALHD0023,E00008383,0,0,0,0,0,0
00ALHD0030,E00008390,0,0,0,0,0,0
00ALHD0001,E00008361,0,0,0,0,0,0
00ALHD0043,E00008403,0,0,0,0,0,0
00ALHD0003,E00008363,0,0,0,0,0,0
00ALHD0012,E00008372,0,0,0,0,0,0
00ALHD0014,E00008374,0,0,0,0,0,0
00ALHD0018,E00008378,0,0,0,0,0,0
00ALHD0020,E00008380,0,0,0,0,0,0
00ADGN0016,E00002021,0,0,0,0,0,0
00AQGQ0019,E00011067,0,0,0,0,0,0
00ADGN0001,E00002006,0,0,0,0,0,0
00ADGN0023,E00002028,0,0,0,0,0,0
00AEGS0001,E00002607,0,0,0,0,0,0
00ADGN0022,E00002027,0,0,0,0,0,0
00ADGN0021,E00002026,0,0,0,0,0,0
00ADGN0018,E00002023,0,0,0,0,0,0
00ADGN0020,E00002025,0,0,0,0,0,0
00ADGK0019,E00001922,0,0,0,0,0,0
00ADGN0015,E00002020,0,0,0,0,0,0
00ADGN0013,E00002018,0,0,0,0,0,0
00ADGK0015,E00001918,0,0,0,0,0,0
00ADGK0001,E00001904,0,0,0,0,0,0
00ADGK0009,E00001912,0,0,0,0,0,0
00ADGL0001,E00001938,0,0,0,0,0,0
00ADGP0013,E00002050,0,0,0,0,0,0
00ADGL0003,E00001940,0,0,0,0,0,0
00ADGN0007,E00002012,0,0,0,0,0,0
00ADGH0012,E00001842,0,0,0,0,0,0
00ADGL0027,E00001964,0,0,0,0,0,0
00ADGL0009,E00001946,0,0,0,0,0,0
00ALHG0029,E00008519,0,0,0,0,0,0
00ADGL0014,E00001951,0,0,0,0,0,0
00ADGL0019,E00001956,0,0,0,0,0,0
00ADGN0008,E00002013,0,0,0,0,0,0
00ALHD0025,E00008385,0,0,0,0,0,0
00ALHD0021,E00008381,0,0,0,0,0,0
00ALHG0033,E00008523,0,0,0,0,0,0
00ALHC0002,E00008316,0,0,0,0,0,0
00ADGN0006,E00002011,0,0,0,0,0,0
00ADGN0010,E00002015,0,0,0,0,0,0
00ADGN0003,E00002008,0,0,0,0,0,0
00ADGN0009,E00002014,0,0,0,0,0,0
00ADGK0011,E00001914,0,0,0,0,0,0
00ADGK0008,E00001911,0,0,0,0,0,0
00ALGX0011,E00008111,0,0,0,0,0,0
00ADGK0012,E00001915,0,0,0,0,0,0
00ADGL0029,E00001966,0,0,0,0,0,0
00AQGH0026,E00010873,0,0,0,0,0,0
00ADGN0004,E00002009,0,0,0,0,0,0
00ADGL0024,E00001961,0,0,0,0,0,0
00AEGT0034,E00002672,0,0,0,0,0,0
00ADGL0030,E00001967,0,0,0,0,0,0
00ADGN0032,E00002037,0,0,0,0,0,0
00AGGT0028,E00004708,0,0,0,0,0,1
00ADGK0004,E00001907,0,0,0,0,0,0
00ADGL0028,E00001965,0,0,0,0,0,0
00AGGU0036,E00004758,0,0,0,0,0,1
00ADGL0026,E00001963,0,0,0,0,0,0
00ADGL0025,E00001962,0,0,0,0,0,0
00ADGK0007,E00001910,0,0,0,0,0,0
00ADGK0026,E00001929,0,0,0,0,0,0
00ADGL0020,E00001957,0,0,0,0,0,0
00ADGL0022,E00001959,0,0,0,0,0,0
00ADGK0006,E00001909,0,0,0,0,0,0
00ADGK0032,E00001935,0,0,0,0,0,0
00ADGK0034,E00001937,0,0,0,0,0,0
00ADGG0005,E00001800,0,0,0,0,0,0
00ADGG0016,E00001811,0,0,0,0,0,0
00ADGA0023,E00001613,0,0,0,0,0,0
00ADGA0016,E00001606,0,0,0,0,0,0
00ADGG0001,E00001796,0,0,0,0,0,0
00AGGU0031,E00004753,0,0,0,0,0,1
00ADGG0014,E00001809,0,0,0,0,0,0
00ADGG0015,E00001810,0,0,0,0,0,0
00AGGU0033,E00004755,0,0,0,0,0,1
00ADGG0012,E00001807,0,0,0,0,0,0
00ADGS0026,E00002168,0,0,0,0,0,0
00AGGU0034,E00004756,0,0,0,1,0,1
00ADGG0025,E00001820,0,0,0,0,0,0
00ADGH0002,E00001832,0,0,0,0,0,0
00AGGU0035,E00004757,0,0,0,1,0,1
00ADGK0010,E00001913,0,0,0,0,0,0
00ADGK0013,E00001916,0,0,0,0,0,0
00ADGU0015,E00002222,0,0,0,0,0,0
00ADGK0028,E00001931,0,0,0,0,0,0
00ADGU0010,E00002217,0,0,0,0,0,0
00ADGK0027,E00001930,0,0,0,0,0,0
00ADGK0031,E00001934,0,0,0,0,0,0
00ADGU0013,E00002220,0,0,0,0,0,0
00ADGU0014,E00002221,0,0,0,0,0,0
00ADGU0011,E00002218,0,0,0,0,0,0
00ADGU0016,E00002223,0,0,0,0,0,0
00ADGU0006,E00002213,0,0,0,0,0,0
00ADGU0008,E00002215,0,0,0,0,0,0
00AEGT0053,E00002691,0,0,0,0,0,0
00ADGU0001,E00002208,0,0,0,0,0,0
00ADGU0012,E00002219,0,0,0,0,0,0
00ADGE0003,E00001730,0,0,0,0,0,0
00ADGK0029,E00001932,0,0,0,0,0,0
00ADGL0023,E00001960,0,0,0,0,0,0
00AQGQ0026,E00011074,0,0,0,0,0,0
00ADGU0009,E00002216,0,0,0,0,0,0
00ADGE0025,E00001752,0,0,0,0,0,0
00ADGL0007,E00001944,0,0,0,0,0,0
00ADGL0013,E00001950,0,0,0,0,0,0
00ADGH0031,E00001861,0,0,0,0,0,0
00ADGL0021,E00001958,0,0,0,0,0,0
00ADGL0008,E00001945,0,0,0,0,0,0
00ADGR0012,E00002119,0,0,0,0,0,0
00ADGL0012,E00001949,0,0,0,0,0,0
00ADGH0035,E00001865,0,0,0,0,0,0
00ADGH0036,E00001866,0,0,0,0,0,0
00ADGL0011,E00001948,0,0,0,0,0,0
00ADGL0010,E00001947,0,0,0,0,0,0
00ALHC0009,E00008323,0,0,0,0,0,0
00ADGL0016,E00001953,0,0,0,0,0,0
00ALHC0008,E00008322,0,0,0,0,0,0
00ADGL0005,E00001942,0,0,0,0,0,0
00AGGH0010,E00004291,0,0,0,0,0,0
00ALHC0013,E00008327,0,0,0,0,0,0
00ALHC0001,E00008315,0,0,0,0,0,0
00AGGH0008,E00004289,0,0,0,0,0,0
00ADGU0032,E00002239,0,0,0,0,0,0
00ADGU0025,E00002232,0,0,0,0,0,0
00AQGQ0032,E00011080,0,0,0,0,0,0
00ADGU0005,E00002212,0,0,0,0,0,0
00ADGU0004,E00002211,0,0,0,0,0,0
00ADGU0029,E00002236,0,0,0,0,0,0
00ADGU0031,E00002238,0,0,0,0,0,0
00ADGU0030,E00002237,0,0,0,0,0,0
00ADGU0002,E00002209,0,0,0,0,0,0
00ADGU0024,E00002231,0,0,0,0,0,0
00ADGU0023,E00002230,0,0,0,0,0,0
00AQGQ0033,E00011081,0,0,0,0,0,0
00ADGE0015,E00001742,0,0,0,0,0,0
00ADGE0007,E00001734,0,0,0,0,0,0
00ADGU0027,E00002234,0,0,0,0,0,0
00ADGU0007,E00002214,0,0,0,0,0,0
00ADGE0008,E00001735,0,0,0,0,0,0
00ALGP0037,E00007829,0,0,0,0,0,0
00ADGU0003,E00002210,0,0,0,0,0,0
00ADGU0028,E00002235,0,0,0,0,0,0
00ADGU0026,E00002233,0,0,0,0,0,0
00ADGU0021,E00002228,0,0,0,0,0,0
00ADGU0022,E00002229,0,0,0,0,0,0
00ADGU0019,E00002226,0,0,0,0,0,0
00ADGR0028,E00002135,0,0,0,0,0,0
00ADGR0015,E00002122,0,0,0,0,0,0
00ADGR0022,E00002129,0,0,0,0,0,0
00ALHG0016,E00008506,0,0,0,0,0,0
00ADGU0018,E00002225,0,0,0,0,0,0
00ADGU0017,E00002224,0,0,0,0,0,0
00ADGP0025,E00002062,0,0,0,0,0,0
00ADGU0020,E00002227,0,0,0,0,0,0
00ADGJ0004,E00001870,0,0,0,0,0,0
00ADGJ0013,E00001879,0,0,0,0,0,0
00ALGP0043,E00007835,0,0,0,0,0,0
00ADGJ0011,E00001877,0,0,0,0,0,0
00ADGA0003,E00001593,0,0,0,0,0,0
00ADGT0025,E00002199,0,0,0,0,0,0
00ADGJ0010,E00001876,0,0,0,0,0,0
00ADGR0031,E00002138,0,0,0,0,0,0
00ADGT0024,E00002198,0,0,0,0,0,0
00ADGT0028,E00002202,0,0,0,0,0,0
00ADGF0019,E00001779,0,0,0,0,0,0
00ADGT0008,E00002182,0,0,0,0,0,0
00ADGT0021,E00002195,0,0,0,0,0,0
00ADGD0031,E00001725,0,0,0,0,0,0
00ADGT0010,E00002184,0,0,0,0,0,0
00BBGT0022,E00018217,0,0,0,0,0,0
00ADGT0012,E00002186,0,0,0,0,0,0
00ADGJ0033,E00001899,0,0,0,0,0,0
00ADGA0027,E00001617,0,0,0,0,0,0
00ADGD0001,E00001695,0,0,0,0,0,0
00ADGD0022,E00001716,0,0,0,0,0,0
00BBGT0016,E00018211,0,0,0,0,0,0
00ADGK0025,E00001928,0,0,0,0,0,0
00ADGK0017,E00001920,0,0,0,0,0,0
00ADGF0029,E00001789,0,0,0,0,0,0
00ADGF0001,E00001761,0,0,0,0,0,0
00ALGX0022,E00008122,0,0,0,0,0,0
00ADGT0005,E00002179,0,0,0,0,0,0
00ADGE0033,E00001760,0,0,0,0,0,0
00ADGT0001,E00002175,0,0,0,0,0,0
00ADGT0020,E00002194,0,0,0,0,0,0
00ALHF0031,E00008474,0,0,0,0,0,0
00ALHF0032,E00008475,0,0,0,0,0,0
00ADGT0015,E00002189,0,0,0,0,0,0
00ADGT0018,E00002192,0,0,0,0,0,0
00ADGH0030,E00001860,0,0,0,0,0,0
00ADGT0017,E00002191,0,0,0,0,0,0
00ADGT0007,E00002181,0,0,0,0,0,0
00ADGT0004,E00002178,0,0,0,0,0,0
00ADGT0009,E00002183,0,0,0,0,0,0
00ADGD0019,E00001713,0,0,0,0,0,0
00ADGT0011,E00002185,0,0,0,0,0,0
00ADGT0016,E00002190,0,0,0,0,0,0
00ADGF0017,E00001777,0,0,0,0,0,0
00ADGT0003,E00002177,0,0,0,0,0,0
00ADGT0032,E00002206,0,0,0,0,0,0
00ALHF0018,E00008461,0,0,0,0,0,0
00BGFW0021,E00021161,0,0,0,0,0,0
00ADGD0032,E00001726,0,0,0,0,0,0
00ADGD0021,E00001715,0,0,0,0,0,0
00ADGT0033,E00002207,0,0,0,0,0,0
00ADGD0018,E00001712,0,0,0,0,0,0
00ALGP0040,E00007832,0,0,0,0,0,0
00ADGF0030,E00001790,0,0,0,0,0,0
00ADGF0003,E00001763,0,0,0,0,0,0
00ADGT0031,E00002205,0,0,0,0,0,0
00ADGF0028,E00001788,0,0,0,0,0,0
00ALGP0042,E00007834,0,0,0,0,0,0
00ALGP0019,E00007811,0,0,0,0,0,0
00ADGF0020,E00001780,0,0,0,0,0,0
00ADGF0026,E00001786,0,0,0,0,0,0
00ADGF0023,E00001783,0,0,0,0,0,0
00ADGT0030,E00002204,0,0,0,0,0,0
00ADGF0032,E00001792,0,0,0,0,0,0
00ADGF0002,E00001762,0,0,0,0,0,0
00ADGF0022,E00001782,0,0,0,0,0,0
00ADGA0006,E00001596,0,0,0,0,0,0
00ADGH0010,E00001840,0,0,0,0,0,0
00ADGF0007,E00001767,0,0,0,0,0,0
00ADGH0011,E00001841,0,0,0,0,0,0
00ADGH0022,E00001852,0,0,0,0,0,0
00ADGF0011,E00001771,0,0,0,0,0,0
00ADGB0034,E00001658,0,0,0,0,0,0
00ADGH0025,E00001855,0,0,0,0,0,0
00ADGH0026,E00001856,0,0,0,0,0,0
00ADGH0021,E00001851,0,0,0,0,0,0
00ADGH0014,E00001844,0,0,0,0,0,0
00ADGK0014,E00001917,0,0,0,0,0,0
00ADGK0003,E00001906,0,0,0,0,0,0
00ADGF0018,E00001778,0,0,0,0,0,0
00AQGP0012,E00011031,0,0,0,0,0,0
00ADGF0015,E00001775,0,0,0,0,0,0
00ADGF0024,E00001784,0,0,0,0,0,0
00ADGF0014,E00001774,0,0,0,0,0,0
00ADGF0027,E00001787,0,0,0,0,0,0
00ADGG0002,E00001797,0,0,0,0,0,0
00ADGG0007,E00001802,0,0,0,0,0,0
00ADGK0033,E00001936,0,0,0,0,0,0
00ADGG0008,E00001803,0,0,0,0,0,0
00ADGA0005,E00001595,0,0,0,0,0,0
00ADGF0013,E00001773,0,0,0,0,0,0
00ADGF0016,E00001776,0,0,0,0,0,0
00ADGA0024,E00001614,0,0,0,0,0,0
00ADGA0028,E00001618,0,0,0,0,0,0
00ADGA0031,E00001621,0,0,0,0,0,0
00ADGE0027,E00001754,0,0,0,0,0,0
00ADGA0004,E00001594,0,0,0,0,0,0
00ADGK0005,E00001908,0,0,0,0,0,0
00ALGX0031,E00008131,0,0,0,0,0,0
00ADGK0002,E00001905,0,0,0,0,0,0
00ADGK0030,E00001933,0,0,0,0,0,0
00ALHC0010,E00008324,0,0,0,0,0,0
00ADGE0009,E00001736,0,0,0,0,0,0
00ADGP0030,E00002067,0,0,0,0,0,0
00ADGE0004,E00001731,0,0,0,0,0,0
00ADGE0017,E00001744,0,0,0,0,0,0
00ADGE0010,E00001737,0,0,0,0,0,0
00ADGE0001,E00001728,0,0,0,0,0,0
00ADGE0006,E00001733,0,0,0,0,0,0
00ADGP0027,E00002064,0,0,0,0,0,0
00BKGP0003,E00023882,0,0,0,0,0,0
00ADGF0012,E00001772,0,0,0,0,0,0
00ADGF0006,E00001766,0,0,0,0,0,0
00BKGP0019,E00023898,0,0,0,0,0,0
00ADGF0009,E00001769,0,0,0,0,0,0
00ADGF0008,E00001768,0,0,0,0,0,0
00ALGP0044,E00007836,0,0,0,0,0,0
00ADGF0005,E00001765,0,0,0,0,0,0
00ADGF0035,E00001795,0,0,0,0,0,0
00ACGB0028,E00000796,0,0,0,0,0,0
00ADGF0004,E00001764,0,0,0,0,0,0
00ADGE0002,E00001729,0,0,0,0,0,0
00BKGL0024,E00023797,0,0,0,0,0,0
00ADGF0034,E00001794,0,0,0,0,0,0
00ADGE0030,E00001757,0,0,0,0,0,0
00ADGE0026,E00001753,0,0,0,0,0,0
00AGGT0041,E00004721,0,0,0,1,0,1
00ADGE0029,E00001756,0,0,0,0,0,0
00ADGF0033,E00001793,0,0,0,0,0,0
00ALHE0014,E00008417,0,0,0,0,0,0
00ADGE0032,E00001759,0,0,0,0,0,0
00ADGE0020,E00001747,0,0,0,0,0,0
00ADGX0021,E00002295,0,0,0,0,0,0
00ACGB0023,E00000791,0,0,0,0,0,0
00ADGE0031,E00001758,0,0,0,0,0,0
00ADGA0030,E00001620,0,0,0,0,0,0
00ADGA0022,E00001612,0,0,0,0,0,0
00ADGA0026,E00001616,0,0,0,0,0,0
00ADGA0032,E00001622,0,0,0,0,0,0
00ALGP0033,E00007825,0,0,0,0,0,0
00ADGA0033,E00001623,0,0,0,0,0,0
00ADGF0010,E00001770,0,0,0,0,0,0
00ALHE0016,E00008419,0,0,0,0,0,0
00ADGA0029,E00001619,0,0,0,0,0,0
00ADGA0013,E00001603,0,0,0,0,0,0
00AEGT0037,E00002675,0,0,0,0,0,0
00ADGE0024,E00001751,0,0,0,0,0,0
00ADGA0012,E00001602,0,0,0,0,0,0
00AEHB0011,E00002940,0,0,0,0,0,0
00ADGE0028,E00001755,0,0,0,0,0,0
00ADGG0022,E00001817,0,0,0,0,0,0
00ADGA0021,E00001611,0,0,0,0,0,0
00ADGA0020,E00001610,0,0,0,0,0,0
00ADGA0019,E00001609,0,0,0,0,0,0
00ADGE0005,E00001732,0,0,0,0,0,0
00ADGE0023,E00001750,0,0,0,0,0,0
00ADGE0018,E00001745,0,0,0,0,0,0
00ADGS0028,E00002170,0,0,0,0,0,0
00AEGT0029,E00002667,0,0,0,0,0,0
00ADGS0030,E00002172,0,0,0,0,0,0
00ADGS0020,E00002162,0,0,0,0,0,0
00ADGG0020,E00001815,0,0,0,0,0,0
00AEGT0022,E00002660,0,0,0,0,0,0
00ADGE0022,E00001749,0,0,0,0,0,0
00ADGE0019,E00001746,0,0,0,0,0,0
00AQGC0023,E00010713,0,0,0,0,0,0
00ADGS0009,E00002151,0,0,0,0,0,0
00ADGE0012,E00001739,0,0,0,0,0,0
00ADGS0008,E00002150,0,0,0,0,0,0
00ADGG0003,E00001798,0,0,0,0,0,0
00ADGA0007,E00001597,0,0,0,0,0,0
00ADGG0011,E00001806,0,0,0,0,0,0
00ADGS0010,E00002152,0,0,0,0,0,0
00ADGS0006,E00002148,0,0,0,0,0,0
00ADGS0002,E00002144,0,0,0,0,0,0
00ADGS0007,E00002149,0,0,0,0,0,0
00ADGS0022,E00002164,0,0,0,0,0,0
00ADGS0027,E00002169,0,0,0,0,0,0
00ADGS0016,E00002158,0,0,0,0,0,0
00ADGS0032,E00002174,0,0,0,0,0,0
00ADGS0001,E00002143,0,0,0,0,0,0
00ADGA0034,E00001624,0,0,0,0,0,0
00ADGH0017,E00001847,0,0,0,0,0,0
00ADGH0007,E00001837,0,0,0,0,0,0
00AEGT0021,E00002659,0,0,0,0,0,0
00ADGH0003,E00001833,0,0,0,0,0,0
00ADGH0008,E00001838,0,0,0,0,0,0
00ADGH0013,E00001843,0,0,0,0,0,0
00ADGH0009,E00001839,0,0,0,0,0,0
00ADGH0005,E00001835,0,0,0,0,0,0
00ADGA0025,E00001615,0,0,0,0,0,0
00ADGA0002,E00001592,0,0,0,0,0,0
00ADGR0029,E00002136,0,0,0,0,0,0
00ADGA0011,E00001601,0,0,0,0,0,0
00ADGH0033,E00001863,0,0,0,0,0,0
00ADGH0001,E00001831,0,0,0,0,0,0
00ADGH0028,E00001858,0,0,0,0,0,0
00ADGA0014,E00001604,0,0,0,0,0,0
00ADGA0018,E00001608,0,0,0,0,0,0
00ADGG0023,E00001818,0,0,0,0,0,0
00ADGG0017,E00001812,0,0,0,0,0,0
00ADGG0021,E00001816,0,0,0,0,0,0
00ADGA0017,E00001607,0,0,0,0,0,0
00ADGH0029,E00001859,0,0,0,0,0,0
00ADGA0015,E00001605,0,0,0,0,0,0
00ADGR0030,E00002137,0,0,0,0,0,0
00ADGG0018,E00001813,0,0,0,0,0,0
00ADGG0034,E00001829,0,0,0,0,0,0
00ADGR0026,E00002133,0,0,0,0,0,0
00ADGR0027,E00002134,0,0,0,0,0,0
00ADGR0019,E00002126,0,0,0,0,0,0
00BKGL0022,E00023795,0,0,0,0,0,0
00ADGH0032,E00001862,0,0,0,0,0,0
00ADGH0034,E00001864,0,0,0,0,0,0
00ADGG0013,E00001808,0,0,0,0,0,0
00ADGG0004,E00001799,0,0,0,0,0,0
00ADGG0009,E00001804,0,0,0,0,0,0
00ADGG0019,E00001814,0,0,0,0,0,0
00ADGR0024,E00002131,0,0,0,0,0,0
00ADGG0010,E00001805,0,0,0,0,0,0
00ADGR0014,E00002121,0,0,0,0,0,0
00ALGX0014,E00008114,0,0,0,0,0,0
00ADGG0028,E00001823,0,0,0,0,0,0
00ADGG0030,E00001825,0,0,0,0,0,0
00BKGL0021,E00023794,0,0,0,0,0,0
00ADGG0035,E00001830,0,0,0,0,0,0
00ADGG0024,E00001819,0,0,0,0,0,0
00ADGR0001,E00002108,0,0,0,0,0,0
00ADGG0029,E00001824,0,0,0,0,0,0
00ADGG0026,E00001821,0,0,0,0,0,0
00ADGG0027,E00001822,0,0,0,0,0,0
00ADGG0033,E00001828,0,0,0,0,0,0
00ALGX0039,E00008139,0,0,0,0,0,0
00ALGX0045,E00008145,0,0,0,0,0,0
00BKGA0003,E00023414,0,0,0,0,0,0
00ADGR0016,E00002123,0,0,0,0,0,0
00ADGR0020,E00002127,0,0,0,0,0,0
00ADGR0009,E00002116,0,0,0,0,0,0
00ADGR0013,E00002120,0,0,0,0,0,0
00ALGX0046,E00008146,0,0,0,0,0,0
00BKGA0010,E00023421,0,0,0,0,0,0
00ADGR0002,E00002109,0,0,0,0,0,0
00ADGR0008,E00002115,0,0,0,0,0,0
00ADGR0004,E00002111,0,0,0,0,0,0
00ALHF0004,E00008447,0,0,0,0,0,0
00ALHF0042,E00008485,0,0,0,0,0,0
00ALGX0043,E00008143,0,0,0,0,0,0
00ALHF0016,E00008459,0,0,0,0,0,0
00ALHF0001,E00008444,0,0,0,0,0,0
00ALHF0039,E00008482,0,0,0,0,0,0
00ALHF0002,E00008445,0,0,0,0,0,0
00ALHF0035,E00008478,0,0,0,0,0,0
00ALHD0042,E00008402,0,0,0,0,0,0
00ALGX0044,E00008144,0,0,0,0,0,0
00ALHD0007,E00008367,0,0,0,0,0,0
00ALHF0024,E00008467,0,0,0,0,0,0
00ALHF0025,E00008468,0,0,0,0,0,0
00ALHF0026,E00008469,0,0,0,0,0,0
00ALHD0010,E00008370,0,0,0,0,0,0
00ALHF0041,E00008484,0,0,0,0,0,0
00ALHF0043,E00008486,0,0,0,0,0,0
00ALHC0006,E00008320,0,0,0,0,0,0
00ALHC0045,E00008359,0,0,0,0,0,0
00ALHF0034,E00008477,0,0,0,0,0,0
00ALHF0037,E00008480,0,0,0,0,0,0
00ALHF0038,E00008481,0,0,0,0,0,0
00ALHF0030,E00008473,0,0,0,0,0,0
00BKGA0012,E00023423,0,0,0,0,0,0
00ALGX0005,E00008105,0,0,0,0,0,0
00ALGX0023,E00008123,0,0,0,0,0,0
00AUGK0001,E00013872,0,0,0,0,0,0
00ALHC0011,E00008325,0,0,0,0,0,0
00ALHG0043,E00008533,0,0,0,0,0,0
00ALHF0022,E00008465,0,0,0,0,0,0
00ALGX0012,E00008112,0,0,0,0,0,0
00ALHG0002,E00008492,0,0,0,0,0,0
00ALHG0018,E00008508,0,0,0,0,0,0
00ALHG0028,E00008518,0,0,0,0,0,0
00ALGX0036,E00008136,0,0,0,0,0,0
00ALHF0015,E00008458,0,0,0,0,0,0
00ALHF0023,E00008466,0,0,0,0,0,0
00ALHF0029,E00008472,0,0,0,0,0,0
00ALHF0027,E00008470,0,0,0,0,0,0
00ALHF0019,E00008462,0,0,0,0,0,0
00ALHF0006,E00008449,0,0,0,0,0,0
00ALHF0021,E00008464,0,0,0,0,0,0
00ALGX0007,E00008107,0,0,0,0,0,0
00ALGX0010,E00008110,0,0,0,0,0,0
00ALHF0005,E00008448,0,0,0,0,0,0
00ALHF0017,E00008460,0,0,0,0,0,0
00ALGX0027,E00008127,0,0,0,0,0,0
00ALHF0028,E00008471,0,0,0,0,0,0
00ALHF0033,E00008476,0,0,0,0,0,0
00ALHF0007,E00008450,0,0,0,0,0,0
00ALHG0019,E00008509,0,0,0,0,0,0
00ALHG0027,E00008517,0,0,0,0,0,0
00ALHG0024,E00008514,0,0,0,0,0,0
00ALHF0020,E00008463,0,0,0,0,0,0
00ALGX0041,E00008141,0,0,0,0,0,0
00ALHF0012,E00008455,0,0,0,0,0,0
00ALHF0011,E00008454,0,0,0,0,0,0
00ALGX0020,E00008120,0,0,0,0,0,0
00ALGX0003,E00008103,0,0,0,0,0,0
00ALHF0008,E00008451,0,0,0,0,0,0
00ALGX0038,E00008138,0,0,0,0,0,0
00ALHF0009,E00008452,0,0,0,0,0,0
00ALHF0014,E00008457,0,0,0,0,0,0
00ALGX0042,E00008142,0,0,0,0,0,0
00ALGX0004,E00008104,0,0,0,0,0,0
00ALHC0019,E00008333,0,0,0,0,0,0
00ALHC0035,E00008349,0,0,0,0,0,0
00ALGX0013,E00008113,0,0,0,0,0,0
00ALGX0016,E00008116,0,0,0,0,0,0
00ALGX0026,E00008126,0,0,0,0,0,0
00ALGX0029,E00008129,0,0,0,0,0,0
00ALGX0021,E00008121,0,0,0,0,0,0
00BGFW0032,E00021172,0,0,0,0,0,0
00ALGX0037,E00008137,0,0,0,0,0,0
00ALGX0024,E00008124,0,0,0,0,0,0
00ALGX0009,E00008109,0,0,0,0,0,0
00ALGX0015,E00008115,0,0,0,0,0,0
00ALGX0018,E00008118,0,0,0,0,0,0
00ALGX0002,E00008102,0,0,0,0,0,0
00ALGX0019,E00008119,0,0,0,0,0,0
00BGGE0021,E00021459,0,0,0,0,0,0
00ALGX0028,E00008128,0,0,0,0,0,0
00ALGX0001,E00008101,0,0,0,0,0,0
00ALHC0029,E00008343,0,0,0,0,0,0
00ALHC0032,E00008346,0,0,0,0,0,0
00ALHC0026,E00008340,0,0,0,0,0,0
00ALHC0017,E00008331,0,0,0,0,0,0
00ALHC0025,E00008339,0,0,0,0,0,0
00ALHC0016,E00008330,0,0,0,0,0,0
00ALGX0006,E00008106,0,0,0,0,0,0
00ALGX0008,E00008108,0,0,0,0,0,0
00ALHC0031,E00008345,0,0,0,0,0,0
00BBGT0021,E00018216,0,0,0,0,0,0
00ALHC0022,E00008336,0,0,0,0,0,0
00ALHG0014,E00008504,0,0,0,0,0,0
00ACGF0036,E00001001,0,0,0,0,0,0
00BBGT0017,E00018212,0,0,0,0,0,0
00BBGT0018,E00018213,0,0,0,0,0,0
00BBGT0015,E00018210,0,0,0,0,0,0
00BBGT0020,E00018215,0,0,0,0,0,0
00BBGT0019,E00018214,0,0,0,0,0,0
00ALGX0033,E00008133,0,0,0,0,0,0
00ALGX0034,E00008134,0,0,0,0,0,0
00AEGT0052,E00002690,0,0,0,0,0,0
00ALGX0035,E00008135,0,0,0,0,0,0
00ALHE0024,E00008427,0,0,0,0,0,0
00ALHE0003,E00008406,0,0,0,0,0,0
00ALHE0023,E00008426,0,0,0,0,0,0
00ADGM0004,E00001975,0,0,0,0,0,0
00ALHE0022,E00008425,0,0,0,0,0,0
00ALGX0032,E00008132,0,0,0,0,0,0
00ALHE0017,E00008420,0,0,0,0,0,0
00ALHE0020,E00008423,0,0,0,0,0,0
00ALHC0007,E00008321,0,0,0,0,0,0
00ADGP0019,E00002056,0,0,0,0,0,0
00ALHC0042,E00008356,0,0,0,0,0,0
00ALHC0044,E00008358,0,0,0,0,0,0
00ALHC0046,E00008360,0,0,0,0,0,0
00ALHC0012,E00008326,0,0,0,0,0,0
00AGGF0030,E00004230,0,0,0,0,0,0
00ADGP0023,E00002060,0,0,0,0,0,0
00ALHC0043,E00008357,0,0,0,0,0,0
00ADGP0016,E00002053,0,0,0,0,0,0
00ALGP0005,E00007797,0,0,0,0,0,0
00ALGP0028,E00007820,0,0,0,0,0,0
00ALHC0037,E00008351,0,0,0,0,0,0
00ALHC0040,E00008354,0,0,0,0,0,0
00ALHC0038,E00008352,0,0,0,0,0,0
00AGGT0022,E00004702,0,0,0,0,0,0
00ALHC0003,E00008317,0,0,0,0,0,0
00ALHC0030,E00008344,0,0,0,0,0,0
00AGGJ0018,E00004337,0,0,0,0,0,0
00ALHC0021,E00008335,0,0,0,0,0,0
00ALHE0002,E00008405,0,0,0,0,0,0
00ALHC0005,E00008319,0,0,0,0,0,0
00ALHC0014,E00008328,0,0,0,0,0,0
00ALHC0036,E00008350,0,0,0,0,0,0
00ALHC0039,E00008353,0,0,0,0,0,0
00ALHC0041,E00008355,0,0,0,0,0,0
00ALHC0004,E00008318,0,0,0,0,0,0
00ALHC0027,E00008341,0,0,0,0,0,0
00ALHC0018,E00008332,0,0,0,0,0,0
00ALHC0028,E00008342,0,0,0,0,0,0
00ALHC0034,E00008348,0,0,0,0,0,0
00AEHA0016,E00002898,0,0,0,0,0,0
00ALHC0020,E00008334,0,0,0,0,0,0
00ALHC0015,E00008329,0,0,0,0,0,0
00ALHC0033,E00008347,0,0,0,0,0,0
00AEGQ0017,E00002547,0,0,0,0,0,0
00ALHC0023,E00008337,0,0,0,0,0,0
00ALGP0004,E00007796,0,0,0,0,0,0
00ALGP0010,E00007802,0,0,0,0,0,0
00AEHA0013,E00002895,0,0,0,0,0,0
00ALGP0020,E00007812,0,0,0,0,0,0
00ALGP0025,E00007817,0,0,0,0,0,0
00ALGP0002,E00007794,0,0,0,0,0,0
00ALGP0013,E00007805,0,0,0,0,0,0
00ALGP0026,E00007818,0,0,0,0,0,0
00ALGP0018,E00007810,0,0,0,0,0,0
00ALGP0011,E00007803,0,0,0,0,0,0
00ALGP0015,E00007807,0,0,0,0,0,0
00ALHC0024,E00008338,0,0,0,0,0,0
00AGGM0031,E00004471,0,0,0,0,0,0
00ALGP0022,E00007814,0,0,0,0,0,0
00ALGP0003,E00007795,0,0,0,0,0,0
00ALGP0016,E00007808,0,0,0,0,0,0
00ALGP0008,E00007800,0,0,0,0,0,0
00ALGP0001,E00007793,0,0,0,0,0,0
00ALGP0014,E00007806,0,0,0,0,0,0
00ALGP0021,E00007813,0,0,0,0,0,0
00ALGP0012,E00007804,0,0,0,0,0,0
00ADGP0010,E00002047,0,0,0,0,0,0
00ALGP0006,E00007798,0,0,0,0,0,0
00ALGP0036,E00007828,0,0,0,0,0,0
00AEGL0027,E00002409,0,0,0,0,0,0
00ADGB0013,E00001637,0,0,0,0,0,0
00ALGP0046,E00007838,0,0,0,0,0,0
00ALGP0007,E00007799,0,0,0,0,0,0
00ALHE0001,E00008404,0,0,0,0,0,0
00ALHE0011,E00008414,0,0,0,0,0,0
00ADGB0017,E00001641,0,0,0,0,0,0
00ADGB0030,E00001654,0,0,0,0,0,0
00ADGP0012,E00002049,0,0,0,0,0,0
00ADGB0028,E00001652,0,0,0,0,0,0
00ADGB0029,E00001653,0,0,0,0,0,0
00ADGB0021,E00001645,0,0,0,0,0,0
00ALGP0041,E00007833,0,0,0,0,0,0
00ADGB0004,E00001628,0,0,0,0,0,0
00ALGP0035,E00007827,0,0,0,0,0,0
00ALGP0038,E00007830,0,0,0,0,0,0
00ALGP0039,E00007831,0,0,0,0,0,0
00ALGP0045,E00007837,0,0,0,0,0,0
00AMGG0015,E00008769,0,0,0,0,0,0
00ALGP0034,E00007826,0,0,0,0,0,0
00ADGP0011,E00002048,0,0,0,0,0,0
00ADGX0023,E00002297,0,0,0,0,0,0
00ADGP0032,E00002069,0,0,0,0,0,0
00ADGP0003,E00002040,0,0,0,0,0,0
00ADGP0004,E00002041,0,0,0,0,0,0
00ADGP0005,E00002042,0,0,0,0,0,0
00ALGP0029,E00007821,0,0,0,0,0,0
00ADGP0006,E00002043,0,0,0,0,0,0
00ADGP0035,E00002072,0,0,0,0,0,0
00ADGX0035,E00002309,0,0,0,0,0,0
00AMGG0036,E00008790,0,0,0,0,0,0
00ADGP0034,E00002071,0,0,0,0,0,0
00ADGP0033,E00002070,0,0,0,0,0,0
00ADGP0031,E00002068,0,0,0,0,0,0
00BGGE0027,E00021465,0,0,0,0,0,0
00ALGP0031,E00007823,0,0,0,0,0,0
00ALGP0032,E00007824,0,0,0,0,0,0
00ALGP0030,E00007822,0,0,0,0,0,0
00AGGM0037,E00004477,0,0,0,0,0,0
00ADGX0002,E00002276,0,0,0,0,0,0
00ADGX0024,E00002298,0,0,0,0,0,0
00ADGM0027,E00001998,0,0,0,0,0,0
00ADGM0019,E00001990,0,0,0,0,0,0
00BGGE0025,E00021463,0,0,0,0,0,0
00ADGB0027,E00001651,0,0,0,0,0,0
00ADGX0006,E00002280,0,0,0,0,0,0
00ADGX0001,E00002275,0,0,0,0,0,0
00AEGQ0038,E00002568,0,0,0,0,0,0
00ALHE0019,E00008422,0,0,0,0,0,0
00BBGB0008,E00017610,0,0,0,0,0,0
00BBGB0018,E00017620,0,0,0,0,0,0
00BBGB0006,E00017608,0,0,0,0,0,0
00BBGB0023,E00017625,0,0,0,0,0,0
00BBGJ0014,E00017871,0,0,0,0,0,0
00BBGB0016,E00017618,0,0,0,0,0,0
00BBGB0010,E00017612,0,0,0,0,0,0
00BBGB0031,E00017633,0,0,0,0,0,0
00BBGJ0027,E00017884,0,0,0,0,0,0
00BBGJ0030,E00017887,0,0,0,0,0,0
00BBGB0004,E00017606,0,0,0,0,0,0
00BBGB0009,E00017611,0,0,0,0,0,0
00BBGJ0031,E00017888,0,0,0,0,0,0
00BBGB0020,E00017622,0,0,0,0,0,0
00BBGB0002,E00017604,0,0,0,0,0,0
00BBGB0005,E00017607,0,0,0,0,0,0
00ADGB0019,E00001643,0,0,0,0,0,0
00BBGB0007,E00017609,0,0,0,0,0,0
00BBGB0040,E00017642,0,0,0,0,0,0
00BBGB0024,E00017626,0,0,0,0,0,0
00BBGB0039,E00017641,0,0,0,0,0,0
00BBGB0037,E00017639,0,0,0,0,0,0
00BBGB0021,E00017623,0,0,0,0,0,0
00BBGB0033,E00017635,0,0,0,0,0,0
00BBGB0036,E00017638,0,0,0,0,0,0
00BBGJ0008,E00017865,0,0,0,0,0,0
00ADGM0002,E00001973,0,0,0,0,0,0
00ADGB0018,E00001642,0,0,0,0,0,0
00ALHE0021,E00008424,0,0,0,0,0,0
00ADGM0003,E00001974,0,0,0,0,0,0
00ALHE0007,E00008410,0,0,0,0,0,0
00ALHE0018,E00008421,0,0,0,0,0,0
00ALHE0009,E00008412,0,0,0,0,0,0
00ALHE0013,E00008416,0,0,0,0,0,0
00ADGX0003,E00002277,0,0,0,0,0,0
00ADGB0020,E00001644,0,0,0,0,0,0
00ADGM0017,E00001988,0,0,0,0,0,0
00ADGM0016,E00001987,0,0,0,0,0,0
00AJGK0017,E00006286,0,0,0,0,0,0
00ADGM0014,E00001985,0,0,0,0,0,0
00ADGP0007,E00002044,0,0,0,0,0,0
00ADGX0005,E00002279,0,0,0,0,0,0
00ALHE0040,E00008443,0,0,0,0,0,0
00ALHE0039,E00008442,0,0,0,0,0,0
00ALHE0034,E00008437,0,0,0,0,0,0
00ALHE0026,E00008429,0,0,0,0,0,0
00ALHE0032,E00008435,0,0,0,0,0,0
00ALHE0015,E00008418,0,0,0,0,0,0
00ALHE0033,E00008436,0,0,0,0,0,0
00ALHE0005,E00008408,0,0,0,0,0,0
00ALHE0038,E00008441,0,0,0,0,0,0
00AJGT0013,E00006609,0,0,0,0,0,0
00ALHE0030,E00008433,0,0,0,0,0,0
00ALHE0036,E00008439,0,0,0,0,0,0
00ALHE0037,E00008440,0,0,0,0,0,0
00AQGC0017,E00010707,0,0,0,0,0,0
00ADGX0015,E00002289,0,0,0,0,0,0
00ADGX0018,E00002292,0,0,0,0,0,0
00ALHE0008,E00008411,0,0,0,0,0,0
00ALHE0006,E00008409,0,0,0,0,0,0
00ADGX0019,E00002293,0,0,0,0,0,0
00ADGX0017,E00002291,0,0,0,0,0,0
00ALHE0028,E00008431,0,0,0,0,0,0
00ADGX0009,E00002283,0,0,0,0,0,0
00ALHE0029,E00008432,0,0,0,0,0,0
00ALHE0025,E00008428,0,0,0,0,0,0
00ADGX0008,E00002282,0,0,0,0,0,0
00ADGX0016,E00002290,0,0,0,0,0,0
00ADGX0010,E00002284,0,0,0,0,0,0
00ADGX0013,E00002287,0,0,0,0,0,0
00ADGX0011,E00002285,0,0,0,0,0,0
00AEGQ0005,E00002535,0,0,0,0,0,0
00ADGP0022,E00002059,0,0,0,0,0,0
00ADGP0024,E00002061,0,0,0,0,0,0
00ADGS0017,E00002159,0,0,0,0,0,0
00ADGP0021,E00002058,0,0,0,0,0,0
00ADGS0012,E00002154,0,0,0,0,0,0
00ADGS0018,E00002160,0,0,0,0,0,0
00ADGP0002,E00002039,0,0,0,0,0,0
00ADGX0007,E00002281,0,0,0,0,0,0
00ADGP0018,E00002055,0,0,0,0,0,0
00ADGP0014,E00002051,0,0,0,0,0,0
00ADGS0013,E00002155,0,0,0,0,0,0
00ADGM0005,E00001976,0,0,0,0,0,0
00AGGM0028,E00004468,0,0,0,0,0,0
00ADGP0001,E00002038,0,0,0,0,0,0
00ADGP0020,E00002057,0,0,0,0,0,0
00ADGB0032,E00001656,0,0,0,0,0,0
00ADGP0017,E00002054,0,0,0,0,0,0
00ADGP0008,E00002045,0,0,0,0,0,0
00ADGP0009,E00002046,0,0,0,0,0,0
00ADGX0028,E00002302,0,0,0,0,0,0
00AEGT0040,E00002678,0,0,0,0,0,0
00ADGX0030,E00002304,0,0,0,0,0,0
00ADGB0002,E00001626,0,0,0,0,0,0
00AEGT0042,E00002680,0,0,0,0,0,0
00ADGB0006,E00001630,0,0,0,0,0,0
00ADGB0007,E00001631,0,0,0,0,0,0
00ADGR0032,E00002139,0,0,0,0,0,0
00ADGB0035,E00001659,0,0,0,0,0,0
00ADGB0036,E00001660,0,0,0,0,0,0
00ADGB0037,E00001661,0,0,0,0,0,0
00ADGB0005,E00001629,0,0,0,0,0,0
00ADGB0026,E00001650,0,0,0,0,0,0
00ADGB0022,E00001646,0,0,0,0,0,0
00AGGM0036,E00004476,0,0,0,0,0,0
00ADGB0024,E00001648,0,0,0,0,0,0
00ADGB0025,E00001649,0,0,0,0,0,0
00ADGR0011,E00002118,0,0,0,0,0,0
00ADGB0023,E00001647,0,0,0,0,0,0
00ADGB0016,E00001640,0,0,0,0,0,0
00ADGB0003,E00001627,0,0,0,0,0,0
00AGGM0021,E00004461,0,0,0,0,0,0
00ADGB0033,E00001657,0,0,0,0,0,0
00ADGB0031,E00001655,0,0,0,0,0,0
00ADGB0001,E00001625,0,0,0,0,0,0
00ADGM0024,E00001995,0,0,0,0,0,0
00ADGM0025,E00001996,0,0,0,0,0,0
00ADGM0031,E00002002,0,0,0,0,0,0
00AGGK0012,E00004373,0,0,0,0,0,0
00AQGP0009,E00011028,0,0,0,0,0,0
00ADGX0033,E00002307,0,0,0,0,0,0
00ADGX0027,E00002301,0,0,0,0,0,0
00ADGX0029,E00002303,0,0,0,0,0,0
00ADGX0032,E00002306,0,0,0,0,0,0
00ADGX0025,E00002299,0,0,0,0,0,0
00ADGB0012,E00001636,0,0,0,0,0,0
00ADGX0034,E00002308,0,0,0,0,0,0
00ADGM0029,E00002000,0,0,0,0,0,0
00ADGM0022,E00001993,0,0,0,0,0,0
00ADGM0015,E00001986,0,0,0,0,0,0
00AQGC0025,E00010715,0,0,0,0,0,0
00ADGM0021,E00001992,0,0,0,0,0,0
00ADGM0018,E00001989,0,0,0,0,0,0
00ADGB0014,E00001638,0,0,0,0,0,0
00ADGB0015,E00001639,0,0,0,0,0,0
00ADGM0012,E00001983,0,0,0,0,0,0
00ADGB0009,E00001633,0,0,0,0,0,0
00ADGB0010,E00001634,0,0,0,0,0,0
00ADGB0011,E00001635,0,0,0,0,0,0
00ADGM0007,E00001978,0,0,0,0,0,0
00ADGM0006,E00001977,0,0,0,0,0,0
00AGGM0020,E00004460,0,0,0,0,0,0
00ADGM0011,E00001982,0,0,0,0,0,0
00ADGM0009,E00001980,0,0,0,0,0,0
00ADGR0033,E00002140,0,0,0,0,0,0
00AGGM0019,E00004459,0,0,0,0,0,0
00ADGR0034,E00002141,0,0,0,0,0,0
00ADGM0034,E00002005,0,0,0,0,0,0
00ADGM0020,E00001991,0,0,0,0,0,0
00ADGM0010,E00001981,0,0,0,0,0,0
00ADGM0033,E00002004,0,0,0,0,0,0
00AGGM0023,E00004463,0,0,0,0,0,0
00ADGM0008,E00001979,0,0,0,0,0,0
00ADGM0026,E00001997,0,0,0,0,0,0
00ADGM0030,E00002001,0,0,0,0,0,0
00ADGM0032,E00002003,0,0,0,0,0,0
00AGGM0002,E00004442,0,0,0,0,0,0
00AJGS0041,E00006595,0,0,0,0,0,0
00AJGS0015,E00006569,0,0,0,0,0,0
00ADGM0023,E00001994,0,0,0,0,0,0
00ADGM0001,E00001972,0,0,0,0,0,0
00ADGB0008,E00001632,0,0,0,0,0,0
00ADGX0020,E00002294,0,0,0,0,0,0
00ADGX0014,E00002288,0,0,0,0,0,0
00ADGX0012,E00002286,0,0,0,0,0,0
00ADGX0004,E00002278,0,0,0,0,0,0
00ARGT0042,E00011861,0,0,0,0,0,0
00AGGJ0014,E00004333,0,0,0,0,0,0
00ARGQ0035,E00011726,0,0,0,0,0,0
00ARGQ0033,E00011724,0,0,0,0,0,0
00ARGQ0037,E00011728,0,0,0,0,0,0
00ARGQ0038,E00011729,0,0,0,0,0,0
00ARGQ0029,E00011720,0,0,0,0,0,0
00AGGW0009,E00004774,0,0,0,0,0,0
00ARGQ0036,E00011727,0,0,0,0,0,0
00ARGQ0031,E00011722,0,0,0,0,0,0
00ARGQ0002,E00011693,0,0,0,0,0,0
00ARGQ0027,E00011718,0,0,0,0,0,0
00ARGQ0026,E00011717,0,0,0,0,0,0
00AGGL0039,E00004439,0,0,0,0,0,0
00ARGQ0001,E00011692,0,0,0,0,0,0
00ARGQ0023,E00011714,0,0,0,0,0,0
00ARGQ0024,E00011715,0,0,0,0,0,0
00ARGQ0028,E00011719,0,0,0,0,0,0
00AJGK0023,E00006292,0,0,0,0,0,0
00AJGT0001,E00006597,0,0,0,0,0,0
00AJGK0025,E00006294,0,0,0,0,0,0
00AJGK0020,E00006289,0,0,0,0,0,0
00AJGK0021,E00006290,0,0,0,0,0,0
00AGGD0025,E00004144,0,0,0,0,0,0
00AJGK0022,E00006291,0,0,0,0,0,0
00AJGL0030,E00006342,0,0,0,0,0,0
00AEHA0030,E00002912,0,0,0,0,0,0
00AJGK0029,E00006298,0,0,0,0,0,0
00AJGK0018,E00006287,0,0,0,0,0,0
00AGGH0021,E00004302,0,0,0,0,0,0
00AJGK0016,E00006285,0,0,0,0,0,0
00AJGL0028,E00006340,0,0,0,0,0,0
00AJGK0013,E00006282,0,0,0,0,0,0
00AJGL0029,E00006341,0,0,0,0,0,0
00AJGK0024,E00006293,0,0,0,0,0,0
00AJGL0027,E00006339,0,0,0,0,0,0
00AJGT0004,E00006600,0,0,0,0,0,0
00AJGT0010,E00006606,0,0,0,0,0,0
00AJGT0009,E00006605,0,0,0,0,0,0
00AJGS0039,E00006593,0,0,0,0,0,0
00AJGS0023,E00006577,0,0,0,0,0,0
00AJGK0012,E00006281,0,0,0,0,0,0
00AJGK0009,E00006278,0,0,0,0,0,0
00AJGK0014,E00006283,0,0,0,0,0,0
00AJGK0003,E00006272,0,0,0,0,0,0
00AJGK0005,E00006274,0,0,0,0,0,0
00AEGU0037,E00002728,0,0,0,0,0,0
00AJGK0011,E00006280,0,0,0,0,0,0
00AJGK0010,E00006279,0,0,0,0,0,0
00AJGK0004,E00006273,0,0,0,0,0,0
00AEHC0006,E00002973,0,0,0,0,0,0
00AJGK0006,E00006275,0,0,0,0,0,0
00AJGK0002,E00006271,0,0,0,0,0,0
00AJGS0005,E00006559,0,0,0,0,0,0
00AJGL0016,E00006328,0,0,0,0,0,0
00AJGS0006,E00006560,0,0,0,0,0,0
00AJGK0007,E00006276,0,0,0,0,0,0
00AJGS0003,E00006557,0,0,0,0,0,0
00AJGS0004,E00006558,0,0,0,0,0,0
00AJGK0043,E00006312,0,0,0,0,0,0
00AJGL0022,E00006334,0,0,0,0,0,0
00AMGU0015,E00009203,0,0,0,0,0,0
00AJGK0008,E00006277,0,0,0,0,0,0
00AJGK0015,E00006284,0,0,0,0,0,0
00AJGL0015,E00006327,0,0,0,0,0,0
00AJGL0025,E00006337,0,0,0,0,0,0
00AJGL0026,E00006338,0,0,0,0,0,0
00AJGL0012,E00006324,0,0,0,0,0,0
00AJGL0023,E00006335,0,0,0,0,0,0
00AJGL0020,E00006332,0,0,0,0,0,0
00AJGS0038,E00006592,0,0,0,0,0,0
00AJGS0025,E00006579,0,0,0,0,0,0
00AJGL0017,E00006329,0,0,0,0,0,0
00AJGL0010,E00006322,0,0,0,0,0,0
00AJGS0032,E00006586,0,0,0,0,0,0
00AJGS0027,E00006581,0,0,0,0,0,0
00AJGS0018,E00006572,0,0,0,0,0,0
00AJGL0013,E00006325,0,0,0,0,0,0
00AJGL0019,E00006331,0,0,0,0,0,0
00AEHD0021,E00003021,0,0,0,0,0,0
00AJGL0014,E00006326,0,0,0,0,0,0
00AJGS0002,E00006556,0,0,0,0,0,0
00AGGD0005,E00004124,0,0,0,0,0,0
00AJGS0029,E00006583,0,0,0,0,0,0
00AJGS0037,E00006591,0,0,0,0,0,0
00AJGS0001,E00006555,0,0,0,0,0,0
00AJGS0042,E00006596,0,0,0,0,0,0
00AJGS0035,E00006589,0,0,0,0,0,0
00AJGS0013,E00006567,0,0,0,0,0,0
00AEGK0017,E00002360,0,0,0,0,0,0
00AQGR0023,E00011104,0,0,0,0,0,0
00AQGR0021,E00011102,0,0,0,0,0,0
00AJGS0011,E00006565,0,0,0,0,0,0
00AEGT0018,E00002656,0,0,0,0,0,0
00AJGS0014,E00006568,0,0,0,0,0,0
00AJGS0026,E00006580,0,0,0,0,0,0
00AJGS0021,E00006575,0,0,0,0,0,0
00AEGT0012,E00002650,0,0,0,0,0,0
00AJGS0022,E00006576,0,0,0,0,0,0
00AJGS0008,E00006562,0,0,0,0,0,0
00AJGS0010,E00006564,0,0,0,0,0,0
00AJGL0009,E00006321,0,0,0,0,0,0
00AJGL0006,E00006318,0,0,0,0,0,0
00AJGS0033,E00006587,0,0,0,0,0,0
00AJGL0008,E00006320,0,0,0,0,0,0
00AGGR0001,E00004604,0,0,0,0,0,0
00AJGL0024,E00006336,0,0,0,0,0,0
00AJGL0005,E00006317,0,0,0,0,0,0
00AJGL0007,E00006319,0,0,0,0,0,0
00AGGD0015,E00004134,0,0,0,0,0,0
00AJGL0039,E00006351,0,0,0,0,0,0
00AJGL0038,E00006350,0,0,0,0,0,0
00AJGL0004,E00006316,0,0,0,0,0,0
00AQGC0004,E00010694,0,0,0,0,0,0
00AJGS0020,E00006574,0,0,0,0,0,0
00AJGS0028,E00006582,0,0,0,0,0,0
00AJGS0024,E00006578,0,0,0,0,0,0
00AJGS0009,E00006563,0,0,0,0,0,0
00AJGS0019,E00006573,0,0,0,0,0,0
00AJGL0035,E00006347,0,0,0,0,0,0
00AJGL0032,E00006344,0,0,0,0,0,0
00AJGR0006,E00006522,0,0,0,0,0,0
00AQGK0029,E00010930,0,0,0,0,0,0
00AJGL0034,E00006346,0,0,0,0,0,0
00AJGL0003,E00006315,0,0,0,0,0,0
00AQGB0008,E00010665,0,0,0,0,0,0
00AJGL0037,E00006349,0,0,0,0,0,0
00AJGL0033,E00006345,0,0,0,0,0,0
00AEHC0026,E00002993,0,0,0,0,0,0
00AJGW0011,E00006683,0,0,0,0,0,0
00AJGW0013,E00006685,0,0,0,0,0,0
00AJGL0001,E00006313,0,0,0,0,0,0
00AJGW0014,E00006686,0,0,0,0,0,0
00AGGD0017,E00004136,0,0,0,0,0,0
00AJGW0007,E00006679,0,0,0,0,0,0
00AJGW0010,E00006682,0,0,0,0,0,0
00AJGW0008,E00006680,0,0,0,0,0,0
00AJGW0004,E00006676,0,0,0,0,0,0
00AJGL0002,E00006314,0,0,0,0,0,0
00AGGD0020,E00004139,0,0,0,0,0,0
00AJGW0003,E00006675,0,0,0,0,0,0
00AJGL0021,E00006333,0,0,0,0,0,0
00AJGW0033,E00006705,0,0,0,0,0,0
00AJGL0011,E00006323,0,0,0,0,0,0
00AJGL0018,E00006330,0,0,0,0,0,0
00AJGL0036,E00006348,0,0,0,0,0,0
00AJGL0031,E00006343,0,0,0,0,0,0
00AJGW0005,E00006677,0,0,0,0,0,0
00AJGW0038,E00006710,0,0,0,0,0,0
00AJGW0035,E00006707,0,0,0,0,0,0
00AJGW0002,E00006674,0,0,0,0,0,0
00AJGW0039,E00006711,0,0,0,0,0,0
00AQGB0009,E00010666,0,0,0,0,0,0
00AJGW0034,E00006706,0,0,0,0,0,0
00AJGW0031,E00006703,0,0,0,0,0,0
00AJGW0012,E00006684,0,0,0,0,0,0
00AJGW0020,E00006692,0,0,0,0,0,0
00AJGW0032,E00006704,0,0,0,0,0,0
00AJGW0040,E00006712,0,0,0,0,0,0
00AJGW0026,E00006698,0,0,0,0,0,0
00AGGD0010,E00004129,0,0,0,0,0,0
00AJGW0021,E00006693,0,0,0,0,0,0
00AJGW0022,E00006694,0,0,0,0,0,0
00AJGH0011,E00006191,0,0,0,0,0,0
00AJGW0027,E00006699,0,0,0,0,0,0
00AJGW0018,E00006690,0,0,0,0,0,0
00AGGR0003,E00004606,0,0,0,0,0,0
00AJGW0019,E00006691,0,0,0,0,0,0
00AJGW0016,E00006688,0,0,0,0,0,0
00AJGW0024,E00006696,0,0,0,0,0,0
00AGGR0036,E00004639,0,0,0,0,0,0
00AJGW0015,E00006687,0,0,0,0,0,0
00AJGW0017,E00006689,0,0,0,0,0,0
00AEHD0005,E00003005,0,0,0,0,0,0
00AJGR0023,E00006539,0,0,0,0,0,0
00AJGR0001,E00006517,0,0,0,0,0,0
00AGGD0049,E00004168,0,0,0,0,0,0
00AJGR0020,E00006536,0,0,0,0,0,0
00AGGT0039,E00004719,0,0,0,1,0,1
00AJGR0016,E00006532,0,0,0,0,0,0
00AJGR0017,E00006533,0,0,0,0,0,0
00AJGR0012,E00006528,0,0,0,0,0,0
00AJGR0007,E00006523,0,0,0,0,0,0
00AGGD0006,E00004125,0,0,0,0,0,0
00AJGR0031,E00006547,0,0,0,0,0,0
00AJGR0019,E00006535,0,0,0,0,0,0
00AJGR0009,E00006525,0,0,0,0,0,0
00AGGK0014,E00004375,0,0,0,0,0,0
00AJGR0008,E00006524,0,0,0,0,0,0
00AJGR0014,E00006530,0,0,0,0,0,0
00AJGR0010,E00006526,0,0,0,0,0,0
00AJGR0013,E00006529,0,0,0,0,0,0
00AEGJ0021,E00002330,0,0,0,0,0,0
00AJGR0011,E00006527,0,0,0,0,0,0
00AJGR0021,E00006537,0,0,0,0,0,0
00AJGR0018,E00006534,0,0,0,0,0,0
00AJGR0015,E00006531,0,0,0,0,0,0
00AJGR0022,E00006538,0,0,0,0,0,0
00AEHB0018,E00002947,0,0,0,0,0,0
00ASGX0015,E00012434,0,0,0,0,0,0
00AEHB0016,E00002945,0,0,0,0,0,0
00AEHB0012,E00002941,0,0,0,0,0,0
00AEHB0015,E00002944,0,0,0,0,0,0
00AEHB0017,E00002946,0,0,0,0,0,0
00AEHB0021,E00002950,0,0,0,0,0,0
00AQGR0013,E00011094,0,0,0,0,0,0
00AEHB0020,E00002949,0,0,0,0,0,0
00AEHB0019,E00002948,0,0,0,0,0,0
00AEGU0039,E00002730,0,0,0,0,0,0
00AQGR0022,E00011103,0,0,0,0,0,0
00AQGR0020,E00011101,0,0,0,0,0,0
00AJGS0012,E00006566,0,0,0,0,0,0
00AJGR0035,E00006551,0,0,0,0,0,0
00AJGS0007,E00006561,0,0,0,0,0,0
00AJGR0033,E00006549,0,0,0,0,0,0
00AGGM0003,E00004443,0,0,0,0,0,0
00AJGR0030,E00006546,0,0,0,0,0,0
00AJGR0005,E00006521,0,0,0,0,0,0
00AQGR0014,E00011095,0,0,0,0,0,0
00AJGR0038,E00006554,0,0,0,0,0,0
00AQGR0019,E00011100,0,0,0,0,0,0
00AQGR0015,E00011096,0,0,0,0,0,0
00AJGR0029,E00006545,0,0,0,0,0,0
00AJGR0032,E00006548,0,0,0,0,0,0
00AJGR0027,E00006543,0,0,0,0,0,0
00AJGR0026,E00006542,0,0,0,0,0,0
00AJGR0002,E00006518,0,0,0,0,0,0
00AJGR0034,E00006550,0,0,0,0,0,0
00AQGQ0028,E00011076,0,0,0,0,0,0
00AQGP0027,E00011046,0,0,0,0,0,0
00AQGQ0029,E00011077,0,0,0,0,0,0
00AGGG0033,E00004276,0,0,0,0,0,0
00AQGQ0020,E00011068,0,0,0,0,0,0
00AQGQ0023,E00011071,0,0,0,0,0,0
00AQGQ0025,E00011073,0,0,0,0,0,0
00AQGP0013,E00011032,0,0,0,0,0,0
00AQGP0008,E00011027,0,0,0,0,0,0
00AQGR0006,E00011087,0,0,0,0,0,0
00AQGP0025,E00011044,0,0,0,0,0,0
00AQGQ0008,E00011056,0,0,0,0,0,0
00AQGP0019,E00011038,0,0,0,0,0,0
00AQGP0014,E00011033,0,0,0,0,0,0
00AQGR0001,E00011082,0,0,0,0,0,0
00AQGR0007,E00011088,0,0,0,0,0,0
00AQGR0011,E00011092,0,0,0,0,0,0
00AQGR0009,E00011090,0,0,0,0,0,0
00AQGR0016,E00011097,0,0,0,0,0,0
00AQGQ0027,E00011075,0,0,0,0,0,0
00AQGR0018,E00011099,0,0,0,0,0,0
00AQGR0003,E00011084,0,0,0,0,0,0
00AQGR0010,E00011091,0,0,0,0,0,0
00AQGR0017,E00011098,0,0,0,0,0,0
00AQGQ0015,E00011063,0,0,0,0,0,0
00AQGQ0016,E00011064,0,0,0,0,0,0
00AQGQ0022,E00011070,0,0,0,0,0,0
00AEHE0010,E00003049,0,0,0,0,0,0
00AGGR0028,E00004631,0,0,0,0,0,0
00AQGR0026,E00011107,0,0,0,0,0,0
00AEGZ0015,E00002863,0,0,0,0,0,0
00AQGQ0024,E00011072,0,0,0,0,0,0
00AQGK0014,E00010915,0,0,0,0,0,0
00AQGQ0002,E00011050,0,0,0,0,0,0
00AQGR0005,E00011086,0,0,0,0,0,0
00AQGQ0021,E00011069,0,0,0,0,0,0
00AQGQ0018,E00011066,0,0,0,0,0,0
00AQGR0029,E00011110,0,0,0,0,0,0
00AQGQ0017,E00011065,0,0,0,0,0,0
00AQGQ0011,E00011059,0,0,0,0,0,0
00AQGQ0012,E00011060,0,0,0,0,0,0
00AQGR0012,E00011093,0,0,0,0,0,0
00AJGR0025,E00006541,0,0,0,0,0,0
00AQGR0008,E00011089,0,0,0,0,0,0
00AQGR0004,E00011085,0,0,0,0,0,0
00AQGR0027,E00011108,0,0,0,0,0,0
00AEHB0033,E00002962,0,0,0,0,0,0
00AQGR0002,E00011083,0,0,0,0,0,0
00AQGR0028,E00011109,0,0,0,0,0,0
00AQGR0025,E00011106,0,0,0,0,0,0
00AQGQ0014,E00011062,0,0,0,0,0,0
00BKGN0010,E00023858,0,0,0,0,0,0
00AQGR0030,E00011111,0,0,0,0,0,0
00AQGR0024,E00011105,0,0,0,0,0,0
00AQGR0031,E00011112,0,0,0,0,0,0
00AQGQ0013,E00011061,0,0,0,0,0,0
00AQGQ0007,E00011055,0,0,0,0,0,0
00AQGC0022,E00010712,0,0,0,0,0,0
00AQGQ0005,E00011053,0,0,0,0,0,0
00AQGP0022,E00011041,0,0,0,0,0,0
00AQGP0020,E00011039,0,0,0,0,0,0
00AQGP0021,E00011040,0,0,0,0,0,0
00AQGP0023,E00011042,0,0,0,0,0,0
00AQGQ0009,E00011057,0,0,0,0,0,0
00AQGP0015,E00011034,0,0,0,0,0,0
00AQGQ0010,E00011058,0,0,0,0,0,0
00BKGN0011,E00023859,0,0,0,0,0,0
00AQGU0027,E00011198,0,0,0,0,0,0
00AQGP0016,E00011035,0,0,0,0,0,0
00AGGR0037,E00004640,0,0,0,0,0,0
00AQGP0007,E00011026,0,0,0,0,0,0
00AQGQ0030,E00011078,0,0,0,0,0,0
00AQGQ0003,E00011051,0,0,0,0,0,0
00AQGU0016,E00011187,0,0,0,0,0,0
00AQGU0024,E00011195,0,0,0,0,0,0
00AGGJ0017,E00004336,0,0,0,0,0,0
00AQGP0010,E00011029,0,0,0,0,0,0
00AQGP0011,E00011030,0,0,0,0,0,0
00AQGU0025,E00011196,0,0,0,0,0,0
00AQGU0002,E00011173,0,0,0,0,0,0
00AQGU0026,E00011197,0,0,0,0,0,0
00AQGQ0006,E00011054,0,0,0,0,0,0
00AQGC0009,E00010699,0,0,0,0,0,0
00AJGR0028,E00006544,0,0,0,0,0,0
00AQGQ0004,E00011052,0,0,0,0,0,0
00AQGC0011,E00010701,0,0,0,0,0,0
00AQGC0014,E00010704,0,0,0,0,0,0
00AQGC0016,E00010706,0,0,0,0,0,0
00AQGC0006,E00010696,0,0,0,0,0,0
00AQGC0008,E00010698,0,0,0,0,0,0
00AQGC0005,E00010695,0,0,0,0,0,0
00AQGC0021,E00010711,0,0,0,0,0,0
00AQGC0010,E00010700,0,0,0,0,0,0
00AQGC0007,E00010697,0,0,0,0,0,0
00AQGC0013,E00010703,0,0,0,0,0,0
00AQGC0012,E00010702,0,0,0,0,0,0
00AQGC0019,E00010709,0,0,0,0,0,0
00AQGU0023,E00011194,0,0,0,0,0,0
00AQGC0002,E00010692,0,0,0,0,0,0
00AEHB0004,E00002933,0,0,0,0,0,0
00AQGC0036,E00010726,0,0,0,0,0,0
00AQGU0021,E00011192,0,0,0,0,0,0
00AEHB0009,E00002938,0,0,0,0,0,0
00AQGC0003,E00010693,0,0,0,0,0,0
00AEHB0035,E00002964,0,0,0,0,0,0
00AQGU0017,E00011188,0,0,0,0,0,0
00ACGA0041,E00000763,0,0,0,0,0,0
00AQGU0019,E00011190,0,0,0,0,0,0
00AQGU0020,E00011191,0,0,0,0,0,0
00AEHB0005,E00002934,0,0,0,0,0,0
00AJGR0004,E00006520,0,0,0,0,0,0
00AJGR0003,E00006519,0,0,0,0,0,0
00AJGR0036,E00006552,0,0,0,0,0,0
00AJGR0037,E00006553,0,0,0,0,0,0
00AEHB0013,E00002942,0,0,0,0,0,0
00AEHB0006,E00002935,0,0,0,0,0,0
00ACGA0037,E00000759,0,0,0,0,0,0
00AJGR0024,E00006540,0,0,0,0,0,0
00AQGC0029,E00010719,0,0,0,0,0,0
00AQGC0028,E00010718,0,0,0,0,0,0
00AQGC0026,E00010716,0,0,0,0,0,0
00AQGC0032,E00010722,0,0,0,0,0,0
00AQGC0001,E00010691,0,0,0,0,0,0
00AEGW0006,E00002743,0,0,0,0,0,0
00ACGA0042,E00000764,0,0,0,0,0,0
00AQGB0013,E00010670,0,0,0,0,0,0
00AQGC0035,E00010725,0,0,0,0,0,0
00AEGW0009,E00002746,0,0,0,0,0,0
00AQGC0030,E00010720,0,0,0,0,0,0
00AQGC0031,E00010721,0,0,0,0,0,0
00AQGC0033,E00010723,0,0,0,0,0,0
00AEGW0007,E00002744,0,0,0,0,0,0
00AEHB0034,E00002963,0,0,0,0,0,0
00AEHB0037,E00002966,0,0,0,0,0,0
00AEHB0036,E00002965,0,0,0,0,0,0
00AEHB0031,E00002960,0,0,0,0,0,0
00AEHB0023,E00002952,0,0,0,0,0,0
00AEHB0028,E00002957,0,0,0,0,0,0
00AUFZ0015,E00013478,0,0,0,0,0,1
00AEHB0029,E00002958,0,0,0,0,0,0
00AEHB0032,E00002961,0,0,0,0,0,0
00AEGW0008,E00002745,0,0,0,0,0,0
00AQGC0024,E00010714,0,0,0,0,0,0
00AQGC0027,E00010717,0,0,0,0,0,0
00AEGW0005,E00002742,0,0,0,0,0,0
00AEHA0027,E00002909,0,0,0,0,0,0
00AEGW0023,E00002760,0,0,0,0,0,0
00AEGW0022,E00002759,0,0,0,0,0,0
00AEHE0009,E00003048,0,0,0,0,0,0
00AEGW0004,E00002741,0,0,0,0,0,0
00AEHB0010,E00002939,0,0,0,0,0,0
00AEHB0026,E00002955,0,0,0,0,0,0
00AEHB0038,E00002967,0,0,0,0,0,0
00AEHB0008,E00002937,0,0,0,0,0,0
00AEHB0027,E00002956,0,0,0,0,0,0
00AEHB0024,E00002953,0,0,0,0,0,0
00AEGW0027,E00002764,0,0,0,0,0,0
00AQGC0015,E00010705,0,0,0,0,0,0
00AEGW0029,E00002766,0,0,0,0,0,0
00AEGW0001,E00002738,0,0,0,0,0,0
00AQGC0018,E00010708,0,0,0,0,0,0
00AEGW0025,E00002762,0,0,0,0,0,0
00AEGW0030,E00002767,0,0,0,0,0,0
00AEGJ0004,E00002313,0,0,0,0,0,0
00AEGW0020,E00002757,0,0,0,0,0,0
00AEGW0003,E00002740,0,0,0,0,0,0
00AEGW0017,E00002754,0,0,0,0,0,0
00AEGW0021,E00002758,0,0,0,0,0,0
00AEGW0031,E00002768,0,0,0,0,0,0
00AEHB0025,E00002954,0,0,0,0,0,0
00AQGC0020,E00010710,0,0,0,0,0,0
00AEGW0016,E00002753,0,0,0,0,0,0
00AEGX0032,E00002800,0,0,0,0,0,0
00AEGW0014,E00002751,0,0,0,0,0,0
00AEGW0015,E00002752,0,0,0,0,0,0
00AEGX0030,E00002798,0,0,0,0,0,0
00AEGW0018,E00002755,0,0,0,0,0,0
00AEGW0013,E00002750,0,0,0,0,0,0
00AEGW0019,E00002756,0,0,0,0,0,0
00AEGW0024,E00002761,0,0,0,0,0,0
00AEGX0037,E00002805,0,0,0,0,0,0
00AJGW0006,E00006678,0,0,0,0,0,0
00AJGW0025,E00006697,0,0,0,0,0,0
00AEGJ0019,E00002328,0,0,0,0,0,0
00AEGJ0011,E00002320,0,0,0,0,0,0
00AEGJ0008,E00002317,0,0,0,0,0,0
00AEHE0029,E00003068,0,0,0,0,0,0
00AEGJ0034,E00002343,0,0,0,0,0,0
00AEGJ0025,E00002334,0,0,0,0,0,0
00AEHB0014,E00002943,0,0,0,0,0,0
00AEHE0015,E00003054,0,0,0,0,0,0
00AEHB0001,E00002930,0,0,0,0,0,0
00AEHE0008,E00003047,0,0,0,0,0,0
00AEGJ0016,E00002325,0,0,0,0,0,0
00AEGJ0017,E00002326,0,0,0,0,0,0
00AEGJ0014,E00002323,0,0,0,0,0,0
00AEGJ0018,E00002327,0,0,0,0,0,0
00AEHE0022,E00003061,0,0,0,0,0,0
00AEGJ0007,E00002316,0,0,0,0,0,0
00AEGJ0013,E00002322,0,0,0,0,0,0
00AEGJ0005,E00002314,0,0,0,0,0,0
00AEGJ0015,E00002324,0,0,0,0,0,0
00AEGJ0002,E00002311,0,0,0,0,0,0
00AEGJ0031,E00002340,0,0,0,0,0,0
00AEGJ0012,E00002321,0,0,0,0,0,0
00AEGJ0006,E00002315,0,0,0,0,0,0
00AJGM0017,E00006368,0,0,0,0,0,0
00AJGM0018,E00006369,0,0,0,0,0,0
00AEHE0018,E00003057,0,0,0,0,0,0
00AJGM0019,E00006370,0,0,0,0,0,0
00AJGM0022,E00006373,0,0,0,0,0,0
00AEGJ0010,E00002319,0,0,0,0,0,0
00AEGJ0030,E00002339,0,0,0,0,0,0
00AEGJ0028,E00002337,0,0,0,0,0,0
00AEGJ0032,E00002341,0,0,0,0,0,0
00AEHE0019,E00003058,0,0,0,0,0,0
00AEHE0023,E00003062,0,0,0,0,0,0
00AEHE0021,E00003060,0,0,0,0,0,0
00AEHE0020,E00003059,0,0,0,0,0,0
00AEGJ0020,E00002329,0,0,0,0,0,0
00AEGJ0027,E00002336,0,0,0,0,0,0
00AEGJ0003,E00002312,0,0,0,0,0,0
00AEGJ0023,E00002332,0,0,0,0,0,0
00AEGJ0022,E00002331,0,0,0,0,0,0
00AEGJ0024,E00002333,0,0,0,0,0,0
00AEGJ0001,E00002310,0,0,0,0,0,0
00AEGJ0026,E00002335,0,0,0,0,0,0
00AEHE0012,E00003051,0,0,0,0,0,0
00AKHD0012,E00007593,0,0,0,0,0,0
00AEHE0016,E00003055,0,0,0,0,0,0
00AEHE0001,E00003040,0,0,0,0,0,0
00AEHA0047,E00002929,0,0,0,0,0,0
00AEHA0040,E00002922,0,0,0,0,0,0
00AEHE0005,E00003044,0,0,0,0,0,0
00AEHE0002,E00003041,0,0,0,0,0,0
00AEHA0015,E00002897,0,0,0,0,0,0
00AEHE0007,E00003046,0,0,0,0,0,0
00AEHE0006,E00003045,0,0,0,0,0,0
00AEHC0025,E00002992,0,0,0,0,0,0
00AEHC0027,E00002994,0,0,0,0,0,0
00AEGJ0029,E00002338,0,0,0,0,0,0
00AEHC0028,E00002995,0,0,0,0,0,0
00AEHC0029,E00002996,0,0,0,0,0,0
00AEHC0030,E00002997,0,0,0,0,0,0
00AEHC0031,E00002998,0,0,0,0,0,0
00AEHA0007,E00002889,0,0,0,0,0,0
00AEHC0024,E00002991,0,0,0,0,0,0
00AEHC0020,E00002987,0,0,0,0,0,0
00AEHC0018,E00002985,0,0,0,0,0,0
00AEHC0023,E00002990,0,0,0,0,0,0
00AEHC0021,E00002988,0,0,0,0,0,0
00AEGQ0015,E00002545,0,0,0,0,0,0
00AEGQ0014,E00002544,0,0,0,0,0,0
00AEGQ0016,E00002546,0,0,0,0,0,0
00AEHE0004,E00003043,0,0,0,0,0,0
00AEHC0017,E00002984,0,0,0,0,0,0
00AEHE0011,E00003050,0,0,0,0,0,0
00AEHC0022,E00002989,0,0,0,0,0,0
00AEHC0002,E00002969,0,0,0,0,0,0
00AEGQ0019,E00002549,0,0,0,0,0,0
00AEHC0019,E00002986,0,0,0,0,0,0
00AEHA0043,E00002925,0,0,0,0,0,0
00AEHC0013,E00002980,0,0,0,0,0,0
00AEGR0010,E00002580,0,0,0,0,0,0
00AJGH0012,E00006192,0,0,0,0,0,0
00AJGH0013,E00006193,0,0,0,0,0,0
00AEHA0041,E00002923,0,0,0,0,0,0
00ANGD0011,E00009369,0,0,0,0,0,0
00AEGQ0040,E00002570,0,0,0,0,0,0
00AJGH0010,E00006190,0,0,0,0,0,0
00AEHA0046,E00002928,0,0,0,0,0,0
00AEHC0014,E00002981,0,0,0,0,0,0
00AEHA0035,E00002917,0,0,0,0,0,0
00AEHA0024,E00002906,0,0,0,0,0,0
00AEGQ0024,E00002554,0,0,0,0,0,0
00AEGQ0020,E00002550,0,0,0,0,0,0
00AEGQ0022,E00002552,0,0,0,0,0,0
00AEGQ0023,E00002553,0,0,0,0,0,0
00AEHA0001,E00002883,0,0,0,0,0,0
00AEHA0008,E00002890,0,0,0,0,0,0
00AEHA0004,E00002886,0,0,0,0,0,0
00AEGQ0004,E00002534,0,0,0,0,0,0
00AEHA0011,E00002893,0,0,0,0,0,0
00AEHA0014,E00002896,0,0,0,0,0,0
00AEGQ0018,E00002548,0,0,0,0,0,0
00AEHA0003,E00002885,0,0,0,0,0,0
00AEHA0012,E00002894,0,0,0,0,0,0
00AEGQ0008,E00002538,0,0,0,0,0,0
00AEGQ0006,E00002536,0,0,0,0,0,0
00AEGR0020,E00002590,0,0,0,0,0,0
00AEGQ0026,E00002556,0,0,0,0,0,0
00AEGR0018,E00002588,0,0,0,0,0,0
00AEGR0019,E00002589,0,0,0,0,0,0
00AEGR0033,E00002603,0,0,0,0,0,0
00AEGR0031,E00002601,0,0,0,0,0,0
00AEGQ0025,E00002555,0,0,0,0,0,0
00AEGR0016,E00002586,0,0,0,0,0,0
00AEGR0024,E00002594,0,0,0,0,0,0
00AUFZ0018,E00013481,0,0,0,1,0,1
00AEGR0021,E00002591,0,0,0,0,0,0
00AEGR0025,E00002595,0,0,0,0,0,0
00AEGR0026,E00002596,0,0,0,0,0,0
00AEGR0028,E00002598,0,0,0,0,0,0
00AEGR0034,E00002604,0,0,0,0,0,0
00AEGR0022,E00002592,0,0,0,0,0,0
00AEGR0014,E00002584,0,0,0,0,0,0
00AEGQ0021,E00002551,0,0,0,0,0,0
00AEGR0009,E00002579,0,0,0,0,0,0
00AEHA0042,E00002924,0,0,0,0,0,0
00AEGQ0009,E00002539,0,0,0,0,0,0
00AEGQ0013,E00002543,0,0,0,0,0,0
00AEGQ0010,E00002540,0,0,0,0,0,0
00AUFX0031,E00013415,0,1,0,1,0,1
00AEGQ0011,E00002541,0,0,0,0,0,0
00AEGQ0012,E00002542,0,0,0,0,0,0
00AUFZ0010,E00013473,0,0,0,0,0,0
00AEGR0007,E00002577,0,0,0,0,0,0
00AEGR0013,E00002583,0,0,0,0,0,0
00AEGQ0003,E00002533,0,0,0,0,0,0
00AEGQ0002,E00002532,0,0,0,0,0,0
00AEGQ0007,E00002537,0,0,0,0,0,0
00AMGK0008,E00008871,0,1,0,1,0,1
00AEHF0003,E00003071,0,0,0,0,0,0
00AEGR0012,E00002582,0,0,0,0,0,0
00AEGR0011,E00002581,0,0,0,0,0,0
00AEHA0031,E00002913,0,0,0,0,0,0
00AEHA0034,E00002916,0,0,0,0,0,0
00AEHA0039,E00002921,0,0,0,0,0,0
00AEHA0038,E00002920,0,0,0,0,0,0
00AEHA0044,E00002926,0,0,0,0,0,0
00AMGK0033,E00008896,0,0,0,1,0,1
00AEHA0010,E00002892,0,0,0,0,0,0
00AEHA0036,E00002918,0,0,0,0,0,0
00AEHA0045,E00002927,0,0,0,0,0,0
00AMGK0040,E00008903,0,1,0,1,0,1
00AEHA0009,E00002891,0,0,0,0,0,0
00AEHA0037,E00002919,0,0,0,0,0,0
00AEHA0025,E00002907,0,0,0,0,0,0
00AMGK0041,E00008904,0,1,0,1,0,1
00AEGQ0039,E00002569,0,0,0,0,0,0
00AKHD0013,E00007594,0,0,0,0,0,0
00AKHD0009,E00007590,0,0,0,0,0,0
00AEGY0001,E00002807,0,0,0,0,0,0
00AKGL0032,E00006941,0,0,0,0,0,0
00AEHA0033,E00002915,0,0,0,0,0,0
00AEGQ0001,E00002531,0,0,0,0,0,0
00AEGQ0032,E00002562,0,0,0,0,0,0
00AEGT0031,E00002669,0,0,0,0,0,0
00AEGQ0030,E00002560,0,0,0,0,0,0
00AEGQ0028,E00002558,0,0,0,0,0,0
00AEGQ0027,E00002557,0,0,0,0,0,0
00AEHA0005,E00002887,0,0,0,0,0,0
00AEHA0020,E00002902,0,0,0,0,0,0
00AEHA0022,E00002904,0,0,0,0,0,0
00AEHF0026,E00003094,0,0,0,0,0,0
00AEGT0024,E00002662,0,0,0,0,0,0
00AEHA0032,E00002914,0,0,0,0,0,0
00AEHA0028,E00002910,0,0,0,0,0,0
00AEHA0026,E00002908,0,0,0,0,0,0
00AEHA0029,E00002911,0,0,0,0,0,0
00AEHA0006,E00002888,0,0,0,0,0,0
00AEHA0023,E00002905,0,0,0,0,0,0
00AEHA0021,E00002903,0,0,0,0,0,0
00AEGN0028,E00002483,0,0,0,0,0,0
00AEGQ0029,E00002559,0,0,0,0,0,0
00AEGL0008,E00002390,0,0,0,0,0,0
00AEHF0027,E00003095,0,0,0,0,0,0
00AEGQ0034,E00002564,0,0,0,0,0,0
00AEHF0001,E00003069,0,0,0,0,0,0
00AEGQ0031,E00002561,0,0,0,0,0,0
00AEGQ0033,E00002563,0,0,0,0,0,0
00AEGQ0035,E00002565,0,0,0,0,0,0
00AEGQ0037,E00002567,0,0,0,0,0,0
00BKGA0028,E00023439,0,0,0,0,0,0
00AEGN0030,E00002485,0,0,0,0,0,0
00AEGN0031,E00002486,0,0,0,0,0,0
00AEHF0002,E00003070,0,0,0,0,0,0
00AEGN0032,E00002487,0,0,0,0,0,0
00AEGQ0036,E00002566,0,0,0,0,0,0
00AEHF0004,E00003072,0,0,0,0,0,0
00AEHF0039,E00003107,0,0,0,0,0,0
00AEGN0002,E00002457,0,0,0,0,0,0
00AEGN0021,E00002476,0,0,0,0,0,0
00AEGN0029,E00002484,0,0,0,0,0,0
00AEGY0040,E00002846,0,0,0,0,0,0
00AEHF0010,E00003078,0,0,0,0,0,0
00AEHF0013,E00003081,0,0,0,0,0,0
00AEHC0012,E00002979,0,0,0,0,0,0
00AEHF0034,E00003102,0,0,0,0,0,0
00AEHF0022,E00003090,0,0,0,0,0,0
00AEGN0025,E00002480,0,0,0,0,0,0
00AUGM0004,E00013957,0,0,0,1,0,1
00AEHF0012,E00003080,0,0,0,0,0,0
00AEHF0023,E00003091,0,0,0,0,0,0
00AKGL0034,E00006943,0,0,0,0,0,0
00AMGK0027,E00008890,0,0,0,1,0,1
00AKHD0010,E00007591,0,0,0,0,0,0
00AEHE0028,E00003067,0,0,0,0,0,0
00AEHF0014,E00003082,0,0,0,0,0,0
00AEHF0017,E00003085,0,0,0,0,0,0
00AEHF0011,E00003079,0,0,0,0,0,0
00AEHB0007,E00002936,0,0,0,0,0,0
00AEHB0030,E00002959,0,0,0,0,0,0
00AEHE0003,E00003042,0,0,0,0,0,0
00AEHE0026,E00003065,0,0,0,0,0,0
00AEHE0027,E00003066,0,0,0,0,0,0
00AEHC0015,E00002982,0,0,0,0,0,0
00AEHC0016,E00002983,0,0,0,0,0,0
00AEHC0009,E00002976,0,0,0,0,0,0
00AEHC0010,E00002977,0,0,0,0,0,0
00AEHB0002,E00002931,0,0,0,0,0,0
00AEHB0003,E00002932,0,0,0,0,0,0
00AEGW0002,E00002739,0,0,0,0,0,0
00AGGX0015,E00004827,0,0,0,0,0,0
00AEGW0026,E00002763,0,0,0,0,0,0
00AEGW0028,E00002765,0,0,0,0,0,0
00AEHB0022,E00002951,0,0,0,0,0,0
00AEGY0041,E00002847,0,0,0,0,0,0
00AEGY0007,E00002813,0,0,0,0,0,0
00AGGX0016,E00004828,0,0,0,0,0,0
00AEGX0029,E00002797,0,0,0,0,0,0
00AEGX0031,E00002799,0,0,0,0,0,0
00AEGX0004,E00002772,0,0,0,0,0,0
00AEGX0036,E00002804,0,0,0,0,0,0
00AEGX0001,E00002769,0,0,0,0,0,0
00AEGX0011,E00002779,0,0,0,0,0,0
00AEGX0033,E00002801,0,0,0,0,0,0
00AEGX0003,E00002771,0,0,0,0,0,0
00AEGX0025,E00002793,0,0,0,0,0,0
00AEGX0027,E00002795,0,0,0,0,0,0
00AEHE0024,E00003063,0,0,0,0,0,0
00AEHE0025,E00003064,0,0,0,0,0,0
00AEGX0028,E00002796,0,0,0,0,0,0
00AUGM0027,E00013980,0,0,0,0,0,1
00AEHC0005,E00002972,0,0,0,0,0,0
00AEHC0007,E00002974,0,0,0,0,0,0
00AEGX0016,E00002784,0,0,0,0,0,0
00AEHC0004,E00002971,0,0,0,0,0,0
00AEGK0002,E00002345,0,0,0,0,0,0
00AEGX0014,E00002782,0,0,0,0,0,0
00AGGJ0021,E00004340,0,0,0,0,0,0
00AEGX0022,E00002790,0,0,0,0,0,0
00AEGX0024,E00002792,0,0,0,0,0,0
00AEGX0023,E00002791,0,0,0,0,0,0
00AGGX0011,E00004823,0,0,0,0,0,0
00AEGX0026,E00002794,0,0,0,0,0,0
00AEGX0020,E00002788,0,0,0,0,0,0
00AEGX0013,E00002781,0,0,0,0,0,0
00AEGX0015,E00002783,0,0,0,0,0,0
00AEGX0018,E00002786,0,0,0,0,0,0
00AEGX0021,E00002789,0,0,0,0,0,0
00AEGX0019,E00002787,0,0,0,0,0,0
00AEHC0011,E00002978,0,0,0,0,0,0
00AEHC0003,E00002970,0,0,0,0,0,0
00AEGX0012,E00002780,0,0,0,0,0,0
00AEHC0033,E00003000,0,0,0,0,0,0
00AEGK0027,E00002370,0,0,0,0,0,0
00AEGX0017,E00002785,0,0,0,0,0,0
00AEGK0029,E00002372,0,0,0,0,0,0
00AEHC0032,E00002999,0,0,0,0,0,0
00AEGK0026,E00002369,0,0,0,0,0,0
00AEGX0009,E00002777,0,0,0,0,0,0
00AEGX0010,E00002778,0,0,0,0,0,0
00AEGX0008,E00002776,0,0,0,0,0,0
00AEGK0008,E00002351,0,0,0,0,0,0
00AEGK0022,E00002365,0,0,0,0,0,0
00AEGK0016,E00002359,0,0,0,0,0,0
00AEGK0018,E00002361,0,0,0,0,0,0
00AEGK0019,E00002362,0,0,0,0,0,0
00AEGK0021,E00002364,0,0,0,0,0,0
00AEGK0023,E00002366,0,0,0,0,0,0
00AEGK0012,E00002355,0,0,0,0,0,0
00AEHD0024,E00003024,0,0,0,0,0,0
00AEGX0002,E00002770,0,0,0,0,0,0
00AEGX0005,E00002773,0,0,0,0,0,0
00AEGX0035,E00002803,0,0,0,0,0,0
00AEGX0034,E00002802,0,0,0,0,0,0
00AEGS0019,E00002625,0,0,0,0,0,0
00AGGJ0012,E00004331,0,0,0,0,0,0
00AEGX0007,E00002775,0,0,0,0,0,0
00AEGX0038,E00002806,0,0,0,0,0,0
00AGGJ0015,E00004334,0,0,0,0,0,0
00AEGX0006,E00002774,0,0,0,0,0,0
00AEGK0015,E00002358,0,0,0,0,0,0
00AEGK0004,E00002347,0,0,0,0,0,0
00AEGK0013,E00002356,0,0,0,0,0,0
00AEGK0005,E00002348,0,0,0,0,0,0
00AEGK0007,E00002350,0,0,0,0,0,0
00AEGK0025,E00002368,0,0,0,0,0,0
00AEGK0010,E00002353,0,0,0,0,0,0
00AEHC0008,E00002975,0,0,0,0,0,0
00AEHA0017,E00002899,0,0,0,0,0,0
00BKGA0027,E00023438,0,0,0,0,0,0
00AEHA0019,E00002901,0,0,0,0,0,0
00AEGN0013,E00002468,0,0,0,0,0,0
00AEGN0017,E00002472,0,0,0,0,0,0
00AEGN0020,E00002475,0,0,0,0,0,0
00AEGN0018,E00002473,0,0,0,0,0,0
00AEGK0024,E00002367,0,0,0,0,0,0
00AEHA0018,E00002900,0,0,0,0,0,0
00AEGK0033,E00002376,0,0,0,0,0,0
00AEGN0016,E00002471,0,0,0,0,0,0
00AEGK0020,E00002363,0,0,0,0,0,0
00AEGK0014,E00002357,0,0,0,0,0,0
00AEHD0029,E00003029,0,0,0,0,0,0
00AEGN0010,E00002465,0,0,0,0,0,0
00AEGN0012,E00002467,0,0,0,0,0,0
00AEHC0001,E00002968,0,0,0,0,0,0
00AEGK0001,E00002344,0,0,0,0,0,0
00AEGK0034,E00002377,0,0,0,0,0,0
00AEHD0012,E00003012,0,0,0,0,0,0
00AEGK0028,E00002371,0,0,0,0,0,0
00AEGK0031,E00002374,0,0,0,0,0,0
00AEGK0011,E00002354,0,0,0,0,0,0
00AEHD0003,E00003003,0,0,0,0,0,0
00AEHD0026,E00003026,0,0,0,0,0,0
00AEHD0028,E00003028,0,0,0,0,0,0
00AEHD0031,E00003031,0,0,0,0,0,0
00AEHD0033,E00003033,0,0,0,0,0,0
00AEHD0032,E00003032,0,0,0,0,0,0
00AEHD0023,E00003023,0,0,0,0,0,0
00AEGK0030,E00002373,0,0,0,0,0,0
00AEGK0032,E00002375,0,0,0,0,0,0
00AEHD0027,E00003027,0,0,0,0,0,0
00AEHD0030,E00003030,0,0,0,0,0,0
00AEHD0025,E00003025,0,0,0,0,0,0
00AEHD0018,E00003018,0,0,0,0,0,0
00AEHD0020,E00003020,0,0,0,0,0,0
00AEGN0033,E00002488,0,0,0,0,0,0
00AGGW0017,E00004782,0,0,0,0,0,0
00AEHD0022,E00003022,0,0,0,0,0,0
00AEGN0036,E00002491,0,0,0,0,0,0
00AMGG0017,E00008771,0,0,0,0,0,0
00AEGN0006,E00002461,0,0,0,0,0,0
00AEHD0019,E00003019,0,0,0,0,0,0
00AEHD0015,E00003015,0,0,0,0,0,0
00AEGN0004,E00002459,0,0,0,0,0,0
00AEGN0040,E00002495,0,0,0,0,0,0
00AEGN0005,E00002460,0,0,0,0,0,0
00AEGN0037,E00002492,0,0,0,0,0,0
00AEGN0003,E00002458,0,0,0,0,0,0
00AEGN0039,E00002494,0,0,0,0,0,0
00AEGN0015,E00002470,0,0,0,0,0,0
00AEGM0014,E00002435,0,0,0,0,0,0
00AEGM0033,E00002454,0,0,0,0,0,0
00AEGM0018,E00002439,0,0,0,0,0,0
00AEGM0024,E00002445,0,0,0,0,0,0
00AEGN0038,E00002493,0,0,0,0,0,0
00AEGN0034,E00002489,0,0,0,0,0,0
00AGGW0019,E00004784,0,0,0,0,0,0
00AEGN0035,E00002490,0,0,0,0,0,0
00AEGM0019,E00002440,0,0,0,0,0,0
00AEGM0025,E00002446,0,0,0,0,0,0
00AUGA0003,E00013507,0,0,0,0,0,0
00AEGM0023,E00002444,0,0,0,0,0,0
00AEGM0021,E00002442,0,0,0,0,0,0
00AEGM0015,E00002436,0,0,0,0,0,0
00AUGA0026,E00013530,0,0,0,0,0,0
00AQGG0009,E00010827,0,0,0,0,0,0
00AQGG0004,E00010822,0,0,0,0,0,0
00AQGG0029,E00010847,0,0,0,0,0,0
00AEGM0026,E00002447,0,0,0,0,0,0
00AEGM0003,E00002424,0,0,0,0,0,0
00AEGM0020,E00002441,0,0,0,0,0,0
00AEGM0028,E00002449,0,0,0,0,0,0
00AEHD0016,E00003016,0,0,0,0,0,0
00AEHD0009,E00003009,0,0,0,0,0,0
00AEHD0014,E00003014,0,0,0,0,0,0
00AEHD0013,E00003013,0,0,0,0,0,0
00AUGJ0031,E00013858,0,0,0,0,0,0
00AEHD0036,E00003036,0,0,0,0,0,0
00AEHD0011,E00003011,0,0,0,0,0,0
00AEHD0010,E00003010,0,0,0,0,0,0
00AQGP0005,E00011024,0,0,0,0,0,0
00AEHD0001,E00003001,0,0,0,0,0,0
00AEHD0007,E00003007,0,0,0,0,0,0
00AEHD0017,E00003017,0,0,0,0,0,0
00AGGW0004,E00004769,0,0,0,0,0,0
00AEHD0008,E00003008,0,0,0,0,0,0
00AEHD0006,E00003006,0,0,0,0,0,0
00AGGW0003,E00004768,0,0,0,0,0,0
00AEHD0002,E00003002,0,0,0,0,0,0
00AUGJ0035,E00013862,0,0,0,0,0,0
00AEHD0037,E00003037,0,0,0,0,0,0
00AEHD0039,E00003039,0,0,0,0,0,0
00AEGM0006,E00002427,0,0,0,0,0,0
00AEGM0011,E00002432,0,0,0,0,0,0
00AEGM0012,E00002433,0,0,0,0,0,0
00AEGM0007,E00002428,0,0,0,0,0,0
00AEGM0005,E00002426,0,0,0,0,0,0
00AEGM0013,E00002434,0,0,0,0,0,0
00AEGM0008,E00002429,0,0,0,0,0,0
00AEGM0009,E00002430,0,0,0,0,0,0
00AQGP0006,E00011025,0,0,0,0,0,0
00AQGP0001,E00011020,0,0,0,0,0,0
00AQGP0004,E00011023,0,0,0,0,0,0
00AQGU0007,E00011178,0,0,0,0,0,0
00AQGU0014,E00011185,0,0,0,0,0,0
00AQGU0022,E00011193,0,0,0,0,0,0
00AQGU0009,E00011180,0,0,0,0,0,0
00AQGU0018,E00011189,0,0,0,0,0,0
00AQGU0015,E00011186,0,0,0,0,0,0
00AQGP0003,E00011022,0,0,0,0,0,0
00AQGU0013,E00011184,0,0,0,0,0,0
00AQGF0018,E00010808,0,0,0,0,0,0
00AQGU0005,E00011176,0,0,0,0,0,0
00AQGU0012,E00011183,0,0,0,0,0,0
00AQGU0008,E00011179,0,0,0,0,0,0
00AQGU0011,E00011182,0,0,0,0,0,0
00AQGM0030,E00010992,0,0,0,0,0,0
00AQGM0024,E00010986,0,0,0,0,0,0
00AQGM0021,E00010983,0,0,0,0,0,0
00AQGM0017,E00010979,0,0,0,0,0,0
00AQGP0029,E00011048,0,0,0,0,0,0
00AQGP0002,E00011021,0,0,0,0,0,0
00AQGM0025,E00010987,0,0,0,0,0,0
00AQGM0012,E00010974,0,0,0,0,0,0
00AQGF0017,E00010807,0,0,0,0,0,0
00AQGL0006,E00010936,0,0,0,0,0,0
00AQGL0011,E00010941,0,0,0,0,0,0
00AQGU0028,E00011199,0,0,0,0,0,0
00AQGF0015,E00010805,0,0,0,0,0,0
00AQGF0016,E00010806,0,0,0,0,0,0
00AQGU0006,E00011177,0,0,0,0,0,0
00AQGF0008,E00010798,0,0,0,0,0,0
00AQGU0029,E00011200,0,0,0,0,0,0
00AQGF0014,E00010804,0,0,0,0,0,0
00AGGW0022,E00004787,0,0,0,0,0,0
00AQGF0009,E00010799,0,0,0,0,0,0
00AQGF0013,E00010803,0,0,0,0,0,0
00AQGF0010,E00010800,0,0,0,0,0,0
00AGGW0021,E00004786,0,0,0,0,0,0
00AQGF0012,E00010802,0,0,0,0,0,0
00AQGF0005,E00010795,0,0,0,0,0,0
00AQGF0007,E00010797,0,0,0,0,0,0
00AQGF0011,E00010801,0,0,0,0,0,0
00AQGG0008,E00010826,0,0,0,0,0,0
00AQGU0004,E00011175,0,0,0,0,0,0
00AQGG0005,E00010823,0,0,0,0,0,0
00AQGU0030,E00011201,0,0,0,0,0,0
00AQGU0003,E00011174,0,0,0,0,0,0
00AQGG0020,E00010838,0,0,0,0,0,0
00AGGM0012,E00004452,0,0,0,0,0,0
00AQGG0018,E00010836,0,0,0,0,0,0
00AQGG0019,E00010837,0,0,0,0,0,0
00AQGG0022,E00010840,0,0,0,0,0,0
00AGGW0029,E00004794,0,0,0,0,0,0
00AQGG0023,E00010841,0,0,0,0,0,0
00AQGU0010,E00011181,0,0,0,0,0,0
00AQGG0021,E00010839,0,0,0,0,0,0
00AQGG0014,E00010832,0,0,0,0,0,0
00AQGU0001,E00011172,0,0,0,0,0,0
00AQGG0016,E00010834,0,0,0,0,0,0
00AQGG0015,E00010833,0,0,0,0,0,0
00AQGG0011,E00010829,0,0,0,0,0,0
00AQGG0010,E00010828,0,0,0,0,0,0
00AGGJ0023,E00004342,0,0,0,0,0,0
00AQGG0006,E00010824,0,0,0,0,0,0
00AQGG0013,E00010831,0,0,0,0,0,0
00AQGG0007,E00010825,0,0,0,0,0,0
00AQGG0012,E00010830,0,0,0,0,0,0
00AQGG0017,E00010835,0,0,0,0,0,0
00AQGG0002,E00010820,0,0,0,0,0,0
00AQGL0014,E00010944,0,0,0,0,0,0
00AQGL0012,E00010942,0,0,0,0,0,0
00AQGF0006,E00010796,0,0,0,0,0,0
00AQGF0002,E00010792,0,0,0,0,0,0
00AQGF0003,E00010793,0,0,0,0,0,0
00AQGF0025,E00010815,0,0,0,0,0,0
00AQGB0016,E00010673,0,0,0,0,0,0
00AQGF0027,E00010817,0,0,0,0,0,0
00AQGF0004,E00010794,0,0,0,0,0,0
00AQGF0020,E00010810,0,0,0,0,0,0
00AQGF0022,E00010812,0,0,0,0,0,0
00AQGF0023,E00010813,0,0,0,0,0,0
00AQGF0028,E00010818,0,0,0,0,0,0
00AQGF0024,E00010814,0,0,0,0,0,0
00AGGW0040,E00004805,0,0,0,0,0,0
00AGGD0046,E00004165,0,0,0,0,0,0
00AQGG0003,E00010821,0,0,0,0,0,0
00AQGG0025,E00010843,0,0,0,0,0,0
00AQGG0001,E00010819,0,0,0,0,0,0
00AQGG0028,E00010846,0,0,0,0,0,0
00AQGG0027,E00010845,0,0,0,0,0,0
00AQGK0012,E00010913,0,0,0,0,0,0
00AQGG0024,E00010842,0,0,0,0,0,0
00AQGG0026,E00010844,0,0,0,0,0,0
00AQGK0013,E00010914,0,0,0,0,0,0
00AQGF0026,E00010816,0,0,0,0,0,0
00AGGD0047,E00004166,0,0,0,0,0,0
00AQGB0017,E00010674,0,0,0,0,0,0
00ACGS0020,E00001513,0,0,0,0,0,0
00AQGT0018,E00011161,0,0,0,0,0,0
00AQGT0020,E00011163,0,0,0,0,0,0
00ACGS0022,E00001515,0,0,0,0,0,0
00AQGB0011,E00010668,0,0,0,0,0,0
00AQGB0007,E00010664,0,0,0,0,0,0
00AQGB0001,E00010658,0,0,0,0,0,0
00AQGC0034,E00010724,0,0,0,0,0,0
00AEGW0012,E00002749,0,0,0,0,0,0
00AQGB0012,E00010669,0,0,0,0,0,0
00AGGW0043,E00004808,0,0,0,0,0,0
00AEGW0010,E00002747,0,0,0,0,0,0
00AEGS0017,E00002623,0,0,0,0,0,0
00AGGD0035,E00004154,0,0,0,0,0,0
00AQGB0024,E00010681,0,0,0,0,0,0
00AQGB0033,E00010690,0,0,0,0,0,0
00AQGB0006,E00010663,0,0,0,0,0,0
00AGGD0036,E00004155,0,0,0,0,0,0
00AQGK0015,E00010916,0,0,0,0,0,0
00AQGB0003,E00010660,0,0,0,0,0,0
00AQGB0032,E00010689,0,0,0,0,0,0
00AQGB0020,E00010677,0,0,0,0,0,0
00AQGK0016,E00010917,0,0,0,0,0,0
00AQGB0025,E00010682,0,0,0,0,0,0
00AQGK0020,E00010921,0,0,0,0,0,0
00AQGK0006,E00010907,0,0,0,0,0,0
00AQGT0021,E00011164,0,0,0,0,0,0
00AQGK0005,E00010906,0,0,0,0,0,0
00AQGT0026,E00011169,0,0,0,0,0,0
00AQGT0025,E00011168,0,0,0,0,0,0
00AQGT0019,E00011162,0,0,0,0,0,0
00AGGD0037,E00004156,0,0,0,0,0,0
00AQGB0002,E00010659,0,0,0,0,0,0
00AQGB0030,E00010687,0,0,0,0,0,0
00AGGD0043,E00004162,0,0,0,0,0,0
00AQGJ0027,E00010901,0,0,0,0,0,0
00AQGJ0008,E00010882,0,0,0,0,0,0
00AQGB0031,E00010688,0,0,0,0,0,0
00AQGB0026,E00010683,0,0,0,0,0,0
00AQGB0004,E00010661,0,0,0,0,0,0
00AQGB0021,E00010678,0,0,0,0,0,0
00AQGB0010,E00010667,0,0,0,0,0,0
00AQGJ0001,E00010875,0,0,0,0,0,0
00AQGJ0006,E00010880,0,0,0,0,0,0
00AEGS0025,E00002631,0,0,0,0,0,0
00AQGJ0009,E00010883,0,0,0,0,0,0
00AQGJ0007,E00010881,0,0,0,0,0,0
00AGGD0002,E00004121,0,0,0,0,0,0
00AQGK0003,E00010904,0,0,0,0,0,0
00AQGB0029,E00010686,0,0,0,0,0,0
00AQGK0017,E00010918,0,0,0,0,0,0
00AQGK0018,E00010919,0,0,0,0,0,0
00AQGK0019,E00010920,0,0,0,0,0,0
00AGGD0038,E00004157,0,0,0,0,0,0
00AQGJ0026,E00010900,0,0,0,0,0,0
00AQGB0019,E00010676,0,0,0,0,0,0
00AQGB0018,E00010675,0,0,0,0,0,0
00AQGB0015,E00010672,0,0,0,0,0,0
00AQGB0023,E00010680,0,0,0,0,0,0
00AQGB0027,E00010684,0,0,0,0,0,0
00AQGB0022,E00010679,0,0,0,0,0,0
00AQGB0014,E00010671,0,0,0,0,0,0
00AQGB0028,E00010685,0,0,0,0,0,0
00AGGD0041,E00004160,0,0,0,0,0,0
00AEGS0031,E00002637,0,0,0,0,0,0
00AQGB0005,E00010662,0,0,0,0,0,0
00AEGW0011,E00002748,0,0,0,0,0,0
00AEGS0007,E00002613,0,0,0,0,0,0
00AEGS0026,E00002632,0,0,0,0,0,0
00AGGD0048,E00004167,0,0,0,0,0,0
00AEGS0013,E00002619,0,0,0,0,0,0
00AQGK0007,E00010908,0,0,0,0,0,0
00AQGK0001,E00010902,0,0,0,0,0,0
00AGGD0045,E00004164,0,0,0,0,0,0
00AGGF0020,E00004220,0,0,0,0,0,0
00AGGD0040,E00004159,0,0,0,0,0,0
00AQGK0008,E00010909,0,0,0,0,0,0
00AQGK0028,E00010929,0,0,0,0,0,0
00AQGK0009,E00010910,0,0,0,0,0,0
00AQGK0010,E00010911,0,0,0,0,0,0
00AQGK0011,E00010912,0,0,0,0,0,0
00AQGJ0022,E00010896,0,0,0,0,0,0
00AGGD0039,E00004158,0,0,0,0,0,0
00AQGT0022,E00011165,0,0,0,0,0,0
00AQGT0016,E00011159,0,0,0,0,0,0
00AQGT0023,E00011166,0,0,0,0,0,0
00AGGD0042,E00004161,0,0,0,0,0,0
00AQGT0024,E00011167,0,0,0,0,0,0
00AQGK0023,E00010924,0,0,0,0,0,0
00AQGK0025,E00010926,0,0,0,0,0,0
00AQGK0027,E00010928,0,0,0,0,0,0
00AQGK0026,E00010927,0,0,0,0,0,0
00AQGS0020,E00011132,0,0,0,0,0,0
00AQGT0002,E00011145,0,0,0,0,0,0
00AQGK0022,E00010923,0,0,0,0,0,0
00AQGJ0002,E00010876,0,0,0,0,0,0
00AQGK0024,E00010925,0,0,0,0,0,0
00AQGK0002,E00010903,0,0,0,0,0,0
00AQFZ0003,E00010598,0,0,0,0,0,0
00AEGR0006,E00002576,0,0,0,0,0,0
00AQGJ0023,E00010897,0,0,0,0,0,0
00AQGJ0020,E00010894,0,0,0,0,0,0
00AEGU0019,E00002710,0,0,0,0,0,0
00AQGS0006,E00011118,0,0,0,0,0,0
00AQGJ0019,E00010893,0,0,0,0,0,0
00AQGJ0025,E00010899,0,0,0,0,0,0
00AQGJ0018,E00010892,0,0,0,0,0,0
00AQGJ0017,E00010891,0,0,0,0,0,0
00AQGJ0024,E00010898,0,0,0,0,0,0
00AQGJ0015,E00010889,0,0,0,0,0,0
00AQGJ0003,E00010877,0,0,0,0,0,0
00AQGJ0021,E00010895,0,0,0,0,0,0
00AQGJ0012,E00010886,0,0,0,0,0,0
00AQGH0016,E00010863,0,0,0,0,0,0
00AQGH0017,E00010864,0,0,0,0,0,0
00AQGJ0016,E00010890,0,0,0,0,0,0
00AQGN0025,E00011017,0,0,0,0,0,0
00AGGD0021,E00004140,0,0,0,0,0,0
00AQGJ0013,E00010887,0,0,0,0,0,0
00AQGJ0014,E00010888,0,0,0,0,0,0
00AQGE0008,E00010767,0,0,0,0,0,0
00AQGN0021,E00011013,0,0,0,0,0,0
00AQGN0016,E00011008,0,0,0,0,0,0
00AQGE0021,E00010780,0,0,0,0,0,0
00AQGN0017,E00011009,0,0,0,0,0,0
00AQGL0003,E00010933,0,0,0,0,0,0
00AQGE0007,E00010766,0,0,0,0,0,0
00AQGL0027,E00010957,0,0,0,0,0,0
00AQGL0021,E00010951,0,0,0,0,0,0
00AQGE0010,E00010769,0,0,0,0,0,0
00AQGF0001,E00010791,0,0,0,0,0,0
00AQGF0021,E00010811,0,0,0,0,0,0
00AQGD0016,E00010742,0,0,0,0,0,0
00AQGE0029,E00010788,0,0,0,0,0,0
00AQGT0015,E00011158,0,0,0,0,0,0
00AQGT0017,E00011160,0,0,0,0,0,0
00AGGD0027,E00004146,0,0,0,0,0,0
00AQGF0019,E00010809,0,0,0,0,0,0
00AQGH0002,E00010849,0,0,0,0,0,0
00AQGE0016,E00010775,0,0,0,0,0,0
00AQGD0014,E00010740,0,0,0,0,0,0
00AQGE0019,E00010778,0,0,0,0,0,0
00AQGE0017,E00010776,0,0,0,0,0,0
00AEGP0018,E00002513,0,0,0,0,0,0
00AQGE0011,E00010770,0,0,0,0,0,0
00AQGE0003,E00010762,0,0,0,0,0,0
00AQGE0006,E00010765,0,0,0,0,0,0
00AEGK0035,E00002378,0,0,0,0,0,0
00AEGS0006,E00002612,0,0,0,0,0,0
00AEGP0023,E00002518,0,0,0,0,0,0
00AEGP0020,E00002515,0,0,0,0,0,0
00AQGH0004,E00010851,0,0,0,0,0,0
00AEGY0037,E00002843,0,0,0,0,0,0
00AQGE0025,E00010784,0,0,0,0,0,0
00AQGE0002,E00010761,0,0,0,0,0,0
00AQGE0024,E00010783,0,0,0,0,0,0
00AQGE0026,E00010785,0,0,0,0,0,0
00AEGZ0014,E00002862,0,0,0,0,0,0
00AQGE0009,E00010768,0,0,0,0,0,0
00AQGE0022,E00010781,0,0,0,0,0,0
00AQGE0023,E00010782,0,0,0,0,0,0
00AQGE0004,E00010763,0,0,0,0,0,0
00AQGE0013,E00010772,0,0,0,0,0,0
00AQGE0014,E00010773,0,0,0,0,0,0
00AQGE0028,E00010787,0,0,0,0,0,0
00AQGD0011,E00010737,0,0,0,0,0,0
00AQGD0009,E00010735,0,0,0,0,0,0
00AQGD0031,E00010757,0,0,0,0,0,0
00AQGD0027,E00010753,0,0,0,0,0,0
00AQGD0008,E00010734,0,0,0,0,0,0
00AQGD0006,E00010732,0,0,0,0,0,0
00AQGD0033,E00010759,0,0,0,0,0,0
00AQGD0028,E00010754,0,0,0,0,0,0
00AQGD0022,E00010748,0,0,0,0,0,0
00AQGD0032,E00010758,0,0,0,0,0,0
00AQGD0025,E00010751,0,0,0,0,0,0
00AGGW0042,E00004807,0,0,0,0,0,0
00AQGE0018,E00010777,0,0,0,0,0,0
00AQGE0020,E00010779,0,0,0,0,0,0
00AEGZ0021,E00002869,0,0,0,0,0,0
00AEGZ0020,E00002868,0,0,0,0,0,0
00AQGD0004,E00010730,0,0,0,0,0,0
00AQGT0010,E00011153,0,0,0,0,0,0
00AQGT0008,E00011151,0,0,0,0,0,0
00AQGT0013,E00011156,0,0,0,0,0,0
00AQGT0009,E00011152,0,0,0,0,0,0
00AQGJ0011,E00010885,0,0,0,0,0,0
00AQGT0011,E00011154,0,0,0,0,0,0
00AQGT0012,E00011155,0,0,0,0,0,0
00AQGT0014,E00011157,0,0,0,0,0,0
00AQGK0021,E00010922,0,0,0,0,0,0
00AQGS0031,E00011143,0,0,0,0,0,0
00AQGN0002,E00010994,0,0,0,0,0,0
00AQFY0012,E00010580,0,0,0,0,0,0
00AQGJ0010,E00010884,0,0,0,0,0,0
00AGGW0037,E00004802,0,0,0,0,0,0
00AQGT0001,E00011144,0,0,0,0,0,0
00AQFY0016,E00010584,0,0,0,0,0,0
00AGGW0032,E00004797,0,0,0,0,0,0
00AQGT0006,E00011149,0,0,0,0,0,0
00AQFY0001,E00010569,0,0,0,0,0,0
00AQGD0030,E00010756,0,0,0,0,0,0
00AQFY0014,E00010582,0,0,0,0,0,0
00AQFY0010,E00010578,0,0,0,0,0,0
00AQGD0020,E00010746,0,0,0,0,0,0
00AQFY0019,E00010587,0,0,0,0,0,0
00AQFY0021,E00010589,0,0,0,0,0,0
00AQGD0024,E00010750,0,0,0,0,0,0
00AQGD0013,E00010739,0,0,0,0,0,0
00AQGT0028,E00011171,0,0,0,0,0,0
00AQGD0023,E00010749,0,0,0,0,0,0
00AQGD0018,E00010744,0,0,0,0,0,0
00AQGD0002,E00010728,0,0,0,0,0,0
00AQGD0012,E00010738,0,0,0,0,0,0
00AQGD0010,E00010736,0,0,0,0,0,0
00AQGT0003,E00011146,0,0,0,0,0,0
00AQGT0005,E00011148,0,0,0,0,0,0
00AQGD0001,E00010727,0,0,0,0,0,0
00AQFY0008,E00010576,0,0,0,0,0,0
00AQGD0003,E00010729,0,0,0,0,0,0
00AEGP0010,E00002505,0,0,0,0,0,0
00AQGT0027,E00011170,0,0,0,0,0,0
00AQGT0004,E00011147,0,0,0,0,0,0
00AQGD0007,E00010733,0,0,0,0,0,0
00ACGS0014,E00001507,0,0,0,0,0,0
00ACGS0021,E00001514,0,0,0,0,0,0
00AQGD0029,E00010755,0,0,0,0,0,0
00AQGD0021,E00010747,0,0,0,0,0,0
00AQGD0005,E00010731,0,0,0,0,0,0
00AQGS0003,E00011115,0,0,0,0,0,0
00AQGS0013,E00011125,0,0,0,0,0,0
00AQGD0026,E00010752,0,0,0,0,0,0
00AQGS0011,E00011123,0,0,0,0,0,0
00AQGS0001,E00011113,0,0,0,0,0,0
00AQFY0005,E00010573,0,0,0,0,0,0
00AQFY0002,E00010570,0,0,0,0,0,0
00AQFY0013,E00010581,0,0,0,0,0,0
00AQFY0011,E00010579,0,0,0,0,0,0
00AQFY0004,E00010572,0,0,0,0,0,0
00AQFY0003,E00010571,0,0,0,0,0,0
00AQFY0027,E00010595,0,0,0,0,0,0
00AQFY0009,E00010577,0,0,0,0,0,0
00AQGS0010,E00011122,0,0,0,0,0,0
00AGGW0030,E00004795,0,0,0,0,0,0
00AQGS0012,E00011124,0,0,0,0,0,0
00AQGS0002,E00011114,0,0,0,0,0,0
00AQFY0025,E00010593,0,0,0,0,0,0
00AQFY0023,E00010591,0,0,0,0,0,0
00AQGD0019,E00010745,0,0,0,0,0,0
00AQFZ0008,E00010603,0,0,0,0,0,0
00AQGS0023,E00011135,0,0,0,0,0,0
00AQGS0030,E00011142,0,0,0,0,0,0
00AQGS0022,E00011134,0,0,0,0,0,0
00AGGW0033,E00004798,0,0,0,0,0,0
00AQGS0009,E00011121,0,0,0,0,0,0
00AQGS0026,E00011138,0,0,0,0,0,0
00AQGS0007,E00011119,0,0,0,0,0,0
00AGGW0023,E00004788,0,0,0,0,0,0
00AQGS0005,E00011117,0,0,0,0,0,0
00AQGS0025,E00011137,0,0,0,0,0,0
00AQGS0024,E00011136,0,0,0,0,0,0
00AQGS0008,E00011120,0,0,0,0,0,0
00AQGS0027,E00011139,0,0,0,0,0,0
00AQGS0029,E00011141,0,0,0,0,0,0
00AEHD0035,E00003035,0,0,0,0,0,0
00AQGS0028,E00011140,0,0,0,0,0,0
00AQFZ0005,E00010600,0,0,0,0,0,0
00ACGS0029,E00001522,0,0,0,0,0,0
00AEGP0024,E00002519,0,0,0,0,0,0
00AEGP0021,E00002516,0,0,0,0,0,0
00AGGW0024,E00004789,0,0,0,0,0,0
00ACGS0010,E00001503,0,0,0,0,0,0
00ACGS0023,E00001516,0,0,0,0,0,0
00AGGW0025,E00004790,0,0,0,0,0,0
00AEGP0003,E00002498,0,0,0,0,0,0
00AEGP0015,E00002510,0,0,0,0,0,0
00ACGA0007,E00000729,0,0,0,0,0,0
00AEGL0020,E00002402,0,0,0,0,0,0
00AEGL0017,E00002399,0,0,0,0,0,0
00AEGL0022,E00002404,0,0,0,0,0,0
00AQGS0004,E00011116,0,0,0,0,0,0
00AQGS0019,E00011131,0,0,0,0,0,0
00AQGS0015,E00011127,0,0,0,0,0,0
00AQGS0021,E00011133,0,0,0,0,0,0
00AQFZ0031,E00010626,0,0,0,0,0,0
00AEGS0015,E00002621,0,0,0,0,0,0
00AEGK0003,E00002346,0,0,0,0,0,0
00AEGS0016,E00002622,0,0,0,0,0,0
00AEGS0018,E00002624,0,0,0,0,0,0
00AEGK0009,E00002352,0,0,0,0,0,0
00AEGS0014,E00002620,0,0,0,0,0,0
00AEGS0012,E00002618,0,0,0,0,0,0
00AEGK0039,E00002382,0,0,0,0,0,0
00AEGK0038,E00002381,0,0,0,0,0,0
00AEGK0036,E00002379,0,0,0,0,0,0
00AEGS0008,E00002614,0,0,0,0,0,0
00AEGK0006,E00002349,0,0,0,0,0,0
00AEGS0032,E00002638,0,0,0,0,0,0
00AEGS0020,E00002626,0,0,0,0,0,0
00AEGS0009,E00002615,0,0,0,0,0,0
00AQGJ0004,E00010878,0,0,0,0,0,0
00AEGS0005,E00002611,0,0,0,0,0,0
00AGGW0026,E00004791,0,0,0,0,0,0
00AQGJ0005,E00010879,0,0,0,0,0,0
00AQGN0024,E00011016,0,0,0,0,0,0
00AGGW0031,E00004796,0,0,0,0,0,0
00AQGH0011,E00010858,0,0,0,0,0,0
00AQGH0015,E00010862,0,0,0,0,0,0
00ACGE0039,E00000960,0,0,0,0,0,0
00AEGS0003,E00002609,0,0,0,0,0,0
00AEGS0010,E00002616,0,0,0,0,0,0
00AEGP0008,E00002503,0,0,0,0,0,0
00AEGS0004,E00002610,0,0,0,0,0,0
00AEGS0011,E00002617,0,0,0,0,0,0
00AQGH0007,E00010854,0,0,0,0,0,0
00AEGK0037,E00002380,0,0,0,0,0,0
00AEGS0023,E00002629,0,0,0,0,0,0
00AEGS0029,E00002635,0,0,0,0,0,0
00AEGS0021,E00002627,0,0,0,0,0,0
00AQGH0003,E00010850,0,0,0,0,0,0
00AEGS0027,E00002633,0,0,0,0,0,0
00AQGH0027,E00010874,0,0,0,0,0,0
00AQGH0001,E00010848,0,0,0,0,0,0
00AEGZ0032,E00002880,0,0,0,0,0,0
00AEGS0022,E00002628,0,0,0,0,0,0
00AQGH0006,E00010853,0,0,0,0,0,0
00AEGY0018,E00002824,0,0,0,0,0,0
00AEGS0002,E00002608,0,0,0,0,0,0
00AEGS0024,E00002630,0,0,0,0,0,0
00AGGW0034,E00004799,0,0,0,0,0,0
00AEGZ0001,E00002849,0,0,0,0,0,0
00AEGS0028,E00002634,0,0,0,0,0,0
00AGGM0017,E00004457,0,0,0,0,0,0
00AEGS0030,E00002636,0,0,0,0,0,0
00AQGH0005,E00010852,0,0,0,0,0,0
00AEGP0012,E00002507,0,0,0,0,0,0
00AEGZ0034,E00002882,0,0,0,0,0,0
00AEGZ0033,E00002881,0,0,0,0,0,0
00AEGP0013,E00002508,0,0,0,0,0,0
00AQGH0014,E00010861,0,0,0,0,0,0
00AQGH0021,E00010868,0,0,0,0,0,0
00AQGH0025,E00010872,0,0,0,0,0,0
00AQGH0008,E00010855,0,0,0,0,0,0
00AQGH0018,E00010865,0,0,0,0,0,0
00AQGH0019,E00010866,0,0,0,0,0,0
00AQGH0009,E00010856,0,0,0,0,0,0
00ACGS0036,E00001529,0,0,0,0,0,0
00ACGA0010,E00000732,0,0,0,0,0,0
00AQGH0013,E00010860,0,0,0,0,0,0
00AEGL0018,E00002400,0,0,0,0,0,0
00AEGL0023,E00002405,0,0,0,0,0,0
00AQGN0006,E00010998,0,0,0,0,0,0
00AQGN0003,E00010995,0,0,0,0,0,0
00AQGH0023,E00010870,0,0,0,0,0,0
00AQGH0022,E00010869,0,0,0,0,0,0
00AQGH0020,E00010867,0,0,0,0,0,0
00AQGH0024,E00010871,0,0,0,0,0,0
00AQGH0012,E00010859,0,0,0,0,0,0
00AQGH0010,E00010857,0,0,0,0,0,0
00AQGN0010,E00011002,0,0,0,0,0,0
00AEGL0031,E00002413,0,0,0,0,0,0
00AQGN0007,E00010999,0,0,0,0,0,0
00AQGN0011,E00011003,0,0,0,0,0,0
00AEGZ0028,E00002876,0,0,0,0,0,0
00AQGN0012,E00011004,0,0,0,0,0,0
00AQGN0023,E00011015,0,0,0,0,0,0
00AQGN0018,E00011010,0,0,0,0,0,0
00AEGT0019,E00002657,0,0,0,0,0,0
00AQGN0008,E00011000,0,0,0,0,0,0
00AQGN0022,E00011014,0,0,0,0,0,0
00AQGN0009,E00011001,0,0,0,0,0,0
00AQGN0015,E00011007,0,0,0,0,0,0
00AEGZ0031,E00002879,0,0,0,0,0,0
00AEGZ0030,E00002878,0,0,0,0,0,0
00AEGZ0013,E00002861,0,0,0,0,0,0
00AEGZ0024,E00002872,0,0,0,0,0,0
00AEGZ0023,E00002871,0,0,0,0,0,0
00AEGZ0025,E00002873,0,0,0,0,0,0
00AEGZ0011,E00002859,0,0,0,0,0,0
00AEGZ0017,E00002865,0,0,0,0,0,0
00AEGZ0010,E00002858,0,0,0,0,0,0
00AQGN0020,E00011012,0,0,0,0,0,0
00AQGN0013,E00011005,0,0,0,0,0,0
00AQGN0014,E00011006,0,0,0,0,0,0
00AEGZ0007,E00002855,0,0,0,0,0,0
00AEGZ0006,E00002854,0,0,0,0,0,0
00AQGA0017,E00010646,0,0,0,0,0,0
00AEGZ0005,E00002853,0,0,0,0,0,0
00AQGA0016,E00010645,0,0,0,0,0,0
00AEGZ0003,E00002851,0,0,0,0,0,0
00AEGU0016,E00002707,0,0,0,0,0,0
00AEGZ0008,E00002856,0,0,0,0,0,0
00AEHD0004,E00003004,0,0,0,0,0,0
00AEGP0028,E00002523,0,0,0,0,0,0
00AEGP0029,E00002524,0,0,0,0,0,0
00AEGP0027,E00002522,0,0,0,0,0,0
00ACGS0017,E00001510,0,0,0,0,0,0
00AEGP0026,E00002521,0,0,0,0,0,0
00AEGZ0019,E00002867,0,0,0,0,0,0
00AEHD0034,E00003034,0,0,0,0,0,0
00AEGP0017,E00002512,0,0,0,0,0,0
00AEGP0032,E00002527,0,0,0,0,0,0
00AEGZ0029,E00002877,0,0,0,0,0,0
00AEGZ0016,E00002864,0,0,0,0,0,0
00AEGZ0004,E00002852,0,0,0,0,0,0
00AEGZ0012,E00002860,0,0,0,0,0,0
00AEGP0019,E00002514,0,0,0,0,0,0
00AEGZ0022,E00002870,0,0,0,0,0,0
00AEGZ0009,E00002857,0,0,0,0,0,0
00AEGP0022,E00002517,0,0,0,0,0,0
00ACGS0037,E00001530,0,0,0,0,0,0
00ACGS0005,E00001498,0,0,0,0,0,0
00AEGP0005,E00002500,0,0,0,0,0,0
00ACGS0042,E00001535,0,0,0,0,0,0
00ACGS0045,E00001538,0,0,0,0,0,0
00AEGP0002,E00002497,0,0,0,0,0,0
00AEGP0006,E00002501,0,0,0,0,0,0
00AEGP0011,E00002506,0,0,0,0,0,0
00AEHF0021,E00003089,0,0,0,0,0,0
00AEGP0009,E00002504,0,0,0,0,0,0
00AEGP0016,E00002511,0,0,0,0,0,0
00AEGP0014,E00002509,0,0,0,0,0,0
00AEGP0001,E00002496,0,0,0,0,0,0
00AEGP0007,E00002502,0,0,0,0,0,0
00AEGP0004,E00002499,0,0,0,0,0,0
00AEGP0035,E00002530,0,0,0,0,0,0
00AEGP0031,E00002526,0,0,0,0,0,0
00AEGP0034,E00002529,0,0,0,0,0,0
00ACGS0011,E00001504,0,0,0,0,0,0
00ACGS0004,E00001497,0,0,0,0,0,0
00ACGS0015,E00001508,0,0,0,0,0,0
00ACGS0016,E00001509,0,0,0,0,0,0
00ACGS0006,E00001499,0,0,0,0,0,0
00ACGS0007,E00001500,0,0,0,0,0,0
00ACGS0009,E00001502,0,0,0,0,0,0
00ACGS0046,E00001539,0,0,0,0,0,0
00ACGS0001,E00001494,0,0,0,0,0,0
00ACGS0035,E00001528,0,0,0,0,0,0
00ACGS0044,E00001537,0,0,0,0,0,0
00ACGS0031,E00001524,0,0,0,0,0,0
00ACGA0013,E00000735,0,0,0,0,0,0
00ACGA0011,E00000733,0,0,0,0,0,0
00ACGE0028,E00000949,0,0,0,0,0,0
00ACGA0012,E00000734,0,0,0,0,0,0
00ACGA0009,E00000731,0,0,0,0,0,0
00ACGS0028,E00001521,0,0,0,0,0,0
00AEGZ0027,E00002875,0,0,0,0,0,0
00ACGA0045,E00000767,0,0,0,0,0,0
00AEGP0033,E00002528,0,0,0,0,0,0
00AEGZ0018,E00002866,0,0,0,0,0,0
00AEGZ0026,E00002874,0,0,0,0,0,0
00AEGP0030,E00002525,0,0,0,0,0,0
00AGGR0004,E00004607,0,0,0,0,0,0
00ACGA0044,E00000766,0,0,0,0,0,0
00ACGA0008,E00000730,0,0,0,0,0,0
00ACGA0005,E00000727,0,0,0,0,0,0
00ACGA0046,E00000768,0,0,0,0,0,0
00ACFY0007,E00000627,0,0,0,0,0,0
00ACFY0009,E00000629,0,0,0,0,0,0
00ACGA0038,E00000760,0,0,0,0,0,0
00ACGA0034,E00000756,0,0,0,0,0,0
00ACGA0039,E00000761,0,0,0,0,0,0
00ACGA0033,E00000755,0,0,0,0,0,0
00ACGA0040,E00000762,0,0,0,0,0,0
00ACGA0006,E00000728,0,0,0,0,0,0
00ACGA0003,E00000725,0,0,0,0,0,0
00ACGA0004,E00000726,0,0,0,0,0,0
00ACGK0037,E00001191,0,0,0,0,0,0
00ACGK0049,E00001203,0,0,0,0,0,0
00ACGA0002,E00000724,0,0,0,0,0,0
00ACGA0031,E00000753,0,0,0,0,0,0
00ACGA0036,E00000758,0,0,0,0,0,0
00ACGA0035,E00000757,0,0,0,0,0,0
00ACGK0036,E00001190,0,0,0,0,0,0
00BKGA0024,E00023435,0,0,0,0,0,0
00AQFY0015,E00010583,0,0,0,0,0,0
00ACGK0026,E00001180,0,0,0,0,0,0
00ACGK0031,E00001185,0,0,0,0,0,0
00AEHF0024,E00003092,0,0,0,0,0,0
00AQGN0019,E00011011,0,0,0,0,0,0
00AQFY0018,E00010586,0,0,0,0,0,0
00AQGN0004,E00010996,0,0,0,0,0,0
00AQFY0020,E00010588,0,0,0,0,0,0
00AQGN0005,E00010997,0,0,0,0,0,0
00AQFY0006,E00010574,0,0,0,0,0,0
00AQGA0014,E00010643,0,0,0,0,0,0
00AQGA0002,E00010631,0,0,0,0,0,0
00AQGA0010,E00010639,0,0,0,0,0,0
00AQGA0015,E00010644,0,0,0,0,0,0
00AQGA0012,E00010641,0,0,0,0,0,0
00AQGN0027,E00011019,0,0,0,0,0,0
00AQGA0011,E00010640,0,0,0,0,0,0
00AQFY0026,E00010594,0,0,0,0,0,0
00AQFY0007,E00010575,0,0,0,0,0,0
00AQFY0022,E00010590,0,0,0,0,0,0
00AQFZ0022,E00010617,0,0,0,0,0,0
00AQFY0024,E00010592,0,0,0,0,0,0
00AQFY0017,E00010585,0,0,0,0,0,0
00AQFZ0021,E00010616,0,0,0,0,0,0
00AQFZ0004,E00010599,0,0,0,0,0,0
00AQFZ0016,E00010611,0,0,0,0,0,0
00AQFZ0028,E00010623,0,0,0,0,0,0
00AQFZ0011,E00010606,0,0,0,0,0,0
00AQFZ0002,E00010597,0,0,0,0,0,0
00AQFZ0025,E00010620,0,0,0,0,0,0
00AQGA0025,E00010654,0,0,0,0,0,0
00AQGA0003,E00010632,0,0,0,0,0,0
00AQFZ0017,E00010612,0,0,0,0,0,0
00AQGA0024,E00010653,0,0,0,0,0,0
00AQGA0004,E00010633,0,0,0,0,0,0
00AQFZ0015,E00010610,0,0,0,0,0,0
00AQFZ0024,E00010619,0,0,0,0,0,0
00AQGA0020,E00010649,0,0,0,0,0,0
00AQGA0021,E00010650,0,0,0,0,0,0
00AQFZ0020,E00010615,0,0,0,0,0,0
00AQGA0023,E00010652,0,0,0,0,0,0
00AQGA0027,E00010656,0,0,0,0,0,0
00ACGE0018,E00000939,0,0,0,0,0,0
00AQGA0006,E00010635,0,0,0,0,0,0
00AQGA0028,E00010657,0,0,0,0,0,0
00AQGA0005,E00010634,0,0,0,0,0,0
00AEGU0036,E00002727,0,0,0,0,0,0
00AEGT0049,E00002687,0,0,0,0,0,0
00ACFY0044,E00000664,0,0,0,0,0,0
00AQGA0001,E00010630,0,0,0,0,0,0
00AQGA0007,E00010636,0,0,0,0,0,0
00AQGA0026,E00010655,0,0,0,0,0,0
00AQGA0018,E00010647,0,0,0,0,0,0
00AQGA0019,E00010648,0,0,0,0,0,0
00AQFZ0023,E00010618,0,0,0,0,0,0
00ACGE0037,E00000958,0,0,0,0,0,0
00AQFZ0019,E00010614,0,0,0,0,0,0
00AQGA0022,E00010651,0,0,0,0,0,0
00AQFZ0018,E00010613,0,0,0,0,0,0
00ACGE0038,E00000959,0,0,0,0,0,0
00ACGJ0009,E00001115,0,0,0,0,0,0
00AQFZ0012,E00010607,0,0,0,0,0,0
00AQFZ0006,E00010601,0,0,0,0,0,0
00AQFZ0014,E00010609,0,0,0,0,0,0
00AQFZ0010,E00010605,0,0,0,0,0,0
00AQFZ0007,E00010602,0,0,0,0,0,0
00AQFZ0013,E00010608,0,0,0,0,0,0
00AQFZ0030,E00010625,0,0,0,0,0,0
00AQFZ0009,E00010604,0,0,0,0,0,0
00ACGE0026,E00000947,0,0,0,0,0,0
00AQFZ0032,E00010627,0,0,0,0,0,0
00AQFZ0033,E00010628,0,0,0,0,0,0
00ACGE0022,E00000943,0,0,0,0,0,0
00AQFZ0034,E00010629,0,0,0,0,0,0
00AQFZ0029,E00010624,0,0,0,0,0,0
00ACGE0032,E00000953,0,0,0,0,0,0
00ACGE0023,E00000944,0,0,0,0,0,0
00ACGE0025,E00000946,0,0,0,0,0,0
00AGGX0020,E00004832,0,0,0,0,0,0
00AGGX0017,E00004829,0,0,0,0,0,0
00AQFZ0001,E00010596,0,0,0,0,0,0
00ACGE0030,E00000951,0,0,0,0,0,0
00ACGE0031,E00000952,0,0,0,0,0,0
00ACGE0034,E00000955,0,0,0,0,0,0
00ACGE0029,E00000950,0,0,0,0,0,0
00ACGE0019,E00000940,0,0,0,0,0,0
00ACGE0027,E00000948,0,0,0,0,0,0
00ACGE0014,E00000935,0,0,0,0,0,0
00ACGE0020,E00000941,0,0,0,0,0,0
00ACGE0017,E00000938,0,0,0,0,0,0
00ACFY0006,E00000626,0,0,0,0,0,0
00ACGA0019,E00000741,0,0,0,0,0,0
00ACFY0004,E00000624,0,0,0,0,0,0
00ACGA0029,E00000751,0,0,0,0,0,0
00ACGE0024,E00000945,0,0,0,0,0,0
00ACGE0015,E00000936,0,0,0,0,0,0
00ACGA0032,E00000754,0,0,0,0,0,0
00AEGZ0002,E00002850,0,0,0,0,0,0
00ACFY0046,E00000666,0,0,0,0,0,0
00ACFY0047,E00000667,0,0,0,0,0,0
00ACFY0003,E00000623,0,0,0,0,0,0
00ACGA0026,E00000748,0,0,0,0,0,0
00ACFY0008,E00000628,0,0,0,0,0,0
00ACFY0010,E00000630,0,0,0,0,0,0
00ACFY0005,E00000625,0,0,0,0,0,0
00ACFY0041,E00000661,0,0,0,0,0,0
00ACFY0001,E00000621,0,0,0,0,0,0
00ACFY0043,E00000663,0,0,0,0,0,0
00ACGA0030,E00000752,0,0,0,0,0,0
00ACGK0024,E00001178,0,0,0,0,0,0
00ACFY0038,E00000658,0,0,0,0,0,0
00ACFY0019,E00000639,0,0,0,0,0,0
00ACFY0016,E00000636,0,0,0,0,0,0
00AGGR0033,E00004636,0,0,0,0,0,0
00ACFY0029,E00000649,0,0,0,0,0,0
00ACGJ0004,E00001110,0,0,0,0,0,0
00ACFY0032,E00000652,0,0,0,0,0,0
00ACFY0026,E00000646,0,0,0,0,0,0
00ACFY0023,E00000643,0,0,0,0,0,0
00ACGJ0010,E00001116,0,0,0,0,0,0
00AGGX0037,E00004849,0,0,0,0,0,0
00ACGJ0040,E00001146,0,0,0,0,0,0
00ACGJ0042,E00001148,0,0,0,0,0,0
00ACGJ0048,E00001154,0,0,0,0,0,0
00ACGJ0028,E00001134,0,0,0,0,0,0
00ACFY0039,E00000659,0,0,0,0,0,0
00ACGJ0039,E00001145,0,0,0,0,0,0
00ACGJ0034,E00001140,0,0,0,0,0,0
00ACFY0042,E00000662,0,0,0,0,0,0
00ACFY0033,E00000653,0,0,0,0,0,0
00ACFY0040,E00000660,0,0,0,0,0,0
00ACFY0036,E00000656,0,0,0,0,0,0
00ACFY0037,E00000657,0,0,0,0,0,0
00ACFY0045,E00000665,0,0,0,0,0,0
00ACFY0034,E00000654,0,0,0,0,0,0
00ACFY0028,E00000648,0,0,0,0,0,0
00ACFY0031,E00000651,0,0,0,0,0,0
00ACFY0002,E00000622,0,0,0,0,0,0
00ACFY0035,E00000655,0,0,0,0,0,0
00ACGA0016,E00000738,0,0,0,0,0,0
00ACFY0022,E00000642,0,0,0,0,0,0
00AGGR0039,E00004642,0,0,0,0,0,0
00ACFY0027,E00000647,0,0,0,0,0,0
00AEHF0036,E00003104,0,0,0,0,0,0
00ACFY0030,E00000650,0,0,0,0,0,0
00ACFY0013,E00000633,0,0,0,0,0,0
00AEGU0025,E00002716,0,0,0,0,0,0
00ACFY0024,E00000644,0,0,0,0,0,0
00ACGJ0007,E00001113,0,0,0,0,0,0
00ACFY0021,E00000641,0,0,0,0,0,0
00ACFY0014,E00000634,0,0,0,0,0,0
00ACGJ0008,E00001114,0,0,0,0,0,0
00ACFY0025,E00000645,0,0,0,0,0,0
00ACFY0011,E00000631,0,0,0,0,0,0
00ACGA0020,E00000742,0,0,0,0,0,0
00ACFY0018,E00000638,0,0,0,0,0,0
00ACFY0012,E00000632,0,0,0,0,0,0
00ACFY0015,E00000635,0,0,0,0,0,0
00ACGA0023,E00000745,0,0,0,0,0,0
00ACFY0017,E00000637,0,0,0,0,0,0
00ACFY0020,E00000640,0,0,0,0,0,0
00ACGJ0003,E00001109,0,0,0,0,0,0
00ACGJ0005,E00001111,0,0,0,0,0,0
00ACGA0014,E00000736,0,0,0,0,0,0
00ACGA0022,E00000744,0,0,0,0,0,0
00ACGA0025,E00000747,0,0,0,0,0,0
00ACGA0028,E00000750,0,0,0,0,0,0
00ACGA0021,E00000743,0,0,0,0,0,0
00ACGA0027,E00000749,0,0,0,0,0,0
00ACGA0018,E00000740,0,0,0,0,0,0
00ACGA0024,E00000746,0,0,0,0,0,0
00ACGM0039,E00001293,0,0,0,0,0,0
00ACGM0029,E00001283,0,0,0,0,0,0
00ACGJ0041,E00001147,0,0,0,0,0,0
00ACGM0040,E00001294,0,0,0,0,0,0
00ACGA0015,E00000737,0,0,0,0,0,0
00ACGA0017,E00000739,0,0,0,0,0,0
00ACGA0001,E00000723,0,0,0,0,0,0
00ACGM0004,E00001258,0,0,0,0,0,0
00ACGM0030,E00001284,0,0,0,0,0,0
00ACGM0036,E00001290,0,0,0,0,0,0
00ACGJ0043,E00001149,0,0,0,0,0,0
00ACGJ0006,E00001112,0,0,0,0,0,0
00ACGJ0045,E00001151,0,0,0,0,0,0
00ACGJ0047,E00001153,0,0,0,0,0,0
00ACGJ0001,E00001107,0,0,0,0,0,0
00ACGJ0035,E00001141,0,0,0,0,0,0
00ACGJ0036,E00001142,0,0,0,0,0,0
00ACGJ0038,E00001144,0,0,0,0,0,0
00AGGX0038,E00004850,0,0,0,0,0,0
00ACGJ0044,E00001150,0,0,0,0,0,0
00ACGJ0046,E00001152,0,0,0,0,0,0
00ACGJ0037,E00001143,0,0,0,0,0,0
00ACGJ0032,E00001138,0,0,0,0,0,0
00ACGJ0033,E00001139,0,0,0,0,0,0
00AGGX0018,E00004830,0,0,0,0,0,0
00ACGJ0030,E00001136,0,0,0,0,0,0
00ACGJ0031,E00001137,0,0,0,0,0,0
00AEHF0041,E00003109,0,0,0,0,0,0
00ACGJ0029,E00001135,0,0,0,0,0,0
00ACGM0001,E00001255,0,0,0,0,0,0
00BKGN0005,E00023853,0,0,0,0,0,0
00ACGM0005,E00001259,0,0,0,0,0,0
00ACGM0021,E00001275,0,0,0,0,0,0
00BKGP0016,E00023895,0,0,0,0,0,0
00ACGM0003,E00001257,0,0,0,0,0,0
00ACGM0020,E00001274,0,0,0,0,0,0
00ACGM0015,E00001269,0,0,0,0,0,0
00ACGM0016,E00001270,0,0,0,0,0,0
00ACGM0013,E00001267,0,0,0,0,0,0
00AEGY0015,E00002821,0,0,0,0,0,0
00ACGM0014,E00001268,0,0,0,0,0,0
00ACGM0008,E00001262,0,0,0,0,0,0
00ACGM0007,E00001261,0,0,0,0,0,0
00ACGM0012,E00001266,0,0,0,0,0,0
00AEGY0013,E00002819,0,0,0,0,0,0
00AGGX0002,E00004814,0,0,0,0,0,0
00ANGD0012,E00009370,0,0,0,0,0,0
00ANGD0010,E00009368,0,0,0,0,0,0
00AEGR0004,E00002574,0,0,0,0,0,0
00BKGN0028,E00023876,0,0,0,0,0,0
00BKGN0031,E00023879,0,0,0,0,0,0
00BKGN0007,E00023855,0,0,0,0,0,0
00AEHF0009,E00003077,0,0,0,0,0,0
00BKGN0003,E00023851,0,0,0,0,0,0
00AGGX0006,E00004818,0,0,0,0,0,0
00AEGT0030,E00002668,0,0,0,0,0,0
00BKGF0007,E00023591,0,0,0,0,0,0
00BKGN0008,E00023856,0,0,0,0,0,0
00AEGY0011,E00002817,0,0,0,0,0,0
00BKGF0004,E00023588,0,0,0,0,0,0
00AEGR0001,E00002571,0,0,0,0,0,0
00AEHF0018,E00003086,0,0,0,0,0,0
00AEGR0003,E00002573,0,0,0,0,0,0
00AEGR0005,E00002575,0,0,0,0,0,0
00AGGF0034,E00004234,0,0,0,0,0,0
00AEGY0012,E00002818,0,0,0,0,0,0
00AEGY0010,E00002816,0,0,0,0,0,0
00AEGY0014,E00002820,0,0,0,0,0,0
00BKGN0025,E00023873,0,0,0,0,0,0
00AEGY0029,E00002835,0,0,0,0,0,0
00BKGN0030,E00023878,0,0,0,0,0,0
00BKGF0003,E00023587,0,0,0,0,0,0
00BKGN0024,E00023872,0,0,0,0,0,0
00BKGN0027,E00023875,0,0,0,0,0,0
00BKGF0032,E00023616,0,0,0,0,0,0
00BKGN0021,E00023869,0,0,0,0,0,0
00ANGD0008,E00009366,0,0,0,0,0,0
00AGGF0004,E00004204,0,0,0,0,0,0
00AEGR0015,E00002585,0,0,0,0,0,0
00AEHF0008,E00003076,0,0,0,0,0,0
00AEGR0008,E00002578,0,0,0,0,0,0
00AEGR0030,E00002600,0,0,0,0,0,0
00AEHF0020,E00003088,0,0,0,0,0,0
00AEGR0032,E00002602,0,0,0,0,0,0
00BKGA0017,E00023428,0,0,0,0,0,0
00AEGR0002,E00002572,0,0,0,0,0,0
00AEGL0015,E00002397,0,0,0,0,0,0
00BKGA0019,E00023430,0,0,0,0,0,0
00AEHF0006,E00003074,0,0,0,0,0,0
00AEHF0005,E00003073,0,0,0,0,0,0
00AEHF0007,E00003075,0,0,0,0,0,0
00AEHF0040,E00003108,0,0,0,0,0,0
00AGGF0029,E00004229,0,0,0,0,0,0
00AEGN0024,E00002479,0,0,0,0,0,0
00AEGN0027,E00002482,0,0,0,0,0,0
00AEHF0016,E00003084,0,0,0,0,0,0
00AEHF0015,E00003083,0,0,0,0,0,0
00AEGR0023,E00002593,0,0,0,0,0,0
00AEGR0029,E00002599,0,0,0,0,0,0
00AEGR0036,E00002606,0,0,0,0,0,0
00AEGR0017,E00002587,0,0,0,0,0,0
00AEGY0035,E00002841,0,0,0,0,0,0
00AEGR0035,E00002605,0,0,0,0,0,0
00AEGR0027,E00002597,0,0,0,0,0,0
00AEGY0036,E00002842,0,0,0,0,0,0
00AEGL0002,E00002384,0,0,0,0,0,0
00AEGY0006,E00002812,0,0,0,0,0,0
00AEGY0008,E00002814,0,0,0,0,0,0
00AEGY0003,E00002809,0,0,0,0,0,0
00AEGY0005,E00002811,0,0,0,0,0,0
00AEGY0031,E00002837,0,0,0,0,0,0
00AEGY0039,E00002845,0,0,0,0,0,0
00AEGY0030,E00002836,0,0,0,0,0,0
00AEGY0026,E00002832,0,0,0,0,0,0
00AEGY0009,E00002815,0,0,0,0,0,0
00AEGY0038,E00002844,0,0,0,0,0,0
00AEGL0021,E00002403,0,0,0,0,0,0
00AEGL0014,E00002396,0,0,0,0,0,0
00AGGR0027,E00004630,0,0,0,0,0,0
00AEGY0022,E00002828,0,0,0,0,0,0
00AEGL0007,E00002389,0,0,0,0,0,0
00AEGL0013,E00002395,0,0,0,0,0,0
00AEGY0023,E00002829,0,0,0,0,0,0
00AEGY0024,E00002830,0,0,0,0,0,0
00BKGA0005,E00023416,0,0,0,0,0,0
00AEGY0042,E00002848,0,0,0,0,0,0
00AEGL0019,E00002401,0,0,0,0,0,0
00AEGL0003,E00002385,0,0,0,0,0,0
00AEGY0034,E00002840,0,0,0,0,0,0
00BKGN0020,E00023868,0,0,0,0,0,0
00AEGY0004,E00002810,0,0,0,0,0,0
00AEGY0021,E00002827,0,0,0,0,0,0
00AGGR0032,E00004635,0,0,0,0,0,0
00AEGY0028,E00002834,0,0,0,0,0,0
00BKGN0026,E00023874,0,0,0,0,0,0
00AEGY0002,E00002808,0,0,0,0,0,0
00AGGR0038,E00004641,0,0,0,0,0,0
00AEGY0033,E00002839,0,0,0,0,0,0
00BKGN0022,E00023870,0,0,0,0,0,0
00BKGN0023,E00023871,0,0,0,0,0,0
00BKGF0031,E00023615,0,0,0,0,0,0
00AEGT0028,E00002666,0,0,0,0,0,0
00AEGY0032,E00002838,0,0,0,0,0,0
00AEGY0027,E00002833,0,0,0,0,0,0
00AEGT0009,E00002647,0,0,0,0,0,0
00AEGL0016,E00002398,0,0,0,0,0,0
00AEGT0020,E00002658,0,0,0,0,0,0
00AEGY0019,E00002825,0,0,0,0,0,0
00AEGY0020,E00002826,0,0,0,0,0,0
00AEGY0025,E00002831,0,0,0,0,0,0
00AEGT0014,E00002652,0,0,0,0,0,0
00AEGT0017,E00002655,0,0,0,0,0,0
00AEGT0004,E00002642,0,0,0,0,0,0
00AEGT0005,E00002643,0,0,0,0,0,0
00AEGT0006,E00002644,0,0,0,0,0,0
00AEGT0007,E00002645,0,0,0,0,0,0
00AEGT0008,E00002646,0,0,0,0,0,0
00AEGT0013,E00002651,0,0,0,0,0,0
00BKGA0006,E00023417,0,0,0,0,0,0
00AEGT0051,E00002689,0,0,0,0,0,0
00AEGL0005,E00002387,0,0,0,0,0,0
00AEGL0009,E00002391,0,0,0,0,0,0
00AEGL0012,E00002394,0,0,0,0,0,0
00BKGA0023,E00023434,0,0,0,0,0,0
00AEGL0036,E00002418,0,0,0,0,0,0
00AEHF0033,E00003101,0,0,0,0,0,0
00AEGL0011,E00002393,0,0,0,0,0,0
00AEGL0035,E00002417,0,0,0,0,0,0
00AEGL0037,E00002419,0,0,0,0,0,0
00AEGL0028,E00002410,0,0,0,0,0,0
00AEHF0029,E00003097,0,0,0,0,0,0
00AEHF0037,E00003105,0,0,0,0,0,0
00AEHF0030,E00003098,0,0,0,0,0,0
00AEGL0006,E00002388,0,0,0,0,0,0
00AEGL0024,E00002406,0,0,0,0,0,0
00AGGW0038,E00004803,0,0,0,0,0,0
00AEGL0030,E00002412,0,0,0,0,0,0
00AEHF0038,E00003106,0,0,0,0,0,0
00BKGA0009,E00023420,0,0,0,0,0,0
00AEGL0010,E00002392,0,0,0,0,0,0
00AEGL0032,E00002414,0,0,0,0,0,0
00AEGL0033,E00002415,0,0,0,0,0,0
00AEGU0023,E00002714,0,0,0,0,0,0
00AEGL0001,E00002383,0,0,0,0,0,0
00AEHF0035,E00003103,0,0,0,0,0,0
00AEGN0019,E00002474,0,0,0,0,0,0
00AEGL0004,E00002386,0,0,0,0,0,0
00AEGN0022,E00002477,0,0,0,0,0,0
00AEHF0028,E00003096,0,0,0,0,0,0
00AEHF0019,E00003087,0,0,0,0,0,0
00AEHF0031,E00003099,0,0,0,0,0,0
00AEGN0023,E00002478,0,0,0,0,0,0
00AEGU0018,E00002709,0,0,0,0,0,0
00AEGU0022,E00002713,0,0,0,0,0,0
00BKGA0007,E00023418,0,0,0,0,0,0
00AEGU0026,E00002717,0,0,0,0,0,0
00AEGU0033,E00002724,0,0,0,0,0,0
00AEGU0029,E00002720,0,0,0,0,0,0
00AEGL0025,E00002407,0,0,0,0,0,0
00AEGU0021,E00002712,0,0,0,0,0,0
00AEGU0024,E00002715,0,0,0,0,0,0
00AEGL0029,E00002411,0,0,0,0,0,0
00AEGT0047,E00002685,0,0,0,0,0,0
00AEGL0026,E00002408,0,0,0,0,0,0
00AEGT0001,E00002639,0,0,0,0,0,0
00BKGA0014,E00023425,0,0,0,0,0,0
00AEGT0050,E00002688,0,0,0,0,0,0
00AEGT0048,E00002686,0,0,0,0,0,0
00AEGL0034,E00002416,0,0,0,0,0,0
00AEGT0046,E00002684,0,0,0,0,0,0
00AGGX0027,E00004839,0,0,0,0,0,0
00AEGT0045,E00002683,0,0,0,0,0,0
00AGGR0010,E00004613,0,0,0,0,0,0
00AGGX0024,E00004836,0,0,0,0,0,0
00AGGX0026,E00004838,0,0,0,0,0,0
00AEGT0002,E00002640,0,0,0,0,0,0
00AGGT0003,E00004683,0,0,0,1,0,1
00AGGR0002,E00004605,0,0,0,0,0,0
00AGGR0009,E00004612,0,0,0,0,0,0
00AGGX0022,E00004834,0,0,0,0,0,0
00AEGU0020,E00002711,0,0,0,0,0,0
00AEGU0031,E00002722,0,0,0,0,0,0
00AEGU0034,E00002725,0,0,0,0,0,0
00AEGU0032,E00002723,0,0,0,0,0,0
00AEGU0027,E00002718,0,0,0,0,0,0
00AEGU0028,E00002719,0,0,0,0,0,0
00AEGU0035,E00002726,0,0,0,0,0,0
00AEGU0030,E00002721,0,0,0,0,0,0
00AGGH0006,E00004287,0,0,0,0,0,0
00AGGH0013,E00004294,0,0,0,0,0,0
00BKGL0033,E00023806,0,0,0,0,0,0
00AGGH0001,E00004282,0,0,0,0,0,0
00AGGH0003,E00004284,0,0,0,0,0,0
00AGGH0005,E00004286,0,0,0,0,0,0
00AGGH0002,E00004283,0,0,0,0,0,0
00AGGH0007,E00004288,0,0,0,0,0,0
00AGGH0036,E00004317,0,0,0,0,0,0
00AGGH0011,E00004292,0,0,0,0,0,0
00BKGP0014,E00023893,0,0,0,0,0,0
00BKGA0020,E00023431,0,0,0,0,0,0
00BKGL0005,E00023778,0,0,0,0,0,0
00AGGX0010,E00004822,0,0,0,0,0,0
00AGGX0040,E00004852,0,0,0,0,0,0
00AEGT0043,E00002681,0,0,0,0,0,0
00AEGT0041,E00002679,0,0,0,0,0,0
00BKGP0015,E00023894,0,0,0,0,0,0
00BKGL0023,E00023796,0,0,0,0,0,0
00BKGA0018,E00023429,0,0,0,0,0,0
00BKGL0002,E00023775,0,0,0,0,0,0
00BKGA0016,E00023427,0,0,0,0,0,0
00BKGP0012,E00023891,0,0,0,0,0,0
00BKGP0017,E00023896,0,0,0,0,0,0
00BKGP0020,E00023899,0,0,0,0,0,0
00AEGT0039,E00002677,0,0,0,0,0,0
00AEGT0035,E00002673,0,0,0,0,0,0
00BKGA0035,E00023446,0,0,0,0,0,0
00AEGT0003,E00002641,0,0,0,0,0,0
00BKGP0001,E00023880,0,0,0,0,0,0
00AEGT0011,E00002649,0,0,0,0,0,0
00AEGT0015,E00002653,0,0,0,0,0,0
00AEGT0016,E00002654,0,0,0,0,0,0
00AEGT0026,E00002664,0,0,0,0,0,0
00AEGT0032,E00002670,0,0,0,0,0,0
00AGGR0018,E00004621,0,0,0,0,0,0
00AGGX0025,E00004837,0,0,0,0,0,0
00AGGR0011,E00004614,0,0,0,0,0,0
00AGGR0017,E00004620,0,0,0,0,0,0
00AGGX0029,E00004841,0,0,0,0,0,0
00AGGX0021,E00004833,0,0,0,0,0,0
00AGGH0034,E00004315,0,0,0,0,0,0
00AGGX0005,E00004817,0,0,0,0,0,0
00AGGR0012,E00004615,0,0,0,0,0,0
00AGGR0015,E00004618,0,0,0,0,0,0
00AGGR0016,E00004619,0,0,0,0,0,0
00AEGT0025,E00002663,0,0,0,0,0,0
00AGGR0013,E00004616,0,0,0,0,0,0
00BKGL0018,E00023791,0,0,0,0,0,0
00AGGX0030,E00004842,0,0,0,0,0,0
00AGGX0004,E00004816,0,0,0,0,0,0
00AGGX0007,E00004819,0,0,0,0,0,0
00BKGL0001,E00023774,0,0,0,0,0,0
00AEGT0036,E00002674,0,0,0,0,0,0
00BKGL0017,E00023790,0,0,0,0,0,0
00BKGA0004,E00023415,0,0,0,0,0,0
00BKGL0020,E00023793,0,0,0,0,0,0
00BKGL0016,E00023789,0,0,0,0,0,0
00BKGL0019,E00023792,0,0,0,0,0,0
00AEGT0023,E00002661,0,0,0,0,0,0
00AEGT0038,E00002676,0,0,0,0,0,0
00AGGR0008,E00004611,0,0,0,0,0,0
00BKGL0014,E00023787,0,0,0,0,0,0
00BKGL0015,E00023788,0,0,0,0,0,0
00BKGA0002,E00023413,0,0,0,0,0,0
00BKGA0008,E00023419,0,0,0,0,0,0
00BKGA0011,E00023422,0,0,0,0,0,0
00BKGA0036,E00023447,0,0,0,0,0,0
00BKGA0037,E00023448,0,0,0,0,0,0
00BKGA0015,E00023426,0,0,0,0,0,0
00BKGA0034,E00023445,0,0,0,0,0,0
00AGGR0040,E00004643,0,0,0,0,0,0
00BKGP0006,E00023885,0,0,0,0,0,0
00AGGR0005,E00004608,0,0,0,0,0,0
00AGGR0026,E00004629,0,0,0,0,0,0
00AGGR0006,E00004609,0,0,0,0,0,0
00AGGR0007,E00004610,0,0,0,0,0,0
00AGGR0021,E00004624,0,0,0,0,0,0
00AGGR0025,E00004628,0,0,0,0,0,0
00AGGR0031,E00004634,0,0,0,0,0,0
00AGGR0041,E00004644,0,0,0,0,0,0
00AGGT0042,E00004722,0,0,0,1,0,1
00AGGW0005,E00004770,0,0,0,0,0,0
00BKGA0030,E00023441,0,0,0,0,0,0
00AGGG0020,E00004263,0,0,0,0,0,0
00AGGR0029,E00004632,0,0,0,0,0,0
00AGGR0034,E00004637,0,0,0,0,0,0
00AGGR0020,E00004623,0,0,0,0,0,0
00AGGR0030,E00004633,0,0,0,0,0,0
00AGGW0010,E00004775,0,0,0,0,0,0
00AGGR0022,E00004625,0,0,0,0,0,0
00AGGG0015,E00004258,0,0,0,0,0,0
00AGGR0023,E00004626,0,0,0,0,0,0
00AGGR0024,E00004627,0,0,0,0,0,0
00BKGP0002,E00023881,0,0,0,0,0,0
00BKGA0001,E00023412,0,0,0,0,0,0
00BKGA0031,E00023442,0,0,0,0,0,0
00BKGA0038,E00023449,0,0,0,0,0,0
00BKGA0013,E00023424,0,0,0,0,0,0
00AGGG0017,E00004260,0,0,0,0,0,0
00AGGQ0042,E00004603,0,0,0,0,0,0
00BKGP0008,E00023887,0,0,0,0,0,0
00BKGP0013,E00023892,0,0,0,0,0,0
00BKGP0010,E00023889,0,0,0,0,0,0
00BKGA0033,E00023444,0,0,0,0,0,0
00BKGP0007,E00023886,0,0,0,0,0,0
00BKGP0009,E00023888,0,0,0,0,0,0
00BKGP0011,E00023890,0,0,0,0,0,0
00BKGP0046,E00023925,0,0,0,0,0,0
00BKGA0025,E00023436,0,0,0,0,0,0
00AGGW0006,E00004771,0,0,0,0,0,0
00BKGA0026,E00023437,0,0,0,0,0,0
00BKGA0021,E00023432,0,0,0,0,0,0
00BKGA0022,E00023433,0,0,0,0,0,0
00BKGA0029,E00023440,0,0,0,0,0,0
00AGGW0016,E00004781,0,0,0,0,0,0
00AGGW0013,E00004778,0,0,0,0,0,0
00AGGW0014,E00004779,0,0,0,0,0,0
00AGGW0015,E00004780,0,0,0,0,0,0
00AGGW0012,E00004777,0,0,0,0,0,0
00BKGA0032,E00023443,0,0,0,0,0,0
00AGGW0018,E00004783,0,0,0,0,0,0
00AGGW0007,E00004772,0,0,0,0,0,0
00BKGP0044,E00023923,0,0,0,0,0,0
00BKGP0045,E00023924,0,0,0,0,0,0
00AGGX0023,E00004835,0,0,0,0,0,0
00AGGW0001,E00004766,0,0,0,0,0,0
00AGGR0014,E00004617,0,0,0,0,0,0
00AGGW0002,E00004767,0,0,0,0,0,0
00AGGX0034,E00004846,0,0,0,0,0,0
00AGGR0019,E00004622,0,0,0,0,0,0
00AGGW0047,E00004812,0,0,0,0,0,0
00AGGX0028,E00004840,0,0,0,0,0,0
00AGGX0031,E00004843,0,0,0,0,0,0
00AGGX0032,E00004844,0,0,0,0,0,0
00AGGX0033,E00004845,0,0,0,0,0,0
00AGGX0035,E00004847,0,0,0,0,0,0
00AGGW0011,E00004776,0,0,0,0,0,0
00AGGW0045,E00004810,0,0,0,0,0,0
00AGGW0028,E00004793,0,0,0,0,0,0
00AGGW0044,E00004809,0,0,0,0,0,0
00AGGW0020,E00004785,0,0,0,0,0,0
00AGGJ0020,E00004339,0,0,0,0,0,0
00AGGW0039,E00004804,0,0,0,0,0,0
00AGGW0041,E00004806,0,0,0,0,0,0
00AGGW0046,E00004811,0,0,0,0,0,0
00AGGW0036,E00004801,0,0,0,0,0,0
00AGGW0027,E00004792,0,0,0,0,0,0
00AGGX0041,E00004853,0,0,0,0,0,0
00AGGX0001,E00004813,0,0,0,0,0,0
00AGGX0009,E00004821,0,0,0,0,0,0
00AGGX0013,E00004825,0,0,0,0,0,0
00AGGX0014,E00004826,0,0,0,0,0,0
00AGGX0012,E00004824,0,0,0,0,0,0
00AGGX0039,E00004851,0,0,0,0,0,0
00AGGX0008,E00004820,0,0,0,0,0,0
00AGGJ0002,E00004321,0,0,0,0,0,0
00AGGJ0011,E00004330,0,0,0,0,0,0
00AGGX0003,E00004815,0,0,0,0,0,0
00AGGX0019,E00004831,0,0,0,0,0,0
00AGGD0031,E00004150,0,0,0,0,0,0
00AGGX0036,E00004848,0,0,0,0,0,0
00AUGM0032,E00013985,0,0,0,1,0,1
00AGGD0044,E00004163,0,0,0,0,0,0
00AGGJ0025,E00004344,0,0,0,0,0,0
00AGGW0035,E00004800,0,0,0,0,0,0
00AGGD0024,E00004143,0,0,0,0,0,0
00AMGK0023,E00008886,0,0,0,0,0,1
00AGGJ0024,E00004343,0,0,0,0,0,0
00AGGD0001,E00004120,0,0,0,0,0,0
00AGGW0008,E00004773,0,0,0,0,0,0
00AGGD0029,E00004148,0,0,0,0,0,0
00AGGD0033,E00004152,0,0,0,0,0,0
00AGGD0003,E00004122,0,0,0,0,0,0
00AGGD0004,E00004123,0,0,0,0,0,0
00AGGD0030,E00004149,0,0,0,0,0,0
00AGGD0032,E00004151,0,0,0,0,0,0
00AGGD0034,E00004153,0,0,0,0,0,0
00AGGJ0001,E00004320,0,0,0,0,0,0
00AGGJ0016,E00004335,0,0,0,0,0,0
00AGGJ0013,E00004332,0,0,0,0,0,0
00AGGJ0019,E00004338,0,0,0,0,0,0
00AGGL0040,E00004440,0,0,0,0,0,0
00AGGT0037,E00004717,0,0,0,0,0,1
00AGGJ0022,E00004341,0,0,0,0,0,0
00AGGD0007,E00004126,0,0,0,0,0,0
00AGGD0022,E00004141,0,0,0,0,0,0
00AGGD0026,E00004145,0,0,0,0,0,0
00AGGD0009,E00004128,0,0,0,0,0,0
00AGGD0008,E00004127,0,0,0,0,0,0
00AGGD0011,E00004130,0,0,0,0,0,0
00AGGD0014,E00004133,0,0,0,0,0,0
00AGGK0018,E00004379,0,0,0,0,0,0
00AGGK0007,E00004368,0,0,0,0,0,0
00AGGL0035,E00004435,0,0,0,0,0,0
00AGGD0023,E00004142,0,0,0,0,0,0
00AGGD0013,E00004132,0,0,0,0,0,0
00AGGD0016,E00004135,0,0,0,0,0,0
00AGGT0040,E00004720,0,0,0,1,0,1
00AEGN0026,E00002481,0,0,0,0,0,0
00AEGN0014,E00002469,0,0,0,0,0,0
00AEGN0008,E00002463,0,0,0,0,0,0
00AEGN0009,E00002464,0,0,0,0,0,0
00AEGN0011,E00002466,0,0,0,0,0,0
00AGGF0003,E00004203,0,0,0,0,0,0
00AEGU0015,E00002706,0,0,0,0,0,0
00AEGU0014,E00002705,0,0,0,0,0,0
00AEGU0017,E00002708,0,0,0,0,0,0
00AGGH0033,E00004314,0,0,0,0,0,0
00AGGH0030,E00004311,0,0,0,0,0,0
00AGGH0031,E00004312,0,0,0,0,0,0
00AGGH0037,E00004318,0,0,0,0,0,0
00AEGU0011,E00002702,0,0,0,0,0,0
00AEGU0004,E00002695,0,0,0,0,0,0
00AGGH0017,E00004298,0,0,0,0,0,0
00AGGH0020,E00004301,0,0,0,0,0,0
00AGGH0026,E00004307,0,0,0,0,0,0
00AGGH0027,E00004308,0,0,0,0,0,0
00AEGM0029,E00002450,0,0,0,0,0,0
00AEGM0016,E00002437,0,0,0,0,0,0
00AEGN0007,E00002462,0,0,0,0,0,0
00AGGT0036,E00004716,0,0,0,1,0,1
00AEGM0002,E00002423,0,0,0,0,0,0
00AEGM0030,E00002451,0,0,0,0,0,0
00AEGM0010,E00002431,0,0,0,0,0,0
00AEGM0001,E00002422,0,0,0,0,0,0
00AEGU0006,E00002697,0,0,0,0,0,0
00AEGM0004,E00002425,0,0,0,0,0,0
00ACGS0027,E00001520,0,0,0,0,0,0
00ACGS0026,E00001519,0,0,0,0,0,0
00AEGU0042,E00002733,0,0,0,0,0,0
00ACGH0028,E00001088,0,0,0,0,0,0
00AEGM0017,E00002438,0,0,0,0,0,0
00AEGU0045,E00002736,0,0,0,0,0,0
00AEGU0001,E00002692,0,0,0,0,0,0
00AEGU0008,E00002699,0,0,0,0,0,0
00AEGU0044,E00002735,0,0,0,0,0,0
00AEGU0046,E00002737,0,0,0,0,0,0
00AEGU0002,E00002693,0,0,0,0,0,0
00AEGU0005,E00002696,0,0,0,0,0,0
00AEGU0009,E00002700,0,0,0,0,0,0
00AEGU0043,E00002734,0,0,0,0,0,0
00AEGU0040,E00002731,0,0,0,0,0,0
00ACFZ0018,E00000685,0,0,0,0,0,0
00AGGU0037,E00004759,0,0,0,1,0,1
00AEGU0003,E00002694,0,0,0,0,0,0
00AEGU0012,E00002703,0,0,0,0,0,0
00AEGU0013,E00002704,0,0,0,0,0,0
00AEGU0010,E00002701,0,0,0,0,0,0
00AEGM0034,E00002455,0,0,0,0,0,0
00AEGM0032,E00002453,0,0,0,0,0,0
00AUFZ0038,E00013501,0,0,0,0,0,0
00AEGM0027,E00002448,0,0,0,0,0,0
00AEGM0031,E00002452,0,0,0,0,0,0
00AEGM0022,E00002443,0,0,0,0,0,0
00AEGU0038,E00002729,0,0,0,0,0,0
00ACFZ0001,E00000668,0,0,0,0,0,0
00ACFZ0009,E00000676,0,0,0,0,0,0
00AEGU0041,E00002732,0,0,0,0,0,0
00ACGH0030,E00001090,0,0,0,0,0,0
00ACFZ0015,E00000682,0,0,0,0,0,0
00ACFZ0016,E00000683,0,0,0,0,0,0
00ACFZ0014,E00000681,0,0,0,0,0,0
00AUGF0024,E00013727,0,0,0,0,0,0
00ACFZ0017,E00000684,0,0,0,0,0,0
00AGGH0015,E00004296,0,0,0,0,0,0
00AGGH0019,E00004300,0,0,0,0,0,0
00ACFZ0019,E00000686,0,0,0,0,0,0
00AGGH0022,E00004303,0,0,0,0,0,0
00ACFZ0006,E00000673,0,0,0,0,0,0
00ACFZ0010,E00000677,0,0,0,0,0,0
00ACFZ0002,E00000669,0,0,0,0,0,0
00ACFZ0047,E00000714,0,0,0,0,0,0
00ACFZ0012,E00000679,0,0,0,0,0,0
00ACFZ0013,E00000680,0,0,0,0,0,0
00ACFZ0052,E00000719,0,0,0,0,0,0
00ACGH0018,E00001078,0,0,0,0,0,0
00ACGH0029,E00001089,0,0,0,0,0,0
00AGGK0008,E00004369,0,0,0,0,0,0
00ACGH0031,E00001091,0,0,0,0,0,0
00ACFZ0048,E00000715,0,0,0,0,0,0
00ACFZ0003,E00000670,0,0,0,0,0,0
00ACFZ0043,E00000710,0,0,0,0,0,0
00ACFZ0031,E00000698,0,0,0,0,0,0
00ACFZ0045,E00000712,0,0,0,0,0,0
00ACFZ0053,E00000720,0,0,0,0,0,0
00ACFZ0008,E00000675,0,0,0,0,0,0
00ACFZ0051,E00000718,0,0,0,0,0,0
00ACFZ0004,E00000671,0,0,0,0,0,0
00ACFZ0005,E00000672,0,0,0,0,0,0
00AGGH0032,E00004313,0,0,0,0,0,0
00ACFZ0011,E00000678,0,0,0,0,0,0
00ACFZ0049,E00000716,0,0,0,0,0,0
00ACFZ0050,E00000717,0,0,0,0,0,0
00ACGH0024,E00001084,0,0,0,0,0,0
00ACGH0026,E00001086,0,0,0,0,0,0
00ACGH0022,E00001082,0,0,0,0,0,0
00ACGH0020,E00001080,0,0,0,0,0,0
00ACGH0023,E00001083,0,0,0,0,0,0
00ACGH0019,E00001079,0,0,0,0,0,0
00ACGH0001,E00001061,0,0,0,0,0,0
00ACFZ0055,E00000722,0,0,0,0,0,0
00AGGU0038,E00004760,0,0,0,1,0,1
00AGGK0005,E00004366,0,0,0,0,0,0
00ACGH0025,E00001085,0,0,0,0,0,0
00ACGH0027,E00001087,0,0,0,0,0,0
00ACFZ0027,E00000694,0,0,0,0,0,0
00ACFZ0034,E00000701,0,0,0,0,0,0
00ACFZ0046,E00000713,0,0,0,0,0,0
00ACFZ0041,E00000708,0,0,0,0,0,0
00ACFZ0029,E00000696,0,0,0,0,0,0
00ACFZ0030,E00000697,0,0,0,0,0,0
00ACFZ0042,E00000709,0,0,0,0,0,0
00ACFZ0028,E00000695,0,0,0,0,0,0
00AGGJ0010,E00004329,0,0,0,0,0,0
00ACGH0021,E00001081,0,0,0,0,0,0
00ACGH0015,E00001075,0,0,0,0,0,0
00ACGH0017,E00001077,0,0,0,0,0,0
00ACFZ0022,E00000689,0,0,0,0,0,0
00ACFZ0023,E00000690,0,0,0,0,0,0
00AGGJ0008,E00004327,0,0,0,0,0,0
00ACFZ0032,E00000699,0,0,0,0,0,0
00AGGU0039,E00004761,0,0,0,1,0,1
00ACFZ0025,E00000692,0,0,0,0,0,0
00ACFZ0021,E00000688,0,0,0,0,0,0
00ACFZ0024,E00000691,0,0,0,0,0,0
00AGGH0028,E00004309,0,0,0,0,0,0
00AGGH0029,E00004310,0,0,0,0,0,0
00AGGH0023,E00004304,0,0,0,0,0,0
00AGGJ0006,E00004325,0,0,0,0,0,0
00AGGJ0007,E00004326,0,0,0,0,0,0
00AGGL0037,E00004437,0,0,0,0,0,0
00AGGL0036,E00004436,0,0,0,0,0,0
00AGGL0038,E00004438,0,0,0,0,0,0
00AGGJ0009,E00004328,0,0,0,0,0,0
00AGGL0034,E00004434,0,0,0,0,0,0
00AGGH0024,E00004305,0,0,0,0,0,0
00AGGJ0041,E00004360,0,0,0,0,0,0
00AGGH0025,E00004306,0,0,0,0,0,0
00AGGK0006,E00004367,0,0,0,0,0,0
00AGGJ0037,E00004356,0,0,0,0,0,0
00AGGU0024,E00004746,0,0,0,0,0,0
00AGGF0037,E00004237,0,0,0,0,0,0
00AGGJ0005,E00004324,0,0,0,0,0,0
00AGGL0033,E00004433,0,0,0,0,0,0
00AGGJ0029,E00004348,0,0,0,0,0,0
00ACFZ0054,E00000721,0,0,0,0,0,0
00AGGJ0004,E00004323,0,0,0,0,0,0
00AGGH0016,E00004297,0,0,0,0,0,0
00AGGH0018,E00004299,0,0,0,0,0,0
00AGGJ0030,E00004349,0,0,0,0,0,0
00AGGG0003,E00004246,0,0,0,0,0,0
00ACFZ0044,E00000711,0,0,0,0,0,0
00ACFZ0039,E00000706,0,0,0,0,0,0
00ACFZ0035,E00000702,0,0,0,0,0,0
00AGGJ0033,E00004352,0,0,0,0,0,0
00ACFZ0036,E00000703,0,0,0,0,0,0
00ACFZ0040,E00000707,0,0,0,0,0,0
00ACFZ0037,E00000704,0,0,0,0,0,0
00AGGG0037,E00004280,0,0,0,0,0,0
00ACGG0049,E00001060,0,0,0,0,0,0
00AGGJ0034,E00004353,0,0,0,0,0,0
00AGGJ0035,E00004354,0,0,0,0,0,0
00AGGJ0039,E00004358,0,0,0,0,0,0
00AGGH0004,E00004285,0,0,0,0,0,0
00AGGJ0032,E00004351,0,0,0,0,0,0
00AGGJ0042,E00004361,0,0,0,0,0,0
00AGGJ0038,E00004357,0,0,0,0,0,0
00AGGJ0040,E00004359,0,0,0,0,0,0
00AGGJ0031,E00004350,0,0,0,0,0,0
00AGGJ0036,E00004355,0,0,0,0,0,0
00AGGL0015,E00004415,0,0,0,0,0,0
00AGGL0019,E00004419,0,0,0,0,0,0
00AGGL0013,E00004413,0,0,0,0,0,0
00AUGH0024,E00013808,0,0,0,0,0,0
00AGGJ0026,E00004345,0,0,0,0,0,0
00AGGJ0028,E00004347,0,0,0,0,0,0
00AGGJ0003,E00004322,0,0,0,0,0,0
00AGGM0035,E00004475,0,0,0,0,0,0
00AGGJ0027,E00004346,0,0,0,0,0,0
00AGGL0007,E00004407,0,0,0,0,0,0
00AGGL0026,E00004426,0,0,0,0,0,0
00AGGL0005,E00004405,0,0,0,0,0,0
00AGGL0001,E00004401,0,0,0,0,0,0
00AGGL0020,E00004420,0,0,0,0,0,0
00AGGL0029,E00004429,0,0,0,0,0,0
00AGGL0031,E00004431,0,0,0,0,0,0
00AGGL0027,E00004427,0,0,0,0,0,0
00AGGL0022,E00004422,0,0,0,0,0,0
00AGGL0009,E00004409,0,0,0,0,0,0
00AGGL0028,E00004428,0,0,0,0,0,0
00AGGL0030,E00004430,0,0,0,0,0,0
00AGGL0017,E00004417,0,0,0,0,0,0
00BGFZ0027,E00021286,0,0,0,0,0,0
00AGGL0021,E00004421,0,0,0,0,0,0
00AGGL0002,E00004402,0,0,0,0,0,0
00AGGL0024,E00004424,0,0,0,0,0,0
00AGGL0010,E00004410,0,0,0,0,0,0
00AGGL0025,E00004425,0,0,0,0,0,0
00AGGK0026,E00004387,0,0,0,0,0,0
00AGGK0029,E00004390,0,0,0,0,0,0
00AGGK0032,E00004393,0,0,0,0,0,0
00AGGL0023,E00004423,0,0,0,0,0,0
00AGGS0017,E00004662,1,0,1,0,1,0
00AGGL0012,E00004412,0,0,0,0,0,0
00AGGL0014,E00004414,0,0,0,0,0,0
00AGGL0032,E00004432,0,0,0,0,0,0
00AGGK0004,E00004365,0,0,0,0,0,0
00AGGK0034,E00004395,0,0,0,0,0,0
00AGGT0007,E00004687,0,0,0,0,0,1
00AGGK0027,E00004388,0,0,0,0,0,0
00AGGL0011,E00004411,0,0,0,0,0,0
00AGGL0006,E00004406,0,0,0,0,0,0
00AGGL0016,E00004416,0,0,0,0,0,0
00AGGL0004,E00004404,0,0,0,0,0,0
00AGGL0008,E00004408,0,0,0,0,0,0
00ACFZ0038,E00000705,0,0,0,0,0,0
00AGGT0004,E00004684,0,0,0,1,0,1
00ACFZ0033,E00000700,0,0,0,0,0,0
00ACGG0047,E00001058,0,0,0,0,0,0
00ACGG0005,E00001016,0,0,0,0,0,0
00AGGL0003,E00004403,0,0,0,0,0,0
00ACGG0002,E00001013,0,0,0,0,0,0
00ACGG0006,E00001017,0,0,0,0,0,0
00BKGP0040,E00023919,0,0,0,1,0,1
00AGGT0014,E00004694,0,1,0,1,0,1
00AGGU0002,E00004724,0,1,0,1,0,1
00AGGU0007,E00004729,0,1,0,1,0,1
00AGGU0009,E00004731,0,1,0,1,0,1
00AGGF0026,E00004226,0,0,0,0,0,0
00BKGP0043,E00023922,0,0,0,0,0,0
00AGGF0001,E00004201,0,0,0,0,0,0
00AGGU0004,E00004726,0,1,0,1,0,1
00AGGF0021,E00004221,0,0,0,0,0,0
00AGGD0028,E00004147,0,0,0,0,0,0
00AGGM0011,E00004451,0,0,0,0,0,0
00AGGK0011,E00004372,0,0,0,0,0,0
00AGGM0007,E00004447,0,0,0,0,0,0
00AGGF0041,E00004241,0,0,0,0,0,0
00AGGF0015,E00004215,0,0,0,0,0,0
00AGGF0018,E00004218,0,0,0,0,0,0
00AGGM0029,E00004469,0,0,0,0,0,0
00AGGM0033,E00004473,0,0,0,0,0,0
00AGGT0032,E00004712,0,0,0,0,0,0
00AGGT0034,E00004714,0,0,0,0,0,1
00AGGT0035,E00004715,0,0,0,0,0,1
00AGGT0038,E00004718,0,0,0,0,0,1
00AGGT0031,E00004711,0,0,0,0,0,0
00AGGT0033,E00004713,0,0,0,0,0,1
00AGGF0027,E00004227,0,0,0,0,0,0
00AGGF0031,E00004231,0,0,0,0,0,0
00AGGF0002,E00004202,0,0,0,0,0,0
00AGGF0032,E00004232,0,0,0,0,0,0
00AMGC0015,E00008623,0,0,0,0,0,0
00AGGU0027,E00004749,0,0,0,0,0,1
00AGGF0033,E00004233,0,0,0,0,0,0
00AGGF0039,E00004239,0,0,0,0,0,0
00AGGF0042,E00004242,0,0,0,0,0,0
00AGGF0028,E00004228,0,0,0,0,0,0
00AGGU0030,E00004752,0,0,0,1,0,1
00AGGF0025,E00004225,0,0,0,0,0,0
00AGGT0025,E00004705,0,0,0,0,0,0
00AGGF0038,E00004238,0,0,0,0,0,0
00AGGF0035,E00004235,0,0,0,0,0,0
00AGGF0043,E00004243,0,0,0,0,0,0
00AGGT0023,E00004703,0,0,0,0,0,0
00AGGF0005,E00004205,0,0,0,0,0,0
00AGGT0030,E00004710,0,0,0,0,0,1
00AGGU0032,E00004754,0,0,0,1,0,1
00AGGT0026,E00004706,0,0,0,0,0,1
00AGGT0027,E00004707,0,0,0,0,0,0
00AGGU0029,E00004751,0,0,0,1,0,1
00AGGU0022,E00004744,0,1,0,1,0,1
00AGGU0006,E00004728,0,1,0,1,0,1
00AGGU0043,E00004765,0,1,0,1,0,1
00AGGU0001,E00004723,0,1,0,1,0,1
00AGGU0041,E00004763,0,1,0,1,0,1
00AGGU0028,E00004750,0,0,0,0,0,1
00AGGG0038,E00004281,0,0,0,0,0,0
00AGGT0024,E00004704,0,0,0,0,0,0
00AGGU0025,E00004747,0,0,0,0,0,0
00AGGF0040,E00004240,0,0,0,0,0,0
00AGGF0036,E00004236,0,0,0,0,0,0
00AGGU0015,E00004737,0,0,0,0,0,0
00AGGU0019,E00004741,0,0,0,0,0,0
00AGGU0021,E00004743,0,0,0,0,0,0
00AGGU0023,E00004745,0,0,0,0,0,0
00AGGU0026,E00004748,0,0,0,0,0,1
00AGGF0023,E00004223,0,0,0,0,0,0
00AGGU0016,E00004738,0,0,0,0,0,0
00AGGU0020,E00004742,0,0,0,0,0,0
00AGGU0014,E00004736,0,0,0,0,0,0
00AGGU0018,E00004740,0,0,0,0,0,0
00AGGU0017,E00004739,0,0,0,0,0,0
00AGGF0013,E00004213,0,0,0,0,0,0
00AGGF0016,E00004216,0,0,0,0,0,0
00AGGF0017,E00004217,0,0,0,0,0,0
00AGGF0024,E00004224,0,0,0,0,0,0
00AGGM0030,E00004470,0,0,0,0,0,0
00AGGM0032,E00004472,0,0,0,0,0,0
00AGGM0039,E00004479,0,0,0,0,0,0
00AGGM0038,E00004478,0,0,0,0,0,0
00AUGB0015,E00013557,1,0,1,0,1,0
00AGGF0022,E00004222,0,0,0,0,0,0
00AGGM0026,E00004466,0,0,0,0,0,0
00AGGM0024,E00004464,0,0,0,0,0,0
00AGGF0014,E00004214,0,0,0,0,0,0
00AGGF0007,E00004207,0,0,0,0,0,0
00AGGF0009,E00004209,0,0,0,0,0,0
00AGGQ0012,E00004573,0,0,0,0,0,0
00AGGF0011,E00004211,0,0,0,0,0,0
00AGGM0025,E00004465,0,0,0,0,0,0
00AGGM0027,E00004467,0,0,0,0,0,0
00AGGM0034,E00004474,0,0,0,0,0,0
00AGGF0006,E00004206,0,0,0,0,0,0
00AGGF0008,E00004208,0,0,0,0,0,0
00AGGF0010,E00004210,0,0,0,0,0,0
00AGGQ0013,E00004574,0,0,0,0,0,0
00AGGM0022,E00004462,0,0,0,0,0,0
00AGGG0001,E00004244,0,0,0,0,0,0
00AGGM0006,E00004446,0,0,0,0,0,0
00AGGM0008,E00004448,0,0,0,0,0,0
00AGGM0013,E00004453,0,0,0,0,0,0
00AGGM0010,E00004450,0,0,0,0,0,0
00AGGM0015,E00004455,0,0,0,0,0,0
00AGGM0040,E00004480,0,0,0,0,0,0
00AGGK0010,E00004371,0,0,0,0,0,0
00AGGK0013,E00004374,0,0,0,0,0,0
00AGGK0019,E00004380,0,0,0,0,0,0
00AGGM0001,E00004441,0,0,0,0,0,0
00AGGM0005,E00004445,0,0,0,0,0,0
00AGGM0018,E00004458,0,0,0,0,0,0
00AGGK0016,E00004377,0,0,0,0,0,0
00AGGM0009,E00004449,0,0,0,0,0,0
00AGGQ0008,E00004569,0,0,0,0,0,0
00AUFY0020,E00013443,1,0,1,0,1,0
00AGGM0004,E00004444,0,0,0,0,0,0
00AGGQ0002,E00004563,0,0,0,0,0,0
00AGGM0014,E00004454,0,0,0,0,0,0
00AGGM0016,E00004456,0,0,0,0,0,0
00AGGQ0010,E00004571,0,0,0,0,0,0
00AGGK0015,E00004376,0,0,0,0,0,0
00AGGQ0007,E00004568,0,0,0,0,0,0
00AGGQ0009,E00004570,0,0,0,0,0,0
00AGGQ0011,E00004572,0,0,0,0,0,0
00AGGF0019,E00004219,0,0,0,0,0,0
00AGGU0011,E00004733,0,0,0,0,0,0
00AGGG0004,E00004247,0,0,0,0,0,0
00AGGG0010,E00004253,0,0,0,0,0,0
00AGGG0007,E00004250,0,0,0,0,0,0
00AGGG0008,E00004251,0,0,0,0,0,0
00AGGU0010,E00004732,0,0,0,0,0,0
00AGGG0030,E00004273,0,0,0,0,0,0
00AGGG0002,E00004245,0,0,0,0,0,0
00AGGU0013,E00004735,0,0,0,0,0,0
00AGGF0012,E00004212,0,0,0,0,0,0
00AGGG0016,E00004259,0,0,0,0,0,0
00AGGG0018,E00004261,0,0,0,0,0,0
00AGGG0021,E00004264,0,0,0,0,0,0
00AGGG0036,E00004279,0,0,0,0,0,0
00AGGQ0005,E00004566,0,0,0,0,0,0
00AGGG0005,E00004248,0,0,0,0,0,0
00AGGG0011,E00004254,0,0,0,0,0,0
00AGGG0013,E00004256,0,0,0,0,0,0
00AGGG0006,E00004249,0,0,0,0,0,0
00AGGG0012,E00004255,0,0,0,0,0,0
00AUGB0019,E00013561,1,0,1,0,1,0
00AGGG0019,E00004262,0,0,0,0,0,0
00AGGG0032,E00004275,0,0,0,0,0,0
00AGGG0014,E00004257,0,0,0,0,0,0
00AGGG0009,E00004252,0,0,0,0,0,0
00AGGG0034,E00004277,0,0,0,0,0,0
00AUGK0014,E00013885,0,0,0,0,0,0
00AGGG0035,E00004278,0,0,0,0,0,0
00AUGG0019,E00013762,0,0,0,0,0,0
00AGGG0025,E00004268,0,0,0,0,0,0
00AGGG0029,E00004272,0,0,0,0,0,0
00AGGG0026,E00004269,0,0,0,0,0,0
00AGGG0023,E00004266,0,0,0,0,0,0
00AGGQ0004,E00004565,0,0,0,0,0,0
00AGGQ0040,E00004601,0,0,0,0,0,0
00AGGQ0001,E00004562,0,0,0,0,0,0
00AGGG0022,E00004265,0,0,0,0,0,0
00AGGG0031,E00004274,0,0,0,0,0,0
00AGGQ0037,E00004598,0,0,0,0,0,0
00AGGQ0038,E00004599,0,0,0,0,0,0
00AGGQ0039,E00004600,0,0,0,0,0,0
00AGGQ0041,E00004602,0,0,0,0,0,0
00AGGG0024,E00004267,0,0,0,0,0,0
00AGGG0028,E00004271,0,0,0,0,0,0
00AGGG0027,E00004270,0,0,0,0,0,0
00AGGQ0003,E00004564,0,0,0,0,0,0
00AUGG0006,E00013749,0,0,0,0,0,0
00AUGK0013,E00013884,0,0,0,0,0,0
00AGGS0013,E00004658,1,0,1,0,1,0
00AUGB0001,E00013543,1,0,1,0,1,0
00AUGB0022,E00013564,1,0,1,0,1,0
00AUGG0008,E00013751,0,0,0,0,0,0
00AUGG0038,E00013781,0,0,0,0,0,0
00AUGG0039,E00013782,0,0,0,0,0,0
00AUGK0011,E00013882,0,0,0,0,0,0
00AUGG0016,E00013759,0,0,0,0,0,0
00AGGQ0006,E00004567,0,0,0,0,0,0
00AUGK0012,E00013883,0,0,0,0,0,0
00BGFZ0033,E00021292,0,0,0,0,0,0
00AUFY0002,E00013425,1,0,1,0,1,0
00AGGS0002,E00004647,1,0,1,0,1,0
00AUGB0002,E00013544,1,0,1,0,1,0
00AUGB0016,E00013558,1,0,1,0,1,0
00AUFY0016,E00013439,1,0,1,0,1,0
00BGFZ0006,E00021265,0,0,0,0,0,0
00AUGB0018,E00013560,1,0,1,0,1,0
00AUGB0020,E00013562,1,0,1,0,1,0
00AUGB0014,E00013556,1,0,1,0,1,0
00AUGB0017,E00013559,1,0,1,0,1,0
00AUGB0021,E00013563,1,0,1,0,1,0
00AMGK0014,E00008877,0,1,0,1,0,1
00AMGK0016,E00008879,0,1,0,1,0,1
00AGGS0014,E00004659,1,0,1,0,1,0
00AGGU0012,E00004734,0,0,0,1,0,1
00AUFZ0008,E00013471,0,0,0,0,0,1
00AUGG0018,E00013761,0,0,0,0,0,0
00AUGG0013,E00013756,0,0,0,0,0,0
00AUFZ0007,E00013470,0,0,0,1,0,1
00AUGG0041,E00013784,0,0,0,0,0,0
00AUFZ0013,E00013476,0,0,0,0,0,0
00AUFZ0024,E00013487,0,1,0,1,0,1
00AUFZ0004,E00013467,0,0,0,0,0,0
00AUGG0011,E00013754,0,0,0,0,0,0
00AUGG0037,E00013780,0,0,0,0,0,0
00AGGS0016,E00004661,1,0,1,0,1,0
00AUFZ0025,E00013488,0,1,0,1,0,1
00AUGB0013,E00013555,1,0,1,0,1,0
00AUFX0001,E00013385,0,1,0,1,0,1
00AUFX0010,E00013394,0,1,0,1,0,1
00AUFZ0022,E00013485,0,1,0,1,0,1
00AUFZ0026,E00013489,0,1,0,1,0,1
00AUFX0008,E00013392,0,1,0,1,0,1
00AUFX0009,E00013393,0,1,0,1,0,1
00AUFX0011,E00013395,0,1,0,1,0,1
00AUFZ0023,E00013486,0,1,0,1,0,1
00AUFZ0002,E00013465,0,1,0,1,0,1
00AUFZ0021,E00013484,0,1,0,1,0,1
00AUFX0035,E00013419,0,1,0,1,0,1
00AUFX0007,E00013391,0,1,0,1,0,1
00AUFX0006,E00013390,0,1,0,1,0,1
00AUGB0009,E00013551,1,0,1,0,1,0
00AUGB0010,E00013552,1,0,1,0,1,0
00AUFZ0009,E00013472,0,0,0,0,0,1
00AUGB0011,E00013553,1,0,1,0,1,0
00AUFX0037,E00013421,0,1,0,1,0,1
00AUFX0039,E00013423,0,1,0,1,0,1
00AUGB0012,E00013554,1,0,1,0,1,0
00AUFX0038,E00013422,0,1,0,1,0,1
00AUFX0033,E00013417,0,1,0,1,0,1
00AUGM0041,E00013994,0,1,0,1,0,1
00AUFZ0019,E00013482,0,0,0,1,0,1
00AUFZ0017,E00013480,0,0,0,1,0,1
00AUFZ0011,E00013474,0,0,0,0,0,1
00AUFZ0041,E00013504,0,0,0,0,0,1
00AUFZ0016,E00013479,0,0,0,0,0,1
00AUFZ0001,E00013464,0,0,0,1,0,1
00AUFZ0020,E00013483,0,0,0,1,0,1
00AUFZ0012,E00013475,0,0,0,0,0,1
00AUFX0025,E00013409,0,0,0,1,0,1
00AUFX0026,E00013410,0,0,0,1,0,1
00AUFX0028,E00013412,0,0,0,1,0,1
00AUFX0029,E00013413,0,0,0,1,0,1
00AUGL0020,E00013932,0,1,0,1,0,1
00AUGL0004,E00013916,0,0,0,1,0,1
00AUFX0022,E00013406,0,0,0,0,0,1
00AUFX0023,E00013407,0,0,0,0,0,1
00AUFX0024,E00013408,0,0,0,0,0,1
00AUGL0009,E00013921,0,0,0,0,0,1
00AUGL0012,E00013924,0,0,0,0,0,1
00AUFX0005,E00013389,0,0,0,1,0,1
00AUFX0030,E00013414,0,0,0,1,0,1
00AUFX0032,E00013416,0,1,0,1,0,1
00AUFX0004,E00013388,0,0,0,1,0,1
00AUFX0027,E00013411,0,1,0,1,0,1
00AUFX0036,E00013420,0,1,0,1,0,1
00AMGK0003,E00008866,0,1,0,1,0,1
00AUGL0017,E00013929,0,0,0,1,0,1
00AUGM0011,E00013964,0,1,0,1,0,1
00AUFZ0034,E00013497,0,0,0,0,0,0
00AUFY0013,E00013436,1,0,1,0,1,0
00AUGM0005,E00013958,0,1,0,1,0,1
00AUGM0008,E00013961,0,1,0,1,0,1
00AUGM0012,E00013965,0,1,0,1,0,1
00AUGM0013,E00013966,0,1,0,1,0,1
00AUGM0014,E00013967,0,1,0,1,0,1
00AUGM0007,E00013960,0,1,0,1,0,1
00AUGM0015,E00013968,0,1,0,1,0,1
00AUFY0012,E00013435,1,0,1,0,1,0
00AUFY0014,E00013437,1,0,1,0,1,0
00AUGM0006,E00013959,0,1,0,1,0,1
00AUGM0010,E00013963,0,1,0,1,0,1
00AUGM0040,E00013993,0,1,0,1,0,1
00AMGK0013,E00008876,0,1,0,1,0,1
00AUGL0025,E00013937,0,0,0,0,0,0
00AMGK0022,E00008885,0,1,0,1,0,1
00AMGK0028,E00008891,0,0,0,1,0,1
00AMGK0042,E00008905,0,1,0,1,0,1
00AMGK0026,E00008889,0,0,0,1,0,1
00AMGK0025,E00008888,0,1,0,1,0,1
00AUGL0019,E00013931,0,1,0,1,0,1
00AUGM0033,E00013986,0,1,0,1,0,1
00AUGM0035,E00013988,0,0,0,1,0,1
00AUGM0037,E00013990,0,0,0,1,0,1
00AUGM0042,E00013995,0,1,0,1,0,1
00AUGL0014,E00013926,0,0,0,0,0,1
00AUGM0020,E00013973,0,0,0,0,0,1
00AUGM0026,E00013979,0,0,0,1,0,1
00AUGM0039,E00013992,0,0,0,1,0,1
00AUGM0002,E00013955,0,0,0,1,0,1
00AUGG0010,E00013753,0,0,0,0,0,0
00AUGM0019,E00013972,0,0,0,0,0,0
00AUGM0003,E00013956,0,0,0,1,0,1
00AUGL0018,E00013930,0,0,0,1,0,1
00AUGL0016,E00013928,0,0,0,0,0,1
00AUGM0021,E00013974,0,0,0,0,0,1
00AUGM0038,E00013991,0,0,0,1,0,1
00AUGM0009,E00013962,0,0,0,0,0,0
00AUGM0024,E00013977,0,0,0,0,0,1
00AUGL0006,E00013918,0,0,0,0,0,1
00AUGL0013,E00013925,0,0,0,0,0,1
00AUGL0011,E00013923,0,0,0,0,0,1
00AUGM0022,E00013975,0,0,0,0,0,0
00AUGM0023,E00013976,0,0,0,0,0,1
00AUGG0017,E00013760,0,0,0,0,0,0
00AUGM0028,E00013981,0,0,0,0,0,1
00AUGM0030,E00013983,0,0,0,0,0,1
00AUGL0034,E00013946,0,0,0,0,0,0
00AUGM0017,E00013970,0,0,0,0,0,0
00AUGA0009,E00013513,0,0,0,0,0,0
00AUGM0031,E00013984,0,0,0,0,0,1
00AUGM0034,E00013987,0,0,0,1,0,1
00AUGM0036,E00013989,0,0,0,1,0,1
00AUGA0014,E00013518,0,0,0,0,0,0
00AUGM0001,E00013954,0,0,0,0,0,0
00AUGM0025,E00013978,0,0,0,0,0,0
00AUGM0029,E00013982,0,0,0,0,0,1
00AUGM0018,E00013971,0,0,0,0,0,0
00AUFZ0039,E00013502,0,0,0,0,0,0
00AUFZ0035,E00013498,0,0,0,0,0,0
00AUFZ0036,E00013499,0,0,0,0,0,0
00AUFZ0005,E00013468,0,0,0,0,0,0
00AUFZ0028,E00013491,0,0,0,0,0,0
00AUFZ0006,E00013469,0,0,0,0,0,0
00AUFZ0040,E00013503,0,0,0,0,0,0
00AUFZ0031,E00013494,0,0,0,0,0,0
00AUFZ0037,E00013500,0,0,0,0,0,0
00AUFZ0029,E00013492,0,0,0,0,0,0
00AUFZ0030,E00013493,0,0,0,0,0,0
00AUFX0003,E00013387,0,0,0,0,0,1
00AUGL0036,E00013948,0,0,0,0,0,0
00AUFZ0003,E00013466,0,0,0,0,0,0
00AUGG0007,E00013750,0,0,0,0,0,0
00AUFX0021,E00013405,0,0,0,0,0,0
00AUGG0032,E00013775,0,0,0,0,0,0
00AUFX0013,E00013397,0,0,0,0,0,0
00AUFZ0033,E00013496,0,0,0,0,0,0
00AUFX0002,E00013386,0,0,0,0,0,0
00AUGL0010,E00013922,0,0,0,0,0,0
00AUGL0037,E00013949,0,0,0,0,0,0
00AUFX0016,E00013400,0,0,0,0,0,0
00AUFX0019,E00013403,0,0,0,0,0,0
00AUGL0031,E00013943,0,0,0,0,0,0
00AUGL0028,E00013940,0,0,0,0,0,0
00AUGL0035,E00013947,0,0,0,0,0,0
00AUGJ0037,E00013864,0,0,0,0,0,0
00AUFX0020,E00013404,0,0,0,0,0,0
00AUFX0018,E00013402,0,0,0,0,0,0
00AUGL0039,E00013951,0,0,0,0,0,0
00AKHC0014,E00007552,0,0,0,0,0,0
00AUFX0017,E00013401,0,0,0,0,0,0
00AUFZ0032,E00013495,0,0,0,0,0,0
00AUFX0012,E00013396,0,0,0,0,0,0
00AUFX0014,E00013398,0,0,0,0,0,0
00AUFX0015,E00013399,0,0,0,0,0,0
00AUGL0033,E00013945,0,0,0,0,0,0
00AUGG0012,E00013755,0,0,0,0,0,0
00AUGG0014,E00013757,0,0,0,0,0,0
00AUFZ0027,E00013490,0,0,0,0,0,0
00AUGL0029,E00013941,0,0,0,0,0,0
00AUGG0005,E00013748,0,0,0,0,0,0
00AUGG0009,E00013752,0,0,0,0,0,0
00AUGD0003,E00013626,0,0,0,0,0,0
00AUGD0034,E00013657,0,0,0,0,0,0
00AGGQ0030,E00004591,0,0,0,0,0,0
00AUGG0040,E00013783,0,0,0,0,0,0
00AUGL0021,E00013933,0,0,0,0,0,0
00AUGL0023,E00013935,0,0,0,0,0,0
00AUGK0038,E00013909,0,0,0,0,0,0
00AUGL0024,E00013936,0,0,0,0,0,0
00AUGL0027,E00013939,0,0,0,0,0,0
00AUGD0002,E00013625,0,0,0,0,0,0
00AUGD0038,E00013661,0,0,0,0,0,0
00AUGL0038,E00013950,0,0,0,0,0,0
00AUGL0026,E00013938,0,0,0,0,0,0
00AUGL0022,E00013934,0,0,0,0,0,0
00AUGL0015,E00013927,0,0,0,0,0,0
00AUGA0034,E00013538,0,0,0,0,0,0
00AUGL0005,E00013917,0,0,0,0,0,0
00AUGA0007,E00013511,0,0,0,0,0,0
00AUGA0011,E00013515,0,0,0,0,0,0
00AUGA0025,E00013529,0,0,0,0,0,0
00AUGM0016,E00013969,0,0,0,0,0,0
00AUGL0030,E00013942,0,0,0,0,0,0
00AUGL0032,E00013944,0,0,0,0,0,0
00AGGN0008,E00004488,0,0,0,0,0,0
00ACGK0002,E00001156,0,0,0,0,0,0
00AUGL0001,E00013913,0,0,0,0,0,0
00AUGL0003,E00013915,0,0,0,0,0,0
00AUGL0040,E00013952,0,0,0,0,0,0
00AUGL0041,E00013953,0,0,0,0,0,0
00AUGL0002,E00013914,0,0,0,0,0,0
00AUGL0007,E00013919,0,0,0,0,0,0
00AKHD0030,E00007611,0,0,0,0,0,0
00AKHD0036,E00007617,0,0,0,0,0,0
00AUGL0008,E00013920,0,0,0,0,0,0
00AUGA0012,E00013516,0,0,0,0,0,0
00AUGA0033,E00013537,0,0,0,0,0,0
00AUGA0036,E00013540,0,0,0,0,0,0
00AUGA0029,E00013533,0,0,0,0,0,0
00AUGA0006,E00013510,0,0,0,0,0,0
00AUGA0010,E00013514,0,0,0,0,0,0
00AUGA0013,E00013517,0,0,0,0,0,0
00AUGA0015,E00013519,0,0,0,0,0,0
00AUGA0037,E00013541,0,0,0,0,0,0
00AUGA0002,E00013506,0,0,0,0,0,0
00ACGK0014,E00001168,0,0,0,0,0,0
00ACGK0027,E00001181,0,0,0,0,0,0
00AUGA0030,E00013534,0,0,0,0,0,0
00AUGA0035,E00013539,0,0,0,0,0,0
00AUGA0019,E00013523,0,0,0,0,0,0
00ACGK0028,E00001182,0,0,0,0,0,0
00AUGD0007,E00013630,0,0,0,0,0,0
00AUGD0008,E00013631,0,0,0,0,0,0
00AUGD0036,E00013659,0,0,0,0,0,0
00AUGD0037,E00013660,0,0,0,0,0,0
00AUGJ0039,E00013866,0,0,0,0,0,0
00AUGJ0009,E00013836,0,0,0,0,0,0
00AUGD0039,E00013662,0,0,0,0,0,0
00AUGA0020,E00013524,0,0,0,0,0,0
00AUGJ0026,E00013853,0,0,0,0,0,0
00AUGA0022,E00013526,0,0,0,0,0,0
00AUGJ0001,E00013828,0,0,0,0,0,0
00AUGJ0036,E00013863,0,0,0,0,0,0
00AUGJ0041,E00013868,0,0,0,0,0,0
00AUGJ0028,E00013855,0,0,0,0,0,0
00AUGJ0007,E00013834,0,0,0,0,0,0
00AUGA0017,E00013521,0,0,0,0,0,0
00AUGA0018,E00013522,0,0,0,0,0,0
00AUGJ0033,E00013860,0,0,0,0,0,0
00AUGJ0043,E00013870,0,0,0,0,0,0
00AGGK0017,E00004378,0,0,0,0,0,0
00AGGK0035,E00004396,0,0,0,0,0,0
00AGGK0030,E00004391,0,0,0,0,0,0
00AMGC0017,E00008625,0,0,0,0,0,0
00AGGK0002,E00004363,0,0,0,0,0,0
00AGGK0003,E00004364,0,0,0,0,0,0
00AGGQ0023,E00004584,0,0,0,0,0,0
00AGGK0009,E00004370,0,0,0,0,0,0
00AGGQ0032,E00004593,0,0,0,0,0,0
00AGGQ0034,E00004595,0,0,0,0,0,0
00AGGQ0036,E00004597,0,0,0,0,0,0
00AGGK0033,E00004394,0,0,0,0,0,0
00AGGQ0027,E00004588,0,0,0,0,0,0
00AGGQ0033,E00004594,0,0,0,0,0,0
00AUGK0006,E00013877,0,0,0,0,0,0
00AGGK0001,E00004362,0,0,0,0,0,0
00AGGQ0035,E00004596,0,0,0,0,0,0
00AGGQ0025,E00004586,0,0,0,0,0,0
00AGGQ0029,E00004590,0,0,0,0,0,0
00AGGQ0031,E00004592,0,0,0,0,0,0
00AUGK0009,E00013880,0,0,0,0,0,0
00AUGK0010,E00013881,0,0,0,0,0,0
00AGGK0025,E00004386,0,0,0,0,0,0
00AGGL0018,E00004418,0,0,0,0,0,0
00AGGK0022,E00004383,0,0,0,0,0,0
00AGGK0021,E00004382,0,0,0,0,0,0
00AGGK0037,E00004398,0,0,0,0,0,0
00AGGK0039,E00004400,0,0,0,0,0,0
00AGGN0009,E00004489,0,0,0,0,0,0
00AGGK0028,E00004389,0,0,0,0,0,0
00AGGN0012,E00004492,0,0,0,0,0,0
00AGGK0024,E00004385,0,0,0,0,0,0
00AGGK0031,E00004392,0,0,0,0,0,0
00AGGK0038,E00004399,0,0,0,0,0,0
00AGGK0023,E00004384,0,0,0,0,0,0
00AGGK0020,E00004381,0,0,0,0,0,0
00AGGN0011,E00004491,0,0,0,0,0,0
00AGGN0006,E00004486,0,0,0,0,0,0
00AGGN0007,E00004487,0,0,0,0,0,0
00AGGN0010,E00004490,0,0,0,0,0,0
00AGGQ0016,E00004577,0,0,0,0,0,0
00AGGQ0022,E00004583,0,0,0,0,0,0
00AGGN0037,E00004517,0,0,0,0,0,0
00AGGN0005,E00004485,0,0,0,0,0,0
00AGGN0039,E00004519,0,0,0,0,0,0
00AGGQ0014,E00004575,0,0,0,0,0,0
00AGGN0038,E00004518,0,0,0,0,0,0
00AGGQ0018,E00004579,0,0,0,0,0,0
00AGGK0036,E00004397,0,0,0,0,0,0
00AGGQ0015,E00004576,0,0,0,0,0,0
00AGGQ0019,E00004580,0,0,0,0,0,0
00AGGN0028,E00004508,0,0,0,0,0,0
00AGGN0024,E00004504,0,0,0,0,0,0
00AGGN0001,E00004481,0,0,0,0,0,0
00AGGQ0017,E00004578,0,0,0,0,0,0
00AGGN0036,E00004516,0,0,0,0,0,0
00AGGN0030,E00004510,0,0,0,0,0,0
00AGGN0002,E00004482,0,0,0,0,0,0
00AUGK0007,E00013878,0,0,0,0,0,0
00AGGN0029,E00004509,0,0,0,0,0,0
00AGGN0031,E00004511,0,0,0,0,0,0
00AGGN0033,E00004513,0,0,0,0,0,0
00AGGN0004,E00004484,0,0,0,0,0,0
00AGGN0032,E00004512,0,0,0,0,0,0
00AGGN0035,E00004515,0,0,0,0,0,0
00AGGN0025,E00004505,0,0,0,0,0,0
00AMGT0039,E00009186,0,0,0,0,0,0
00AGGN0003,E00004483,0,0,0,0,0,0
00AGGN0034,E00004514,0,0,0,0,0,0
00AGGN0026,E00004506,0,0,0,0,0,0
00AGGQ0020,E00004581,0,0,0,0,0,0
00AGGQ0021,E00004582,0,0,0,0,0,0
00AUGK0031,E00013902,0,0,0,0,0,0
00AUGK0034,E00013905,0,0,0,0,0,0
00AUGK0039,E00013910,0,0,0,0,0,0
00AUGK0029,E00013900,0,0,0,0,0,0
00AUGK0032,E00013903,0,0,0,0,0,0
00AUGH0020,E00013804,0,0,0,0,0,0
00AUGK0023,E00013894,0,0,0,0,0,0
00AUGK0022,E00013893,0,0,0,0,0,0
00AGGQ0026,E00004587,0,0,0,0,0,0
00AGGQ0028,E00004589,0,0,0,0,0,0
00AGGQ0024,E00004585,0,0,0,0,0,0
00AUGK0027,E00013898,0,0,0,0,0,0
00AUGK0035,E00013906,0,0,0,0,0,0
00AUGK0041,E00013912,0,0,0,0,0,0
00AUGH0021,E00013805,0,0,0,0,0,0
00AUGH0003,E00013787,0,0,0,0,0,0
00AUGK0002,E00013873,0,0,0,0,0,0
00AUGK0004,E00013875,0,0,0,0,0,0
00AUGK0005,E00013876,0,0,0,0,0,0
00AUGK0008,E00013879,0,0,0,0,0,0
00AUGK0037,E00013908,0,0,0,0,0,0
00AUGK0024,E00013895,0,0,0,0,0,0
00AUGK0040,E00013911,0,0,0,0,0,0
00AUGK0025,E00013896,0,0,0,0,0,0
00AUGK0030,E00013901,0,0,0,0,0,0
00AUGK0026,E00013897,0,0,0,0,0,0
00AUGK0028,E00013899,0,0,0,0,0,0
00AUGH0017,E00013801,0,0,0,0,0,0
00AUGH0001,E00013785,0,0,0,0,0,0
00AUGH0013,E00013797,0,0,0,0,0,0
00AUGH0016,E00013800,0,0,0,0,0,0
00ACGD0012,E00000881,0,0,0,0,0,0
00AUGH0043,E00013827,0,0,0,0,0,0
00AUGH0010,E00013794,0,0,0,0,0,0
00AUGC0040,E00013619,0,0,0,0,0,0
00AUGH0012,E00013796,0,0,0,0,0,0
00AUGH0042,E00013826,0,0,0,0,0,0
00AUGH0009,E00013793,0,0,0,0,0,0
00AUGH0033,E00013817,0,0,0,0,0,0
00AUGH0039,E00013823,0,0,0,0,0,0
00AUGH0007,E00013791,0,0,0,0,0,0
00AUGN0044,E00014039,0,0,0,0,0,0
00AUGH0040,E00013824,0,0,0,0,0,0
00AUGH0019,E00013803,0,0,0,0,0,0
00AUGH0002,E00013786,0,0,0,0,0,0
00AUGH0015,E00013799,0,0,0,0,0,0
00AUGH0014,E00013798,0,0,0,0,0,0
00AUGH0018,E00013802,0,0,0,0,0,0
00AUGK0019,E00013890,0,0,0,0,0,0
00AUGK0015,E00013886,0,0,0,0,0,0
00AUGK0017,E00013888,0,0,0,0,0,0
00AUGH0041,E00013825,0,0,0,0,0,0
00AGGN0016,E00004496,0,0,0,0,0,0
00AGGN0019,E00004499,0,0,0,0,0,0
00AGGN0015,E00004495,0,0,0,0,0,0
00AGGN0027,E00004507,0,0,0,0,0,0
00AGGN0014,E00004494,0,0,0,0,0,0
00AGGN0018,E00004498,0,0,0,0,0,0
00AUGN0043,E00014038,0,0,0,0,0,0
00AUGC0019,E00013598,0,0,0,0,0,0
00AUGE0034,E00013696,0,0,0,0,0,0
00AUGN0039,E00014034,0,0,0,0,0,0
00AUGH0008,E00013792,0,0,0,0,0,0
00AUGK0016,E00013887,0,0,0,0,0,0
00AGGN0022,E00004502,0,0,0,0,0,0
00AGGN0013,E00004493,0,0,0,0,0,0
00AGGN0020,E00004500,0,0,0,0,0,0
00AGGN0021,E00004501,0,0,0,0,0,0
00AGGN0023,E00004503,0,0,0,0,0,0
00AGGN0017,E00004497,0,0,0,0,0,0
00AUGH0036,E00013820,0,0,0,0,0,0
00APGG0005,E00010067,0,0,0,0,0,0
00APGG0027,E00010089,0,0,0,0,0,0
00AUGH0038,E00013822,0,0,0,0,0,0
00APGG0035,E00010097,0,0,0,0,0,0
00APGG0028,E00010090,0,0,0,0,0,0
00APGG0003,E00010065,0,0,0,0,0,0
00APGG0023,E00010085,0,0,0,0,0,0
00APGG0006,E00010068,0,0,0,0,0,0
00APGG0034,E00010096,0,0,0,0,0,0
00APGG0030,E00010092,0,0,0,0,0,0
00APGG0036,E00010098,0,0,0,0,0,0
00AUGH0029,E00013813,0,0,0,0,0,0
00AUGH0037,E00013821,0,0,0,0,0,0
00AUGH0005,E00013789,0,0,0,0,0,0
00AUGH0026,E00013810,0,0,0,0,0,0
00AUGH0023,E00013807,0,0,0,0,0,0
00AUGH0028,E00013812,0,0,0,0,0,0
00AUGH0034,E00013818,0,0,0,0,0,0
00AUGF0035,E00013738,0,0,0,0,0,0
00AUGN0036,E00014031,0,0,0,0,0,0
00AUGH0004,E00013788,0,0,0,0,0,0
00AUGH0022,E00013806,0,0,0,0,0,0
00AUGF0016,E00013719,0,0,0,0,0,0
00AUGN0038,E00014033,0,0,0,0,0,0
00AUGF0019,E00013722,0,0,0,0,0,0
00AUGH0030,E00013814,0,0,0,0,0,0
00AUGH0032,E00013816,0,0,0,0,0,0
00AUGH0035,E00013819,0,0,0,0,0,0
00AUGF0022,E00013725,0,0,0,0,0,0
00AUGH0027,E00013811,0,0,0,0,0,0
00AUGN0040,E00014035,0,0,0,0,0,0
00AUGF0020,E00013723,0,0,0,0,0,0
00AUGH0006,E00013790,0,0,0,0,0,0
00AUGH0025,E00013809,0,0,0,0,0,0
00AUGF0002,E00013705,0,0,0,0,0,0
00AUGF0003,E00013706,0,0,0,0,0,0
00AUGF0026,E00013729,0,0,0,0,0,0
00AUGN0001,E00013996,0,0,0,0,0,0
00AUGN0033,E00014028,0,0,0,0,0,0
00AUGN0034,E00014029,0,0,0,0,0,0
00AMGC0021,E00008629,0,0,0,0,0,0
00AUGF0018,E00013721,0,0,0,0,0,0
00AMGG0004,E00008758,0,0,0,0,0,0
00AMGG0011,E00008765,0,0,0,0,0,0
00AUGF0001,E00013704,0,0,0,0,0,0
00AUGF0017,E00013720,0,0,0,0,0,0
00AUGH0031,E00013815,0,0,0,0,0,0
00AUGN0041,E00014036,0,0,0,0,0,0
00AUGF0025,E00013728,0,0,0,0,0,0
00AUGF0023,E00013726,0,0,0,0,0,0
00AUGN0031,E00014026,0,0,0,0,0,0
00AUGF0012,E00013715,0,0,0,0,0,0
00AUGF0009,E00013712,0,0,0,0,0,0
00AUGF0010,E00013713,0,0,0,0,0,0
00APGG0029,E00010091,0,0,0,0,0,0
00APGG0032,E00010094,0,0,0,0,0,0
00AUGF0014,E00013717,0,0,0,0,0,0
00APGG0021,E00010083,0,0,0,0,0,0
00APGG0025,E00010087,0,0,0,0,0,0
00AUGF0038,E00013741,0,0,0,0,0,0
00AUGF0008,E00013711,0,0,0,0,0,0
00APGG0033,E00010095,0,0,0,0,0,0
00APGG0004,E00010066,0,0,0,0,0,0
00APGG0024,E00010086,0,0,0,0,0,0
00APGG0026,E00010088,0,0,0,0,0,0
00APGD0037,E00009981,0,0,0,0,0,0
00AUGF0006,E00013709,0,0,0,0,0,0
00APGD0038,E00009982,0,0,0,0,0,0
00AUGF0015,E00013718,0,0,0,0,0,0
00AUGF0021,E00013724,0,0,0,0,0,0
00AUGF0004,E00013707,0,0,0,0,0,0
00AUGG0003,E00013746,0,0,0,0,0,0
00AUGF0040,E00013743,0,0,0,0,0,0
00AUGF0005,E00013708,0,0,0,0,0,0
00AUGF0030,E00013733,0,0,0,0,0,0
00AUGF0013,E00013716,0,0,0,0,0,0
00AUGF0029,E00013732,0,0,0,0,0,0
00AUGF0034,E00013737,0,0,0,0,0,0
00AUGF0031,E00013734,0,0,0,0,0,0
00AUGF0037,E00013740,0,0,0,0,0,0
00AUGF0039,E00013742,0,0,0,0,0,0
00AUGG0034,E00013777,0,0,0,0,0,0
00AUGG0035,E00013778,0,0,0,0,0,0
00AUGG0031,E00013774,0,0,0,0,0,0
00AUGG0004,E00013747,0,0,0,0,0,0
00AUGG0036,E00013779,0,0,0,0,0,0
00AUGD0032,E00013655,0,0,0,0,0,0
00AUGD0035,E00013658,0,0,0,0,0,0
00AUGD0033,E00013656,0,0,0,0,0,0
00AUGD0001,E00013624,0,0,0,0,0,0
00AUGJ0029,E00013856,0,0,0,0,0,0
00AUGJ0024,E00013851,0,0,0,0,0,0
00AUGK0020,E00013891,0,0,0,0,0,0
00AUGG0001,E00013744,0,0,0,0,0,0
00AUGG0033,E00013776,0,0,0,0,0,0
00AUGE0030,E00013692,0,0,0,0,0,0
00AUGE0024,E00013686,0,0,0,0,0,0
00AUGE0029,E00013691,0,0,0,0,0,0
00AUGD0030,E00013653,0,0,0,0,0,0
00AUGD0028,E00013651,0,0,0,0,0,0
00AUGJ0013,E00013840,0,0,0,0,0,0
00AUGJ0014,E00013841,0,0,0,0,0,0
00AUGC0006,E00013585,0,0,0,0,0,0
00AMGJ0021,E00008848,0,0,0,0,0,0
00AUGJ0018,E00013845,0,0,0,0,0,0
00AUGK0033,E00013904,0,0,0,0,0,0
00AUGK0003,E00013874,0,0,0,0,0,0
00AUGK0018,E00013889,0,0,0,0,0,0
00AUGF0032,E00013735,0,0,0,0,0,0
00AUGK0021,E00013892,0,0,0,0,0,0
00AUGN0003,E00013998,0,0,0,0,0,0
00AUGC0007,E00013586,0,0,0,0,0,0
00AUGN0046,E00014041,0,0,0,0,0,0
00AUGG0028,E00013771,0,0,0,0,0,0
00AUGC0015,E00013594,0,0,0,0,0,0
00AUGN0045,E00014040,0,0,0,0,0,0
00AUGN0027,E00014022,0,0,0,0,0,0
00AUGN0035,E00014030,0,0,0,0,0,0
00AUGF0036,E00013739,0,0,0,0,0,0
00AUGN0005,E00014000,0,0,0,0,0,0
00AMGC0016,E00008624,0,0,0,0,0,0
00AUGN0042,E00014037,0,0,0,0,0,0
00AUGN0023,E00014018,0,0,0,0,0,0
00AUGN0026,E00014021,0,0,0,0,0,0
00AUGN0018,E00014013,0,0,0,0,0,0
00AUGF0007,E00013710,0,0,0,0,0,0
00AUGN0014,E00014009,0,0,0,0,0,0
00AUGG0002,E00013745,0,0,0,0,0,0
00AUGG0020,E00013763,0,0,0,0,0,0
00AUGG0027,E00013770,0,0,0,0,0,0
00AUGE0020,E00013682,0,0,0,0,0,0
00AUGG0029,E00013772,0,0,0,0,0,0
00AUGC0011,E00013590,0,0,0,0,0,0
00AUGG0021,E00013764,0,0,0,0,0,0
00AUGG0026,E00013769,0,0,0,0,0,0
00AUGE0014,E00013676,0,0,0,0,0,0
00AUGG0022,E00013765,0,0,0,0,0,0
00AUGG0025,E00013768,0,0,0,0,0,0
00AUGE0012,E00013674,0,0,0,0,0,0
00AUGG0023,E00013766,0,0,0,0,0,0
00AUGG0024,E00013767,0,0,0,0,0,0
00AUGE0018,E00013680,0,0,0,0,0,0
00AUGE0019,E00013681,0,0,0,0,0,0
00AUGC0043,E00013622,0,0,0,0,0,0
00AUGE0013,E00013675,0,0,0,0,0,0
00AUGE0008,E00013670,0,0,0,0,0,0
00AUGE0007,E00013669,0,0,0,0,0,0
00AUGC0004,E00013583,0,0,0,0,0,0
00AUGC0014,E00013593,0,0,0,0,0,0
00AUGC0002,E00013581,0,0,0,0,0,0
00AUGC0008,E00013587,0,0,0,0,0,0
00AUGC0041,E00013620,0,0,0,0,0,0
00AUGC0042,E00013621,0,0,0,0,0,0
00AUGC0017,E00013596,0,0,0,0,0,0
00AUGC0020,E00013599,0,0,0,0,0,0
00AUGC0012,E00013591,0,0,0,0,0,0
00AUGC0016,E00013595,0,0,0,0,0,0
00AUGC0009,E00013588,0,0,0,0,0,0
00AUGC0010,E00013589,0,0,0,0,0,0
00AUGC0044,E00013623,0,0,0,0,0,0
00AUGE0021,E00013683,0,0,0,0,0,0
00AUGE0035,E00013697,0,0,0,0,0,0
00AUGE0004,E00013666,0,0,0,0,0,0
00AUGE0033,E00013695,0,0,0,0,0,0
00AMGE0003,E00008687,0,0,0,0,0,0
00AUGC0001,E00013580,0,0,0,0,0,0
00AUGE0006,E00013668,0,0,0,0,0,0
00AUGE0037,E00013699,0,0,0,0,0,0
00AUGC0036,E00013615,0,0,0,0,0,0
00AUGC0038,E00013617,0,0,0,0,0,0
00AUGE0022,E00013684,0,0,0,0,0,0
00AUGD0031,E00013654,0,0,0,0,0,0
00AUGE0025,E00013687,0,0,0,0,0,0
00AUGD0029,E00013652,0,0,0,0,0,0
00AUGE0010,E00013672,0,0,0,0,0,0
00AUGE0028,E00013690,0,0,0,0,0,0
00AUGD0012,E00013635,0,0,0,0,0,0
00AUGD0016,E00013639,0,0,0,0,0,0
00AUGE0027,E00013689,0,0,0,0,0,0
00AUGE0015,E00013677,0,0,0,0,0,0
00AUGE0023,E00013685,0,0,0,0,0,0
00AUGE0026,E00013688,0,0,0,0,0,0
00AUGN0007,E00014002,0,0,0,0,0,0
00AUGD0027,E00013650,0,0,0,0,0,0
00AUGE0016,E00013678,0,0,0,0,0,0
00AUGN0019,E00014014,0,0,0,0,0,0
00AMGM0011,E00008951,0,0,0,0,0,0
00AUGD0022,E00013645,0,0,0,0,0,0
00AUGD0025,E00013648,0,0,0,0,0,0
00AUGD0026,E00013649,0,0,0,0,0,0
00AUGD0019,E00013642,0,0,0,0,0,0
00AUGD0020,E00013643,0,0,0,0,0,0
00AUGD0023,E00013646,0,0,0,0,0,0
00AMGD0002,E00008648,0,0,0,0,0,0
00AMGD0029,E00008675,0,0,0,0,0,0
00AMGD0031,E00008677,0,0,0,0,0,0
00AUGC0035,E00013614,0,0,0,0,0,0
00AUGD0021,E00013644,0,0,0,0,0,0
00AUGJ0011,E00013838,0,0,0,0,0,0
00AMGD0018,E00008664,0,0,0,0,0,0
00AUGD0006,E00013629,0,0,0,0,0,0
00AUGJ0015,E00013842,0,0,0,0,0,0
00AUGD0018,E00013641,0,0,0,0,0,0
00AUGN0009,E00014004,0,0,0,0,0,0
00AMGD0019,E00008665,0,0,0,0,0,0
00AMGD0023,E00008669,0,0,0,0,0,0
00AUGD0015,E00013638,0,0,0,0,0,0
00AUGE0041,E00013703,0,0,0,0,0,0
00AMGA0038,E00008574,0,0,0,0,0,0
00AUGD0011,E00013634,0,0,0,0,0,0
00AUGE0003,E00013665,0,0,0,0,0,0
00AUGE0038,E00013700,0,0,0,0,0,0
00AUGE0039,E00013701,0,0,0,0,0,0
00AUGD0017,E00013640,0,0,0,0,0,0
00AUGD0013,E00013636,0,0,0,0,0,0
00AUGE0031,E00013693,0,0,0,0,0,0
00AMGA0035,E00008571,0,0,0,0,0,0
00AUGE0001,E00013663,0,0,0,0,0,0
00AUGE0005,E00013667,0,0,0,0,0,0
00AMGA0003,E00008539,0,0,0,0,0,0
00AUGE0040,E00013702,0,0,0,0,0,0
00AUGE0002,E00013664,0,0,0,0,0,0
00AUGN0028,E00014023,0,0,0,0,0,0
00AUGE0036,E00013698,0,0,0,0,0,0
00AMGA0028,E00008564,0,0,0,0,0,0
00AUGD0004,E00013627,0,0,0,0,0,0
00AUGC0034,E00013613,0,0,0,0,0,0
00AUGD0009,E00013632,0,0,0,0,0,0
00AMGA0032,E00008568,0,0,0,0,0,0
00AMGA0009,E00008545,0,0,0,0,0,0
00AMGD0014,E00008660,0,0,0,0,0,0
00AUGD0014,E00013637,0,0,0,0,0,0
00AMGA0033,E00008569,0,0,0,0,0,0
00AUGD0005,E00013628,0,0,0,0,0,0
00AMGA0036,E00008572,0,0,0,0,0,0
00AMGN0025,E00008996,0,0,0,0,0,0
00AUGD0010,E00013633,0,0,0,0,0,0
00AMGD0015,E00008661,0,0,0,0,0,0
00AMGA0037,E00008573,0,0,0,0,0,0
00AMGA0039,E00008575,0,0,0,0,0,0
00AUGC0030,E00013609,0,0,0,0,0,0
00AUGC0031,E00013610,0,0,0,0,0,0
00AUGN0025,E00014020,0,0,0,0,0,0
00AUGN0002,E00013997,0,0,0,0,0,0
00AUGC0029,E00013608,0,0,0,0,0,0
00AUGN0022,E00014017,0,0,0,0,0,0
00AUGN0029,E00014024,0,0,0,0,0,0
00AUGN0030,E00014025,0,0,0,0,0,0
00AUGN0021,E00014016,0,0,0,0,0,0
00AUGN0032,E00014027,0,0,0,0,0,0
00AUGN0037,E00014032,0,0,0,0,0,0
00AUGN0024,E00014019,0,0,0,0,0,0
00AUGC0026,E00013605,0,0,0,0,0,0
00AUGN0010,E00014005,0,0,0,0,0,0
00AUGC0024,E00013603,0,0,0,0,0,0
00AUGN0006,E00014001,0,0,0,0,0,0
00AUGC0032,E00013611,0,0,0,0,0,0
00AUGC0039,E00013618,0,0,0,0,0,0
00AUGE0032,E00013694,0,0,0,0,0,0
00AUGC0025,E00013604,0,0,0,0,0,0
00APGP0035,E00010368,0,0,0,0,0,0
00APGP0036,E00010369,0,0,0,0,0,0
00APGP0034,E00010367,0,0,0,0,0,0
00AUGC0021,E00013600,0,0,0,0,0,0
00AUGC0028,E00013607,0,0,0,0,0,0
00APGP0037,E00010370,0,0,0,0,0,0
00APGP0004,E00010337,0,0,0,0,0,0
00AUGC0027,E00013606,0,0,0,0,0,0
00AUGC0022,E00013601,0,0,0,0,0,0
00AUGC0023,E00013602,0,0,0,0,0,0
00AUGN0017,E00014012,0,0,0,0,0,0
00APGP0025,E00010358,0,0,0,0,0,0
00AUGN0020,E00014015,0,0,0,0,0,0
00AUGN0004,E00013999,0,0,0,0,0,0
00AUGN0012,E00014007,0,0,0,0,0,0
00AUGN0016,E00014011,0,0,0,0,0,0
00APGP0024,E00010357,0,0,0,0,0,0
00APGP0031,E00010364,0,0,0,0,0,0
00AUGN0015,E00014010,0,0,0,0,0,0
00AUGN0013,E00014008,0,0,0,0,0,0
00AUGF0028,E00013731,0,0,0,0,0,0
00AUGN0011,E00014006,0,0,0,0,0,0
00AUGN0008,E00014003,0,0,0,0,0,0
00APGP0026,E00010359,0,0,0,0,0,0
00APGP0028,E00010361,0,0,0,0,0,0
00APGP0021,E00010354,0,0,0,0,0,0
00APGP0029,E00010362,0,0,0,0,0,0
00APGP0030,E00010363,0,0,0,0,0,0
00APGP0033,E00010366,0,0,0,0,0,0
00AMGP0017,E00009025,0,0,0,0,0,0
00AMGA0014,E00008550,0,0,0,0,0,0
00APGP0003,E00010336,0,0,0,0,0,0
00APGP0032,E00010365,0,0,0,0,0,0
00APGP0023,E00010356,0,0,0,0,0,0
00APGP0027,E00010360,0,0,0,0,0,0
00AMGA0026,E00008562,0,0,0,0,0,0
00AMGP0007,E00009015,0,0,0,0,0,0
00AMGA0013,E00008549,0,0,0,0,0,0
00AMGA0018,E00008554,0,0,0,0,0,0
00AMGA0021,E00008557,0,0,0,0,0,0
00AMGA0022,E00008558,0,0,0,0,0,0
00AMGA0023,E00008559,0,0,0,0,0,0
00AMGA0011,E00008547,0,0,0,0,0,0
00AMGA0024,E00008560,0,0,0,0,0,0
00AMGA0034,E00008570,0,0,0,0,0,0
00AMGA0025,E00008561,0,0,0,0,0,0
00AMGA0027,E00008563,0,0,0,0,0,0
00AMGA0029,E00008565,0,0,0,0,0,0
00AMGA0015,E00008551,0,0,0,0,0,0
00AMGA0019,E00008555,0,0,0,0,0,0
00AMGA0002,E00008538,0,0,0,0,0,0
00AMGP0010,E00009018,0,0,0,0,0,0
00AMGA0012,E00008548,0,0,0,0,0,0
00AMGA0006,E00008542,0,0,0,0,0,0
00AMGA0031,E00008567,0,0,0,0,0,0
00AMGN0021,E00008992,0,0,0,0,0,0
00AMGA0016,E00008552,0,0,0,0,0,0
00AMGP0012,E00009020,0,0,0,0,0,0
00AMGP0020,E00009028,0,0,0,0,0,0
00AMGN0017,E00008988,0,0,0,0,0,0
00AMGN0004,E00008975,0,0,0,0,0,0
00AMGA0020,E00008556,0,0,0,0,0,0
00AMGA0010,E00008546,0,0,0,0,0,0
00AMGN0013,E00008984,0,0,0,0,0,0
00ACGS0003,E00001496,0,0,0,0,0,0
00AMGN0016,E00008987,0,0,0,0,0,0
00AMGA0007,E00008543,0,0,0,0,0,0
00AMGP0008,E00009016,0,0,0,0,0,0
00AMGA0001,E00008537,0,0,0,0,0,0
00AMGP0003,E00009011,0,0,0,0,0,0
00AMGA0008,E00008544,0,0,0,0,0,0
00ACGS0019,E00001512,0,0,0,0,0,0
00ACGK0004,E00001158,0,0,0,0,0,0
00ACGS0025,E00001518,0,0,0,0,0,0
00ACGS0018,E00001511,0,0,0,0,0,0
00ACGH0016,E00001076,0,0,0,0,0,0
00ACGH0010,E00001070,0,0,0,0,0,0
00AMGA0042,E00008578,0,0,0,0,0,0
00ACGH0014,E00001074,0,0,0,0,0,0
00ACGH0013,E00001073,0,0,0,0,0,0
00AMGA0005,E00008541,0,0,0,0,0,0
00AMGP0021,E00009029,0,0,0,0,0,0
00AMGP0018,E00009026,0,0,0,0,0,0
00AMGA0004,E00008540,0,0,0,0,0,0
00AMGA0040,E00008576,0,0,0,0,0,0
00AMGA0041,E00008577,0,0,0,0,0,0
00AMGP0002,E00009010,0,0,0,0,0,0
00ACGH0036,E00001096,0,0,0,0,0,0
00ACFZ0026,E00000693,0,0,0,0,0,0
00ACGH0006,E00001066,0,0,0,0,0,0
00ACGH0012,E00001072,0,0,0,0,0,0
00ACGH0009,E00001069,0,0,0,0,0,0
00ACGH0004,E00001064,0,0,0,0,0,0
00ACGH0011,E00001071,0,0,0,0,0,0
00ACGK0020,E00001174,0,0,0,0,0,0
00ACGK0013,E00001167,0,0,0,0,0,0
00ACGS0043,E00001536,0,0,0,0,0,0
00ACGS0030,E00001523,0,0,0,0,0,0
00ACGK0010,E00001164,0,0,0,0,0,0
00ACGK0033,E00001187,0,0,0,0,0,0
00ACGK0050,E00001204,0,0,0,0,0,0
00ACGK0043,E00001197,0,0,0,0,0,0
00ACGS0002,E00001495,0,0,0,0,0,0
00ACGS0039,E00001532,0,0,0,0,0,0
00ACGK0018,E00001172,0,0,0,0,0,0
00ACGS0013,E00001506,0,0,0,0,0,0
00ACGS0034,E00001527,0,0,0,0,0,0
00ACGS0038,E00001531,0,0,0,0,0,0
00ACGS0012,E00001505,0,0,0,0,0,0
00ACGS0040,E00001533,0,0,0,0,0,0
00ACGK0012,E00001166,0,0,0,0,0,0
00ACGK0023,E00001177,0,0,0,0,0,0
00ACGK0017,E00001171,0,0,0,0,0,0
00ACGK0016,E00001170,0,0,0,0,0,0
00ACGS0033,E00001526,0,0,0,0,0,0
00ACGK0003,E00001157,0,0,0,0,0,0
00APGE0030,E00010017,0,0,0,0,0,0
00ACGK0009,E00001163,0,0,0,0,0,0
00ACGK0021,E00001175,0,0,0,0,0,0
00ACGK0022,E00001176,0,0,0,0,0,0
00ACGH0042,E00001102,0,0,0,0,0,0
00ACGH0002,E00001062,0,0,0,0,0,0
00ACGH0005,E00001065,0,0,0,0,0,0
00ACGF0013,E00000978,0,0,0,0,0,0
00ACGH0046,E00001106,0,0,0,0,0,0
00ACGH0037,E00001097,0,0,0,0,0,0
00ACGH0040,E00001100,0,0,0,0,0,0
00ACGK0034,E00001188,0,0,0,0,0,0
00ACGH0003,E00001063,0,0,0,0,0,0
00ACGD0036,E00000905,0,0,0,0,0,0
00ACGH0008,E00001068,0,0,0,0,0,0
00ACGH0007,E00001067,0,0,0,0,0,0
00ACGH0045,E00001105,0,0,0,0,0,0
00ACGH0043,E00001103,0,0,0,0,0,0
00ACGK0041,E00001195,0,0,0,0,0,0
00ACGG0039,E00001050,0,0,0,0,0,0
00ACGH0041,E00001101,0,0,0,0,0,0
00ACGK0019,E00001173,0,0,0,0,0,0
00ACGH0033,E00001093,0,0,0,0,0,0
00ACGK0015,E00001169,0,0,0,0,0,0
00ACGH0034,E00001094,0,0,0,0,0,0
00ACGG0037,E00001048,0,0,0,0,0,0
00ACGH0035,E00001095,0,0,0,0,0,0
00ACGF0042,E00001007,0,0,0,0,0,0
00ACGH0038,E00001098,0,0,0,0,0,0
00ACGH0039,E00001099,0,0,0,0,0,0
00ACGD0018,E00000887,0,0,0,0,0,0
00ACGG0028,E00001039,0,0,0,0,0,0
00ACGG0029,E00001040,0,0,0,0,0,0
00ACGG0015,E00001026,0,0,0,0,0,0
00ACGG0030,E00001041,0,0,0,0,0,0
00ACGR0026,E00001471,0,0,0,0,0,0
00ACGK0035,E00001189,0,0,0,0,0,0
00ACGK0051,E00001205,0,0,0,0,0,0
00ACGK0007,E00001161,0,0,0,0,0,0
00ACGK0011,E00001165,0,0,0,0,0,0
00ACGK0044,E00001198,0,0,0,0,0,0
00ACGM0037,E00001291,0,0,0,0,0,0
00ACGM0006,E00001260,0,0,0,0,0,0
00ACGK0040,E00001194,0,0,0,0,0,0
00ACGK0047,E00001201,0,0,0,0,0,0
00ACGK0039,E00001193,0,0,0,0,0,0
00ACGK0005,E00001159,0,0,0,0,0,0
00ACGK0042,E00001196,0,0,0,0,0,0
00ACGK0006,E00001160,0,0,0,0,0,0
00ACGK0038,E00001192,0,0,0,0,0,0
00ACGK0045,E00001199,0,0,0,0,0,0
00ACGF0009,E00000974,0,0,0,0,0,0
00ACGK0048,E00001202,0,0,0,0,0,0
00ACGK0030,E00001184,0,0,0,0,0,0
00ACGK0001,E00001155,0,0,0,0,0,0
00ACGF0041,E00001006,0,0,0,0,0,0
00ACGK0029,E00001183,0,0,0,0,0,0
00ACGK0032,E00001186,0,0,0,0,0,0
00ACGF0038,E00001003,0,0,0,0,0,0
00ACGH0032,E00001092,0,0,0,0,0,0
00ACGK0046,E00001200,0,0,0,0,0,0
00APGD0019,E00009963,0,0,0,0,0,0
00BGGA0003,E00021296,0,0,0,0,0,0
00ACGF0014,E00000979,0,0,0,0,0,0
00ACGF0016,E00000981,0,0,0,0,0,0
00ACGF0025,E00000990,0,0,0,0,0,0
00ACGF0017,E00000982,0,0,0,0,0,0
00ACGF0015,E00000980,0,0,0,0,0,0
00ACGF0006,E00000971,0,0,0,0,0,0
00BGGE0014,E00021452,0,0,0,0,0,0
00ACGF0005,E00000970,0,0,0,0,0,0
00ACGF0001,E00000966,0,0,0,0,0,0
00ACGF0004,E00000969,0,0,0,0,0,0
00ACGF0037,E00001002,0,0,0,0,0,0
00ACGF0043,E00001008,0,0,0,0,0,0
00ACGF0035,E00001000,0,0,0,0,0,0
00ACGF0010,E00000975,0,0,0,0,0,0
00ACGF0034,E00000999,0,0,0,0,0,0
00ACGF0040,E00001005,0,0,0,0,0,0
00ACGF0044,E00001009,0,0,0,0,0,0
00ACGF0045,E00001010,0,0,0,0,0,0
00ACGG0048,E00001059,0,0,0,0,0,0
00ACGG0042,E00001053,0,0,0,0,0,0
00ACGG0045,E00001056,0,0,0,0,0,0
00ACGG0003,E00001014,0,0,0,0,0,0
00ACGG0004,E00001015,0,0,0,0,0,0
00ACGG0001,E00001012,0,0,0,0,0,0
00ACGG0046,E00001057,0,0,0,0,0,0
00ACGG0018,E00001029,0,0,0,0,0,0
00ACGF0020,E00000985,0,0,0,0,0,0
00APGG0002,E00010064,0,0,0,0,0,0
00ACGG0044,E00001055,0,0,0,0,0,0
00ACGG0011,E00001022,0,0,0,0,0,0
00ACGG0043,E00001054,0,0,0,0,0,0
00ACGG0034,E00001045,0,0,0,0,0,0
00ACGF0018,E00000983,0,0,0,0,0,0
00ACGG0033,E00001044,0,0,0,0,0,0
00ACGG0031,E00001042,0,0,0,0,0,0
00ACGG0022,E00001033,0,0,0,0,0,0
00APGD0022,E00009966,0,0,0,0,0,0
00ACGF0012,E00000977,0,0,0,0,0,0
00ACGG0010,E00001021,0,0,0,0,0,0
00ACGF0046,E00001011,0,0,0,0,0,0
00ACGG0040,E00001051,0,0,0,0,0,0
00ACGG0038,E00001049,0,0,0,0,0,0
00ACGG0024,E00001035,0,0,0,0,0,0
00ACGG0041,E00001052,0,0,0,0,0,0
00ACGG0027,E00001038,0,0,0,0,0,0
00APGE0029,E00010016,0,0,0,0,0,0
00ACGG0017,E00001028,0,0,0,0,0,0
00ACGG0021,E00001032,0,0,0,0,0,0
00ACGG0025,E00001036,0,0,0,0,0,0
00ACGG0036,E00001047,0,0,0,0,0,0
00ACGG0032,E00001043,0,0,0,0,0,0
00ACGG0016,E00001027,0,0,0,0,0,0
00ACGG0023,E00001034,0,0,0,0,0,0
00BGGE0009,E00021447,0,0,0,0,0,0
00ACGG0026,E00001037,0,0,0,0,0,0
00ACGG0014,E00001025,0,0,0,0,0,0
00ACGG0012,E00001023,0,0,0,0,0,0
00ACGG0035,E00001046,0,0,0,0,0,0
00ACGG0020,E00001031,0,0,0,0,0,0
00ACGG0009,E00001020,0,0,0,0,0,0
00ACGG0007,E00001018,0,0,0,0,0,0
00ACGG0013,E00001024,0,0,0,0,0,0
00ACGD0045,E00000914,0,0,0,0,0,0
00ACGG0008,E00001019,0,0,0,0,0,0
00ACGD0006,E00000875,0,0,0,0,0,0
00ACGD0039,E00000908,0,0,0,0,0,0
00ACGD0032,E00000901,0,0,0,0,0,0
00ACGD0037,E00000906,0,0,0,0,0,0
00ACGD0035,E00000904,0,0,0,0,0,0
00ACGF0011,E00000976,0,0,0,0,0,0
00APGD0025,E00009969,0,0,0,0,0,0
00ACGD0048,E00000917,0,0,0,0,0,0
00ACGF0002,E00000967,0,0,0,0,0,0
00ACGF0039,E00001004,0,0,0,0,0,0
00ACGD0028,E00000897,0,0,0,0,0,0
00ACGR0008,E00001453,0,0,0,0,0,0
00ACGF0003,E00000968,0,0,0,0,0,0
00ACGD0021,E00000890,0,0,0,0,0,0
00ACGD0025,E00000894,0,0,0,0,0,0
00ACGD0001,E00000870,0,0,0,0,0,0
00ACGR0044,E00001489,0,0,0,0,0,0
00ACGD0017,E00000886,0,0,0,0,0,0
00ACGD0019,E00000888,0,0,0,0,0,0
00ACGD0031,E00000900,0,0,0,0,0,0
00ACGR0046,E00001491,0,0,0,0,0,0
00ACGD0004,E00000873,0,0,0,0,0,0
00ACGG0019,E00001030,0,0,0,0,0,0
00ACGD0002,E00000871,0,0,0,0,0,0
00ACGD0044,E00000913,0,0,0,0,0,0
00ACGD0052,E00000921,0,0,0,0,0,0
00ACGD0005,E00000874,0,0,0,0,0,0
00ACGD0007,E00000876,0,0,0,0,0,0
00ACGD0043,E00000912,0,0,0,0,0,0
00APGE0007,E00009994,0,0,0,0,0,0
00ACGD0034,E00000903,0,0,0,0,0,0
00ACGD0033,E00000902,0,0,0,0,0,0
00ACGD0051,E00000920,0,0,0,0,0,0
00ACGD0042,E00000911,0,0,0,0,0,0
00ACGD0047,E00000916,0,0,0,0,0,0
00ACGD0040,E00000909,0,0,0,0,0,0
00ACGD0041,E00000910,0,0,0,0,0,0
00ACGD0022,E00000891,0,0,0,0,0,0
00ACGD0046,E00000915,0,0,0,0,0,0
00ACGD0050,E00000919,0,0,0,0,0,0
00ACGD0049,E00000918,0,0,0,0,0,0
00ACGD0020,E00000889,0,0,0,0,0,0
00ACGD0030,E00000899,0,0,0,0,0,0
00ACGD0023,E00000892,0,0,0,0,0,0
00ACGD0024,E00000893,0,0,0,0,0,0
00ACGD0027,E00000896,0,0,0,0,0,0
00APGG0037,E00010099,0,0,0,0,0,0
00APGG0001,E00010063,0,0,0,0,0,0
00APGD0020,E00009964,0,0,0,0,0,0
00APGD0027,E00009971,0,0,0,0,0,0
00APGJ0029,E00010168,0,0,0,0,0,0
00ACGD0016,E00000885,0,0,0,0,0,0
00ACGK0025,E00001179,0,0,0,0,0,0
00ACGM0034,E00001288,0,0,0,0,0,0
00ACGF0032,E00000997,0,0,0,0,0,0
00ACGF0028,E00000993,0,0,0,0,0,0
00ACGR0009,E00001454,0,0,0,0,0,0
00ACGF0026,E00000991,0,0,0,0,0,0
00ACGM0038,E00001292,0,0,0,0,0,0
00ACGF0007,E00000972,0,0,0,0,0,0
00ACGF0033,E00000998,0,0,0,0,0,0
00APGJ0032,E00010171,0,0,0,0,0,0
00ACGT0023,E00001562,0,0,0,0,0,0
00ACGM0023,E00001277,0,0,0,0,0,0
00ACGM0002,E00001256,0,0,0,0,0,0
00ACGM0031,E00001285,0,0,0,0,0,0
00ACGM0024,E00001278,0,0,0,0,0,0
00ACGM0026,E00001280,0,0,0,0,0,0
00ACGM0028,E00001282,0,0,0,0,0,0
00ACGM0033,E00001287,0,0,0,0,0,0
00ACGM0035,E00001289,0,0,0,0,0,0
00ACGM0018,E00001272,0,0,0,0,0,0
00ACGF0019,E00000984,0,0,0,0,0,0
00BGGE0010,E00021448,0,0,0,0,0,0
00ACGF0022,E00000987,0,0,0,0,0,0
00ACGF0023,E00000988,0,0,0,0,0,0
00ACGR0010,E00001455,0,0,0,0,0,0
00BGGA0023,E00021316,0,0,0,0,0,0
00ACGM0027,E00001281,0,0,0,0,0,0
00ACGM0032,E00001286,0,0,0,0,0,0
00ACGR0003,E00001448,0,0,0,0,0,0
00ACGR0035,E00001480,0,0,0,0,0,0
00ACGR0007,E00001452,0,0,0,0,0,0
00ACGR0005,E00001450,0,0,0,0,0,0
00ACGF0024,E00000989,0,0,0,0,0,0
00ACGR0042,E00001487,0,0,0,0,0,0
00ACGR0048,E00001493,0,0,0,0,0,0
00ACGP0015,E00001364,0,0,0,0,0,0
00ACGM0019,E00001273,0,0,0,0,0,0
00ACGM0022,E00001276,0,0,0,0,0,0
00ACGM0025,E00001279,0,0,0,0,0,0
00ACGF0008,E00000973,0,0,0,0,0,0
00ACGP0013,E00001362,0,0,0,0,0,0
00ACGR0039,E00001484,0,0,0,0,0,0
00ACGF0029,E00000994,0,0,0,0,0,0
00ACGD0011,E00000880,0,0,0,0,0,0
00ACGF0027,E00000992,0,0,0,0,0,0
00ACGF0031,E00000996,0,0,0,0,0,0
00ACGF0030,E00000995,0,0,0,0,0,0
00ACGR0021,E00001466,0,0,0,0,0,0
00ACGD0014,E00000883,0,0,0,0,0,0
00ACGD0013,E00000882,0,0,0,0,0,0
00ACGD0015,E00000884,0,0,0,0,0,0
00ACGR0025,E00001470,0,0,0,0,0,0
00ACGD0038,E00000907,0,0,0,0,0,0
00ACGR0017,E00001462,0,0,0,0,0,0
00ACGR0013,E00001458,0,0,0,0,0,0
00ACGR0020,E00001465,0,0,0,0,0,0
00ACGR0018,E00001463,0,0,0,0,0,0
00ACGD0009,E00000878,0,0,0,0,0,0
00ACGF0021,E00000986,0,0,0,0,0,0
00ACGR0004,E00001449,0,0,0,0,0,0
00ACGR0041,E00001486,0,0,0,0,0,0
00ACGR0045,E00001490,0,0,0,0,0,0
00ACGR0036,E00001481,0,0,0,0,0,0
00ACGR0038,E00001483,0,0,0,0,0,0
00ACGP0014,E00001363,0,0,0,0,0,0
00ACGR0012,E00001457,0,0,0,0,0,0
00ACGP0009,E00001358,0,0,0,0,0,0
00ACGP0017,E00001366,0,0,0,0,0,0
00ACGR0014,E00001459,0,0,0,0,0,0
00ACGR0001,E00001446,0,0,0,0,0,0
00ACGP0016,E00001365,0,0,0,0,0,0
00ACGT0049,E00001588,0,0,0,0,0,0
00ACGP0011,E00001360,0,0,0,0,0,0
00ACGR0011,E00001456,0,0,0,0,0,0
00APGJ0021,E00010160,0,0,0,0,0,0
00ACGT0045,E00001584,0,0,0,0,0,0
00ACGR0016,E00001461,0,0,0,0,0,0
00ACGR0047,E00001492,0,0,0,0,0,0
00ACGR0006,E00001451,0,0,0,0,0,0
00BGFZ0017,E00021276,0,0,0,0,0,0
00ACGR0015,E00001460,0,0,0,0,0,0
00ACGT0027,E00001566,0,0,0,0,0,0
00ACGR0019,E00001464,0,0,0,0,0,0
00ACGT0029,E00001568,0,0,0,0,0,0
00ACGT0031,E00001570,0,0,0,0,0,0
00BGGA0016,E00021309,0,0,0,0,0,0
00ACGT0003,E00001542,0,0,0,0,0,0
00ACGT0028,E00001567,0,0,0,0,0,0
00ACGR0043,E00001488,0,0,0,0,0,0
00ACGT0025,E00001564,0,0,0,0,0,0
00ACGT0022,E00001561,0,0,0,0,0,0
00ACGT0024,E00001563,0,0,0,0,0,0
00BGGA0018,E00021311,0,0,0,0,0,0
00ACGT0026,E00001565,0,0,0,0,0,0
00ACGT0002,E00001541,0,0,0,0,0,0
00ACGR0037,E00001482,0,0,0,0,0,0
00ACGT0015,E00001554,0,0,0,0,0,0
00ACGT0019,E00001558,0,0,0,0,0,0
00ACGT0021,E00001560,0,0,0,0,0,0
00ACGR0040,E00001485,0,0,0,0,0,0
00ACGR0029,E00001474,0,0,0,0,0,0
00ACGT0030,E00001569,0,0,0,0,0,0
00ACGD0010,E00000879,0,0,0,0,0,0
00ACGT0013,E00001552,0,0,0,0,0,0
00APGA0001,E00009832,0,0,0,0,0,0
00ACGT0020,E00001559,0,0,0,0,0,0
00ACGT0018,E00001557,0,0,0,0,0,0
00ACGR0031,E00001476,0,0,0,0,0,0
00ACGT0016,E00001555,0,0,0,0,0,0
00ACGR0027,E00001472,0,0,0,0,0,0
00ACGT0051,E00001590,0,0,0,0,0,0
00ACGR0030,E00001475,0,0,0,0,0,0
00ACGR0032,E00001477,0,0,0,0,0,0
00ACGP0003,E00001352,0,0,0,0,0,0
00ACGR0028,E00001473,0,0,0,0,0,0
00ACGR0033,E00001478,0,0,0,0,0,0
00ACGR0034,E00001479,0,0,0,0,0,0
00ACGR0022,E00001467,0,0,0,0,0,0
00ACGR0023,E00001468,0,0,0,0,0,0
00ACGR0024,E00001469,0,0,0,0,0,0
00ACGP0002,E00001351,0,0,0,0,0,0
00ACGP0005,E00001354,0,0,0,0,0,0
00ACGP0008,E00001357,0,0,0,0,0,0
00APGG0018,E00010080,0,0,0,0,0,0
00ACGP0010,E00001359,0,0,0,0,0,0
00APGG0022,E00010084,0,0,0,0,0,0
00ACGP0012,E00001361,0,0,0,0,0,0
00ACGT0038,E00001577,0,0,0,0,0,0
00ACGT0040,E00001579,0,0,0,0,0,0
00ACGR0002,E00001447,0,0,0,0,0,0
00ACGT0042,E00001581,0,0,0,0,0,0
00ACGT0011,E00001550,0,0,0,0,0,0
00ACGT0012,E00001551,0,0,0,0,0,0
00ACGT0008,E00001547,0,0,0,0,0,0
00APGG0015,E00010077,0,0,0,0,0,0
00ACGT0010,E00001549,0,0,0,0,0,0
00ACGT0014,E00001553,0,0,0,0,0,0
00ACGT0006,E00001545,0,0,0,0,0,0
00ACGT0001,E00001540,0,0,0,0,0,0
00ACGT0047,E00001586,0,0,0,0,0,0
00ACGT0048,E00001587,0,0,0,0,0,0
00ACGT0017,E00001556,0,0,0,0,0,0
00APGE0016,E00010003,0,0,0,0,0,0
00ACGT0009,E00001548,0,0,0,0,0,0
00ACGT0046,E00001585,0,0,0,0,0,0
00ACGT0041,E00001580,0,0,0,0,0,0
00ACGB0014,E00000782,0,0,0,0,0,0
00ACGT0007,E00001546,0,0,0,0,0,0
00APGE0038,E00010025,0,0,0,0,0,0
00ACGT0050,E00001589,0,0,0,0,0,0
00ACGB0012,E00000780,0,0,0,0,0,0
00ACGT0039,E00001578,0,0,0,0,0,0
00ACGT0004,E00001543,0,0,0,0,0,0
00ACGT0037,E00001576,0,0,0,0,0,0
00ACGT0043,E00001582,0,0,0,0,0,0
00ACGT0005,E00001544,0,0,0,0,0,0
00APGG0020,E00010082,0,0,0,0,0,0
00ACGT0036,E00001575,0,0,0,0,0,0
00ACGT0044,E00001583,0,0,0,0,0,0
00APGG0016,E00010078,0,0,0,0,0,0
00APGG0031,E00010093,0,0,0,0,0,0
00APGG0019,E00010081,0,0,0,0,0,0
00BGGE0023,E00021461,0,0,0,0,0,0
00APGD0033,E00009977,0,0,0,0,0,0
00APGD0006,E00009950,0,0,0,0,0,0
00APGG0013,E00010075,0,0,0,0,0,0
00APGG0014,E00010076,0,0,0,0,0,0
00APGG0012,E00010074,0,0,0,0,0,0
00APGE0023,E00010010,0,0,0,0,0,0
00APGD0005,E00009949,0,0,0,0,0,0
00APGD0034,E00009978,0,0,0,0,0,0
00APGD0035,E00009979,0,0,0,0,0,0
00APGD0036,E00009980,0,0,0,0,0,0
00APGG0007,E00010069,0,0,0,0,0,0
00APGG0011,E00010073,0,0,0,0,0,0
00ACGD0008,E00000877,0,0,0,0,0,0
00APGE0028,E00010015,0,0,0,0,0,0
00BGFZ0005,E00021264,0,0,0,0,0,0
00APGG0008,E00010070,0,0,0,0,0,0
00APGG0009,E00010071,0,0,0,0,0,0
00APGE0027,E00010014,0,0,0,0,0,0
00APGE0031,E00010018,0,0,0,0,0,0
00APGE0026,E00010013,0,0,0,0,0,0
00APGE0004,E00009991,0,0,0,0,0,0
00APGE0022,E00010009,0,0,0,0,0,0
00APGE0006,E00009993,0,0,0,0,0,0
00APGE0024,E00010011,0,0,0,0,0,0
00APGG0010,E00010072,0,0,0,0,0,0
00APGG0017,E00010079,0,0,0,0,0,0
00APGG0039,E00010101,0,0,0,0,0,0
00APGG0040,E00010102,0,0,0,0,0,0
00APGG0038,E00010100,0,0,0,0,0,0
00APGD0004,E00009948,0,0,0,0,0,0
00APGJ0027,E00010166,0,0,0,0,0,0
00APGD0015,E00009959,0,0,0,0,0,0
00APGJ0028,E00010167,0,0,0,0,0,0
00APGJ0026,E00010165,0,0,0,0,0,0
00APGD0011,E00009955,0,0,0,0,0,0
00APGD0024,E00009968,0,0,0,0,0,0
00APGD0030,E00009974,0,0,0,0,0,0
00APGD0008,E00009952,0,0,0,0,0,0
00APGD0021,E00009965,0,0,0,0,0,0
00APGD0014,E00009958,0,0,0,0,0,0
00APGD0016,E00009960,0,0,0,0,0,0
00APGD0032,E00009976,0,0,0,0,0,0
00APGD0010,E00009954,0,0,0,0,0,0
00APGD0001,E00009945,0,0,0,0,0,0
00APGD0039,E00009983,0,0,0,0,0,0
00APGJ0025,E00010164,0,0,0,0,0,0
00APGJ0023,E00010162,0,0,0,0,0,0
00APGJ0015,E00010154,0,0,0,0,0,0
00APGJ0018,E00010157,0,0,0,0,0,0
00APGJ0024,E00010163,0,0,0,0,0,0
00APGJ0019,E00010158,0,0,0,0,0,0
00APGD0042,E00009986,0,0,0,0,0,0
00APGD0041,E00009985,0,0,0,0,0,0
00APGD0043,E00009987,0,0,0,0,0,0
00BGFZ0018,E00021277,0,0,0,0,0,0
00APGD0007,E00009951,0,0,0,0,0,0
00APGH0006,E00010108,0,0,0,0,0,0
00APGJ0030,E00010169,0,0,0,0,0,0
00BGFZ0009,E00021268,0,0,0,0,0,0
00APGJ0031,E00010170,0,0,0,0,0,0
00APGJ0033,E00010172,0,0,0,0,0,0
00APGJ0020,E00010159,0,0,0,0,0,0
00APGE0009,E00009996,0,0,0,0,0,0
00APGE0017,E00010004,0,0,0,0,0,0
00APGJ0001,E00010140,0,0,0,0,0,0
00APGH0034,E00010136,0,0,0,0,0,0
00APGE0025,E00010012,0,0,0,0,0,0
00APGE0021,E00010008,0,0,0,0,0,0
00APGE0018,E00010005,0,0,0,0,0,0
00APGE0003,E00009990,0,0,0,0,0,0
00APGE0019,E00010006,0,0,0,0,0,0
00APGE0020,E00010007,0,0,0,0,0,0
00APGE0012,E00009999,0,0,0,0,0,0
00APGE0010,E00009997,0,0,0,0,0,0
00APGJ0011,E00010150,0,0,0,0,0,0
00APGJ0012,E00010151,0,0,0,0,0,0
00APGJ0003,E00010142,0,0,0,0,0,0
00APGJ0007,E00010146,0,0,0,0,0,0
00APGA0028,E00009859,0,0,0,0,0,0
00APGJ0035,E00010174,0,0,0,0,0,0
00AMGU0030,E00009218,0,0,0,0,0,0
00APGJ0014,E00010153,0,0,0,0,0,0
00APGJ0022,E00010161,0,0,0,0,0,0
00APGJ0002,E00010141,0,0,0,0,0,0
00APGJ0004,E00010143,0,0,0,0,0,0
00APGE0005,E00009992,0,0,0,0,0,0
00BGFW0011,E00021151,0,0,0,0,0,0
00APGE0015,E00010002,0,0,0,0,0,0
00APGE0001,E00009988,0,0,0,0,0,0
00APGE0014,E00010001,0,0,0,0,0,0
00APGE0013,E00010000,0,0,0,0,0,0
00APGE0011,E00009998,0,0,0,0,0,0
00APGE0008,E00009995,0,0,0,0,0,0
00APGH0017,E00010119,0,0,0,0,0,0
00APGA0027,E00009858,0,0,0,0,0,0
00APGE0002,E00009989,0,0,0,0,0,0
00APGE0039,E00010026,0,0,0,0,0,0
00APGA0023,E00009854,0,0,0,0,0,0
00APGA0030,E00009861,0,0,0,0,0,0
00APGA0003,E00009834,0,0,0,0,0,0
00APGJ0016,E00010155,0,0,0,0,0,0
00APGJ0034,E00010173,0,0,0,0,0,0
00APGH0012,E00010114,0,0,0,0,0,0
00APGJ0017,E00010156,0,0,0,0,0,0
00APGJ0006,E00010145,0,0,0,0,0,0
00APGJ0010,E00010149,0,0,0,0,0,0
00APGH0018,E00010120,0,0,0,0,0,0
00APGJ0005,E00010144,0,0,0,0,0,0
00APGJ0009,E00010148,0,0,0,0,0,0
00APGD0003,E00009947,0,0,0,0,0,0
00APGP0018,E00010351,0,0,0,0,0,0
00APGD0023,E00009967,0,0,0,0,0,0
00APGH0028,E00010130,0,0,0,0,0,0
00APGJ0008,E00010147,0,0,0,0,0,0
00APGH0020,E00010122,0,0,0,0,0,0
00APGH0014,E00010116,0,0,0,0,0,0
00APGH0015,E00010117,0,0,0,0,0,0
00APGH0019,E00010121,0,0,0,0,0,0
00APGJ0013,E00010152,0,0,0,0,0,0
00APGH0013,E00010115,0,0,0,0,0,0
00APGH0023,E00010125,0,0,0,0,0,0
00APGH0016,E00010118,0,0,0,0,0,0
00APGA0031,E00009862,0,0,0,0,0,0
00APGA0029,E00009860,0,0,0,0,0,0
00AUGF0033,E00013736,0,0,0,0,0,0
00AUGF0027,E00013730,0,0,0,0,0,0
00APGP0002,E00010335,0,0,0,0,0,0
00APGP0019,E00010352,0,0,0,0,0,0
00APGP0020,E00010353,0,0,0,0,0,0
00APGP0010,E00010343,0,0,0,0,0,0
00APGD0031,E00009975,0,0,0,0,0,0
00APGF0002,E00010028,0,0,0,0,0,0
00AMGP0001,E00009009,0,0,0,0,0,0
00APGD0009,E00009953,0,0,0,0,0,0
00APGF0028,E00010054,0,0,0,0,0,0
00APGD0028,E00009972,0,0,0,0,0,0
00APGP0017,E00010350,0,0,0,0,0,0
00APGP0016,E00010349,0,0,0,0,0,0
00APGN0036,E00010328,0,0,0,0,0,0
00APGF0004,E00010030,0,0,0,0,0,0
00BGFW0017,E00021157,0,0,0,0,0,0
00APGN0035,E00010327,0,0,0,0,0,0
00APGH0008,E00010110,0,0,0,0,0,0
00APGH0010,E00010112,0,0,0,0,0,0
00APGH0037,E00010139,0,0,0,0,0,0
00APGD0002,E00009946,0,0,0,0,0,0
00APGD0012,E00009956,0,0,0,0,0,0
00APGD0040,E00009984,0,0,0,0,0,0
00APGH0026,E00010128,0,0,0,0,0,0
00APGH0001,E00010103,0,0,0,0,0,0
00APGH0035,E00010137,0,0,0,0,0,0
00APGH0021,E00010123,0,0,0,0,0,0
00APGD0017,E00009961,0,0,0,0,0,0
00APGD0018,E00009962,0,0,0,0,0,0
00APGD0026,E00009970,0,0,0,0,0,0
00APGP0007,E00010340,0,0,0,0,0,0
00APGP0009,E00010342,0,0,0,0,0,0
00APGP0008,E00010341,0,0,0,0,0,0
00APGP0005,E00010338,0,0,0,0,0,0
00APGF0009,E00010035,0,0,0,0,0,0
00APGK0020,E00010194,0,0,0,0,0,0
00APGP0011,E00010344,0,0,0,0,0,0
00APGP0006,E00010339,0,0,0,0,0,0
00APGD0013,E00009957,0,0,0,0,0,0
00APGP0001,E00010334,0,0,0,0,0,0
00APGF0032,E00010058,0,0,0,0,0,0
00APGP0012,E00010345,0,0,0,0,0,0
00APGP0014,E00010347,0,0,0,0,0,0
00APGP0015,E00010348,0,0,0,0,0,0
00APGP0013,E00010346,0,0,0,0,0,0
00APGH0009,E00010111,0,0,0,0,0,0
00APGH0003,E00010105,0,0,0,0,0,0
00APGH0004,E00010106,0,0,0,0,0,0
00APGH0005,E00010107,0,0,0,0,0,0
00APGH0036,E00010138,0,0,0,0,0,0
00APGP0039,E00010372,0,0,0,0,0,0
00APGH0002,E00010104,0,0,0,0,0,0
00APGH0032,E00010134,0,0,0,0,0,0
00APGH0029,E00010131,0,0,0,0,0,0
00APGH0007,E00010109,0,0,0,0,0,0
00APGH0025,E00010127,0,0,0,0,0,0
00APGF0021,E00010047,0,0,0,0,0,0
00APGP0038,E00010371,0,0,0,0,0,0
00APGF0020,E00010046,0,0,0,0,0,0
00APGF0019,E00010045,0,0,0,0,0,0
00APGF0022,E00010048,0,0,0,0,0,0
00APGF0024,E00010050,0,0,0,0,0,0
00APGF0025,E00010051,0,0,0,0,0,0
00APGF0015,E00010041,0,0,0,0,0,0
00APGF0017,E00010043,0,0,0,0,0,0
00APGF0027,E00010053,0,0,0,0,0,0
00APGN0034,E00010326,0,0,0,0,0,0
00APGF0030,E00010056,0,0,0,0,0,0
00APGF0003,E00010029,0,0,0,0,0,0
00APGF0033,E00010059,0,0,0,0,0,0
00APGF0035,E00010061,0,0,0,0,0,0
00APGF0036,E00010062,0,0,0,0,0,0
00BGFW0001,E00021141,0,0,0,0,0,0
00APGF0034,E00010060,0,0,0,0,0,0
00APGM0030,E00010283,0,0,0,0,0,0
00APGM0033,E00010286,0,0,0,0,0,0
00APGM0028,E00010281,0,0,0,0,0,0
00APGM0031,E00010284,0,0,0,0,0,0
00APGF0031,E00010057,0,0,0,0,0,0
00APGM0032,E00010285,0,0,0,0,0,0
00APGN0019,E00010311,0,0,0,0,0,0
00APGN0027,E00010319,0,0,0,0,0,0
00APGN0002,E00010294,0,0,0,0,0,0
00APGN0018,E00010310,0,0,0,0,0,0
00APGN0020,E00010312,0,0,0,0,0,0
00APGN0026,E00010318,0,0,0,0,0,0
00APGF0029,E00010055,0,0,0,0,0,0
00APGM0008,E00010261,0,0,0,0,0,0
00APGF0014,E00010040,0,0,0,0,0,0
00APGM0025,E00010278,0,0,0,0,0,0
00APGF0026,E00010052,0,0,0,0,0,0
00APGM0015,E00010268,0,0,0,0,0,0
00APGM0018,E00010271,0,0,0,0,0,0
00APGM0024,E00010277,0,0,0,0,0,0
00APGM0027,E00010280,0,0,0,0,0,0
00APGM0006,E00010259,0,0,0,0,0,0
00AMGQ0034,E00009078,0,0,0,0,0,0
00APGF0023,E00010049,0,0,0,0,0,0
00APGM0017,E00010270,0,0,0,0,0,0
00APGF0013,E00010039,0,0,0,0,0,0
00APGM0007,E00010260,0,0,0,0,0,0
00APGF0018,E00010044,0,0,0,0,0,0
00APGM0019,E00010272,0,0,0,0,0,0
00AMGQ0001,E00009045,0,0,0,0,0,0
00AMGT0038,E00009185,0,0,0,0,0,0
00APGF0016,E00010042,0,0,0,0,0,0
00APGM0036,E00010289,0,0,0,0,0,0
00APGM0005,E00010258,0,0,0,0,0,0
00APGM0026,E00010279,0,0,0,0,0,0
00APGM0013,E00010266,0,0,0,0,0,0
00APGM0002,E00010255,0,0,0,0,0,0
00APGM0012,E00010265,0,0,0,0,0,0
00APGM0016,E00010269,0,0,0,0,0,0
00APGM0038,E00010291,0,0,0,0,0,0
00APGM0010,E00010263,0,0,0,0,0,0
00APGM0037,E00010290,0,0,0,0,0,0
00APGM0039,E00010292,0,0,0,0,0,0
00APGM0001,E00010254,0,0,0,0,0,0
00APGH0011,E00010113,0,0,0,0,0,0
00APGK0018,E00010192,0,0,0,0,0,0
00APGF0007,E00010033,0,0,0,0,0,0
00APGH0030,E00010132,0,0,0,0,0,0
00APGH0031,E00010133,0,0,0,0,0,0
00APGH0027,E00010129,0,0,0,0,0,0
00AMGQ0033,E00009077,0,0,0,0,0,0
00APGF0008,E00010034,0,0,0,0,0,0
00APGF0001,E00010027,0,0,0,0,0,0
00APGF0005,E00010031,0,0,0,0,0,0
00APGF0006,E00010032,0,0,0,0,0,0
00APGF0012,E00010038,0,0,0,0,0,0
00APGK0019,E00010193,0,0,0,0,0,0
00APGK0014,E00010188,0,0,0,0,0,0
00APGK0017,E00010191,0,0,0,0,0,0
00APGK0021,E00010195,0,0,0,0,0,0
00APGF0011,E00010037,0,0,0,0,0,0
00APGK0005,E00010179,0,0,0,0,0,0
00APGK0013,E00010187,0,0,0,0,0,0
00APGK0006,E00010180,0,0,0,0,0,0
00APGK0015,E00010189,0,0,0,0,0,0
00APGK0004,E00010178,0,0,0,0,0,0
00APGK0012,E00010186,0,0,0,0,0,0
00APGK0029,E00010203,0,0,0,0,0,0
00APGK0035,E00010209,0,0,0,0,0,0
00APGK0016,E00010190,0,0,0,0,0,0
00APGK0002,E00010176,0,0,0,0,0,0
00APGK0037,E00010211,0,0,0,0,0,0
00APGK0007,E00010181,0,0,0,0,0,0
00APGK0032,E00010206,0,0,0,0,0,0
00APGS0031,E00010486,0,0,0,0,0,0
00APGM0034,E00010287,0,0,0,0,0,0
00APGF0010,E00010036,0,0,0,0,0,0
00APGS0005,E00010460,0,0,0,0,0,0
00APGS0034,E00010489,0,0,0,0,0,0
00APGS0035,E00010490,0,0,0,0,0,0
00APGS0036,E00010491,0,0,0,0,0,0
00APGS0007,E00010462,0,0,0,0,0,0
00ACGB0024,E00000792,0,0,0,0,0,0
00APGS0008,E00010463,0,0,0,0,0,0
00APGS0032,E00010487,0,0,0,0,0,0
00APGS0029,E00010484,0,0,0,0,0,0
00AMGF0007,E00008727,0,0,0,0,0,0
00APGS0004,E00010459,0,0,0,0,0,0
00AMGT0020,E00009167,0,0,0,0,0,0
00AMGF0006,E00008726,0,0,0,0,0,0
00ACGB0022,E00000790,0,0,0,0,0,0
00APGS0038,E00010493,0,0,0,0,0,0
00APGS0006,E00010461,0,0,0,0,0,0
00APGS0033,E00010488,0,0,0,0,0,0
00ACGB0033,E00000801,0,0,0,0,0,0
00APGS0028,E00010483,0,0,0,0,0,0
00APGC0006,E00009911,0,0,0,0,0,0
00APGS0002,E00010457,0,0,0,0,0,0
00APGS0030,E00010485,0,0,0,0,0,0
00APGS0037,E00010492,0,0,0,0,0,0
00APGS0019,E00010474,0,0,0,0,0,0
00APGS0027,E00010482,0,0,0,0,0,0
00APGK0009,E00010183,0,0,0,0,0,0
00APGK0038,E00010212,0,0,0,0,0,0
00AMGF0002,E00008722,0,0,0,0,0,0
00AMGF0033,E00008753,0,0,0,0,0,0
00APGK0008,E00010182,0,0,0,0,0,0
00APGK0036,E00010210,0,0,0,0,0,0
00ACGB0035,E00000803,0,0,0,0,0,0
00APGS0016,E00010471,0,0,0,0,0,0
00APGS0025,E00010480,0,0,0,0,0,0
00APGS0021,E00010476,0,0,0,0,0,0
00APGK0011,E00010185,0,0,0,0,0,0
00APGK0010,E00010184,0,0,0,0,0,0
00APGS0024,E00010479,0,0,0,0,0,0
00APGS0026,E00010481,0,0,0,0,0,0
00APGE0032,E00010019,0,0,0,0,0,0
00APGE0037,E00010024,0,0,0,0,0,0
00APGE0036,E00010023,0,0,0,0,0,0
00ACGB0021,E00000789,0,0,0,0,0,0
00APGA0005,E00009836,0,0,0,0,0,0
00APGA0017,E00009848,0,0,0,0,0,0
00APGA0026,E00009857,0,0,0,0,0,0
00APGA0020,E00009851,0,0,0,0,0,0
00APGE0035,E00010022,0,0,0,0,0,0
00APGA0002,E00009833,0,0,0,0,0,0
00APGA0021,E00009852,0,0,0,0,0,0
00ACGB0004,E00000772,0,0,0,0,0,0
00APGA0004,E00009835,0,0,0,0,0,0
00ACGB0007,E00000775,0,0,0,0,0,0
00APGE0034,E00010021,0,0,0,0,0,0
00APGA0035,E00009866,0,0,0,0,0,0
00APGA0019,E00009850,0,0,0,0,0,0
00APGA0024,E00009855,0,0,0,0,0,0
00BHGM0036,E00022303,0,0,0,0,0,0
00ACGD0003,E00000872,0,0,0,0,0,0
00APGE0033,E00010020,0,0,0,0,0,0
00ACGB0008,E00000776,0,0,0,0,0,0
00ACGB0026,E00000794,0,0,0,0,0,0
00ACGB0017,E00000785,0,0,0,0,0,0
00ACGB0049,E00000817,0,0,0,0,0,0
00ACGB0011,E00000779,0,0,0,0,0,0
00ACGB0013,E00000781,0,0,0,0,0,0
00ACGB0034,E00000802,0,0,0,0,0,0
00ACGB0036,E00000804,0,0,0,0,0,0
00ACGB0032,E00000800,0,0,0,0,0,0
00ACGB0037,E00000805,0,0,0,0,0,0
00ACGB0031,E00000799,0,0,0,0,0,0
00ACGB0027,E00000795,0,0,0,0,0,0
00ACGB0029,E00000797,0,0,0,0,0,0
00ACGB0030,E00000798,0,0,0,0,0,0
00APGA0015,E00009846,0,0,0,0,0,0
00ACGB0020,E00000788,0,0,0,0,0,0
00ACGB0006,E00000774,0,0,0,0,0,0
00ACGB0025,E00000793,0,0,0,0,0,0
00ACGB0005,E00000773,0,0,0,0,0,0
00APGA0013,E00009844,0,0,0,0,0,0
00APGA0016,E00009847,0,0,0,0,0,0
00APGA0012,E00009843,0,0,0,0,0,0
00APGA0018,E00009849,0,0,0,0,0,0
00APGA0009,E00009840,0,0,0,0,0,0
00APGA0007,E00009838,0,0,0,0,0,0
00APGA0006,E00009837,0,0,0,0,0,0
00APGA0008,E00009839,0,0,0,0,0,0
00APGA0022,E00009853,0,0,0,0,0,0
00BHGM0022,E00022289,0,0,0,0,0,0
00APGA0011,E00009842,0,0,0,0,0,0
00APGA0014,E00009845,0,0,0,0,0,0
00APGA0034,E00009865,0,0,0,0,0,0
00APGB0006,E00009872,0,0,0,0,0,0
00APGB0012,E00009878,0,0,0,0,0,0
00APGA0010,E00009841,0,0,0,0,0,0
00APGA0033,E00009864,0,0,0,0,0,0
00AKHD0008,E00007589,0,0,0,0,0,0
00APGA0032,E00009863,0,0,0,0,0,0
00ACGB0002,E00000770,0,0,0,0,0,0
00APGB0025,E00009891,0,0,0,0,0,0
00APGB0031,E00009897,0,0,0,0,0,0
00APGB0009,E00009875,0,0,0,0,0,0
00APGB0038,E00009904,0,0,0,0,0,0
00APGB0030,E00009896,0,0,0,0,0,0
00APGB0039,E00009905,0,0,0,0,0,0
00APGU0011,E00010541,0,0,0,0,0,0
00APGB0011,E00009877,0,0,0,0,0,0
00APGB0010,E00009876,0,0,0,0,0,0
00APGB0028,E00009894,0,0,0,0,0,0
00ACGB0003,E00000771,0,0,0,0,0,0
00ACGB0018,E00000786,0,0,0,0,0,0
00ACGB0010,E00000778,0,0,0,0,0,0
00ACGB0019,E00000787,0,0,0,0,0,0
00ACGB0009,E00000777,0,0,0,0,0,0
00ACGB0050,E00000818,0,0,0,0,0,0
00ACGB0015,E00000783,0,0,0,0,0,0
00ACGB0016,E00000784,0,0,0,0,0,0
00ACGB0001,E00000769,0,0,0,0,0,0
00AKHD0007,E00007588,0,0,0,0,0,0
00BHFX0017,E00021784,0,0,0,0,0,0
00AKHD0001,E00007582,0,0,0,0,0,0
00ACGB0047,E00000815,0,0,0,0,0,0
00BGFW0025,E00021165,0,0,0,0,0,0
00ACGB0048,E00000816,0,0,0,0,0,0
00ACGB0046,E00000814,0,0,0,0,0,0
00ACGB0042,E00000810,0,0,0,0,0,0
00ACGB0045,E00000813,0,0,0,0,0,0
00ACFX0002,E00000577,0,0,0,0,0,0
00ACFX0032,E00000607,0,0,0,0,0,0
00ACFX0033,E00000608,0,0,0,0,0,0
00AKGZ0029,E00007444,0,0,0,0,0,0
00AKHD0035,E00007616,0,0,0,0,0,0
00AKHD0038,E00007619,0,0,0,0,0,0
00AKHD0004,E00007585,0,0,0,0,0,0
00AKHD0006,E00007587,0,0,0,0,0,0
00AKHD0014,E00007595,0,0,0,0,0,0
00AKGL0024,E00006933,0,0,0,0,0,0
00APGS0009,E00010464,0,0,0,0,0,0
00AKGL0017,E00006926,0,0,0,0,0,0
00AKGL0026,E00006935,0,0,0,0,0,0
00AKHD0040,E00007621,0,0,0,0,0,0
00AMGK0032,E00008895,0,0,0,1,0,1
00AKGL0013,E00006922,0,0,0,0,0,0
00AKGL0014,E00006923,0,0,0,0,0,0
00AKGL0023,E00006932,0,0,0,0,0,0
00APGB0007,E00009873,0,0,0,0,0,0
00AKGL0029,E00006938,0,0,0,0,0,0
00AKHD0026,E00007607,0,0,0,0,0,0
00APGU0037,E00010567,0,0,0,0,0,0
00AMGK0039,E00008902,0,1,0,1,0,1
00AKHD0032,E00007613,0,0,0,0,0,0
00AKHD0037,E00007618,0,0,0,0,0,0
00APGK0001,E00010175,0,0,0,0,0,0
00APGA0025,E00009856,0,0,0,0,0,0
00APGB0017,E00009883,0,0,0,0,0,0
00APGK0025,E00010199,0,0,0,0,0,0
00APGK0030,E00010204,0,0,0,0,0,0
00APGK0031,E00010205,0,0,0,0,0,0
00APGK0034,E00010208,0,0,0,0,0,0
00APGK0027,E00010201,0,0,0,0,0,0
00APGS0001,E00010456,0,0,0,0,0,0
00APGK0033,E00010207,0,0,0,0,0,0
00APGB0015,E00009881,0,0,0,0,0,0
00APGK0028,E00010202,0,0,0,0,0,0
00APGS0011,E00010466,0,0,0,0,0,0
00APGB0024,E00009890,0,0,0,0,0,0
00AMGF0018,E00008738,0,0,0,0,0,1
00APGU0001,E00010531,0,0,0,0,0,0
00APGU0035,E00010565,0,0,0,0,0,0
00APGU0036,E00010566,0,0,0,0,0,0
00AKGZ0033,E00007448,0,0,0,0,0,0
00APGU0038,E00010568,0,0,0,0,0,0
00APGK0026,E00010200,0,0,0,0,0,0
00APGK0024,E00010198,0,0,0,0,0,0
00APGB0022,E00009888,0,0,0,0,0,0
00APGB0014,E00009880,0,0,0,0,0,0
00APGB0026,E00009892,0,0,0,0,0,0
00APGB0008,E00009874,0,0,0,0,0,0
00APGB0020,E00009886,0,0,0,0,0,0
00AMGL0018,E00008923,0,0,0,0,0,0
00APGB0013,E00009879,0,0,0,0,0,0
00APGB0001,E00009867,0,0,0,0,0,0
00APGB0002,E00009868,0,0,0,0,0,0
00APGB0004,E00009870,0,0,0,0,0,0
00AKHD0039,E00007620,0,0,0,0,0,0
00AKGL0037,E00006946,0,0,0,0,0,0
00AKHD0011,E00007592,0,0,0,0,0,0
00AKGL0021,E00006930,0,0,0,0,0,0
00AKHD0033,E00007614,0,0,0,0,0,0
00AKGL0033,E00006942,0,0,0,0,0,0
00AKGL0008,E00006917,0,0,0,0,0,0
00AKGL0025,E00006934,0,0,0,0,0,0
00AKHD0003,E00007584,0,0,0,0,0,0
00APGB0018,E00009884,0,0,0,0,0,0
00APGB0023,E00009889,0,0,0,0,0,0
00APGU0031,E00010561,0,0,0,0,0,0
00APGU0030,E00010560,0,0,0,0,0,0
00APGB0021,E00009887,0,0,0,0,0,0
00APGB0016,E00009882,0,0,0,0,0,0
00APGB0019,E00009885,0,0,0,0,0,0
00APGU0015,E00010545,0,0,0,0,0,0
00APGU0018,E00010548,0,0,0,0,0,0
00APGU0019,E00010549,0,0,0,0,0,0
00AKHG0015,E00007722,0,0,0,0,0,0
00APGU0002,E00010532,0,0,0,0,0,0
00APGB0005,E00009871,0,0,0,0,0,0
00APGB0003,E00009869,0,0,0,0,0,0
00ACGN0013,E00001314,0,0,0,0,0,0
00APGU0028,E00010558,0,0,0,0,0,0
00APGU0033,E00010563,0,0,0,0,0,0
00APGU0020,E00010550,0,0,0,0,0,0
00APGU0034,E00010564,0,0,0,0,0,0
00APGU0016,E00010546,0,0,0,0,0,0
00APGU0022,E00010552,0,0,0,0,0,0
00APGU0024,E00010554,0,0,0,0,0,0
00APGU0023,E00010553,0,0,0,0,0,0
00APGB0027,E00009893,0,0,0,0,0,0
00AKGL0022,E00006931,0,0,0,0,0,0
00AKHG0013,E00007720,0,0,0,0,0,0
00AKHG0005,E00007712,0,0,0,0,0,0
00AKHG0036,E00007743,0,0,0,0,0,0
00APGB0035,E00009901,0,0,0,0,0,0
00AKHG0001,E00007708,0,0,0,0,0,0
00AKHG0025,E00007732,0,0,0,0,0,0
00APGB0032,E00009898,0,0,0,0,0,0
00AMGF0019,E00008739,0,0,0,0,0,1
00APGB0037,E00009903,0,0,0,0,0,0
00APGB0029,E00009895,0,0,0,0,0,0
00APGB0034,E00009900,0,0,0,0,0,0
00APGB0033,E00009899,0,0,0,0,0,0
00APGB0036,E00009902,0,0,0,0,0,0
00APGU0013,E00010543,0,0,0,0,0,0
00BHGD0032,E00022004,0,0,0,0,0,0
00APGU0008,E00010538,0,0,0,0,0,0
00APGU0006,E00010536,0,0,0,0,0,0
00AKGL0009,E00006918,0,0,0,0,0,0
00APGU0005,E00010535,0,0,0,0,0,0
00APGU0007,E00010537,0,0,0,0,0,0
00APGU0009,E00010539,0,0,0,0,0,0
00APGU0010,E00010540,0,0,0,0,0,0
00APGK0022,E00010196,0,0,0,0,0,0
00APGU0025,E00010555,0,0,0,0,0,0
00ACGQ0024,E00001419,0,0,0,0,0,0
00APGU0026,E00010556,0,0,0,0,0,0
00APGU0032,E00010562,0,0,0,0,0,0
00APGU0021,E00010551,0,0,0,0,0,0
00APGU0029,E00010559,0,0,0,0,0,0
00APGU0014,E00010544,0,0,0,0,0,0
00APGK0003,E00010177,0,0,0,0,0,0
00APGU0017,E00010547,0,0,0,0,0,0
00APGU0003,E00010533,0,0,0,0,0,0
00APGK0023,E00010197,0,0,0,0,0,0
00APGU0027,E00010557,0,0,0,0,0,0
00APGT0005,E00010498,0,0,0,0,0,0
00ACGQ0012,E00001407,0,0,0,0,0,0
00APGT0033,E00010526,0,0,0,0,0,0
00APGT0004,E00010497,0,0,0,0,0,0
00ACGQ0016,E00001411,0,0,0,0,0,0
00APGT0012,E00010505,0,0,0,0,0,0
00APGT0017,E00010510,0,0,0,0,0,0
00AKGL0020,E00006929,0,0,0,0,0,0
00APGT0037,E00010530,0,0,0,0,0,0
00APGT0011,E00010504,0,0,0,0,0,0
00ACGQ0019,E00001414,0,0,0,0,0,0
00APGT0014,E00010507,0,0,0,0,0,0
00APGU0004,E00010534,0,0,0,0,0,0
00APGT0019,E00010512,0,0,0,0,0,0
00APGT0022,E00010515,0,0,0,0,0,0
00APGT0034,E00010527,0,0,0,0,0,0
00APGT0031,E00010524,0,0,0,0,0,0
00APGT0023,E00010516,0,0,0,0,0,0
00APGT0026,E00010519,0,0,0,0,0,0
00APGT0027,E00010520,0,0,0,0,0,0
00APGT0028,E00010521,0,0,0,0,0,0
00APGT0018,E00010511,0,0,0,0,0,0
00AKGZ0034,E00007449,0,0,0,0,0,0
00AKGL0007,E00006916,0,0,0,0,0,0
00AKGL0038,E00006947,0,0,0,0,0,0
00AKGL0001,E00006910,0,0,0,0,0,0
00AKGZ0027,E00007442,0,0,0,0,0,0
00AKGL0005,E00006914,0,0,0,0,0,0
00AKGL0039,E00006948,0,0,0,0,0,0
00AKGL0027,E00006936,0,0,0,0,0,0
00AKGL0028,E00006937,0,0,0,0,0,0
00AKGZ0036,E00007451,0,0,0,0,0,0
00AKGZ0035,E00007450,0,0,0,0,0,0
00AKGL0004,E00006913,0,0,0,0,0,0
00AKGL0018,E00006927,0,0,0,0,0,0
00AKGL0031,E00006940,0,0,0,0,0,0
00AKGL0036,E00006945,0,0,0,0,0,0
00AKGL0035,E00006944,0,0,0,0,0,0
00AKGL0012,E00006921,0,0,0,0,0,0
00AKGL0011,E00006920,0,0,0,0,0,0
00AKGL0016,E00006925,0,0,0,0,0,0
00AKGZ0032,E00007447,0,0,0,0,0,0
00AKGZ0024,E00007439,0,0,0,0,0,0
00AKGZ0001,E00007416,0,0,0,0,0,0
00AKGZ0031,E00007446,0,0,0,0,0,0
00AKGZ0021,E00007436,0,0,0,0,0,0
00ACGE0042,E00000963,0,0,0,0,0,0
00ACGJ0015,E00001121,0,0,0,0,0,0
00ACGJ0020,E00001126,0,0,0,0,0,0
00AKGZ0022,E00007437,0,0,0,0,0,0
00ACGQ0005,E00001400,0,0,0,0,0,0
00AKGZ0025,E00007440,0,0,0,0,0,0
00AKGL0006,E00006915,0,0,0,0,0,0
00ACGQ0017,E00001412,0,0,0,0,0,0
00AKGL0010,E00006919,0,0,0,0,0,0
00AKGL0019,E00006928,0,0,0,0,0,0
00AKGL0030,E00006939,0,0,0,0,0,0
00AKGL0002,E00006911,0,0,0,0,0,0
00AKGL0003,E00006912,0,0,0,0,0,0
00AKHG0032,E00007739,0,0,0,0,0,0
00AKGZ0023,E00007438,0,0,0,0,0,0
00AKGZ0030,E00007445,0,0,0,0,0,0
00ACGE0012,E00000933,0,0,0,0,0,0
00AKGZ0026,E00007441,0,0,0,0,0,0
00AKGL0015,E00006924,0,0,0,0,0,0
00AKGZ0019,E00007434,0,0,0,0,0,0
00AQGS0018,E00011130,0,0,0,0,0,0
00ACGE0016,E00000937,0,0,0,0,0,0
00AQGS0014,E00011126,0,0,0,0,0,0
00ACGQ0050,E00001445,0,0,0,0,0,0
00AQGS0017,E00011129,0,0,0,0,0,0
00AQGS0016,E00011128,0,0,0,0,0,0
00AQFZ0026,E00010621,0,0,0,0,0,0
00ACGE0013,E00000934,0,0,0,0,0,0
00ACGE0011,E00000932,0,0,0,0,0,0
00ACGE0002,E00000923,0,0,0,0,0,0
00ACGJ0019,E00001125,0,0,0,0,0,0
00ACGE0010,E00000931,0,0,0,0,0,0
00ACGE0040,E00000961,0,0,0,0,0,0
00ACGE0004,E00000925,0,0,0,0,0,0
00ACGE0008,E00000929,0,0,0,0,0,0
00ACGE0041,E00000962,0,0,0,0,0,0
00ACGE0009,E00000930,0,0,0,0,0,0
00ACGE0006,E00000927,0,0,0,0,0,0
00ACGE0044,E00000965,0,0,0,0,0,0
00ACGE0007,E00000928,0,0,0,0,0,0
00ACGJ0014,E00001120,0,0,0,0,0,0
00ACGJ0013,E00001119,0,0,0,0,0,0
00ACGE0003,E00000924,0,0,0,0,0,0
00ACGE0001,E00000922,0,0,0,0,0,0
00ACGJ0026,E00001132,0,0,0,0,0,0
00ACGJ0027,E00001133,0,0,0,0,0,0
00ACGJ0023,E00001129,0,0,0,0,0,0
00ACGM0011,E00001265,0,0,0,0,0,0
00ACGM0047,E00001301,0,0,0,0,0,0
00AUGJ0010,E00013837,0,0,0,0,0,0
00ACGM0046,E00001300,0,0,0,0,0,0
00ACGJ0022,E00001128,0,0,0,0,0,0
00ACGJ0024,E00001130,0,0,0,0,0,0
00ACGJ0017,E00001123,0,0,0,0,0,0
00ACGJ0025,E00001131,0,0,0,0,0,0
00ACGM0045,E00001299,0,0,0,0,0,0
00ACGP0043,E00001392,0,0,0,0,0,0
00ACGM0044,E00001298,0,0,0,0,0,0
00ACGM0042,E00001296,0,0,0,0,0,0
00ACGT0033,E00001572,0,0,0,0,0,0
00ACGM0043,E00001297,0,0,0,0,0,0
00ACGJ0018,E00001124,0,0,0,0,0,0
00ACGJ0016,E00001122,0,0,0,0,0,0
00ACGE0043,E00000964,0,0,0,0,0,0
00ACGJ0021,E00001127,0,0,0,0,0,0
00ACGJ0002,E00001108,0,0,0,0,0,0
00ACGN0023,E00001324,0,0,0,0,0,0
00ACGJ0012,E00001118,0,0,0,0,0,0
00ACGL0048,E00001253,0,0,0,0,0,0
00ACGN0025,E00001326,0,0,0,0,0,0
00ACGJ0011,E00001117,0,0,0,0,0,0
00BGFW0020,E00021160,0,0,0,0,0,0
00ACGM0009,E00001263,0,0,0,0,0,0
00ACGM0017,E00001271,0,0,0,0,0,0
00ACGM0041,E00001295,0,0,0,0,0,0
00AUGJ0038,E00013865,0,0,0,0,0,0
00ACGQ0026,E00001421,0,0,0,0,0,0
00ACGQ0025,E00001420,0,0,0,0,0,0
00AMGK0006,E00008869,0,0,0,1,0,1
00ACGQ0021,E00001416,0,0,0,0,0,0
00ACGQ0022,E00001417,0,0,0,0,0,0
00ACGP0045,E00001394,0,0,0,0,0,0
00ACGP0006,E00001355,0,0,0,0,0,0
00ACGN0036,E00001337,0,0,0,0,0,0
00ACGP0046,E00001395,0,0,0,0,0,0
00ACGP0001,E00001350,0,0,0,0,0,0
00ACGP0040,E00001389,0,0,0,0,0,0
00ACGP0044,E00001393,0,0,0,0,0,0
00ACGP0007,E00001356,0,0,0,0,0,0
00ACGC0041,E00000859,0,0,0,0,0,0
00AMGK0031,E00008894,0,0,0,1,0,1
00ACGT0034,E00001573,0,0,0,0,0,0
00ACGT0035,E00001574,0,0,0,0,0,0
00ACGP0042,E00001391,0,0,0,0,0,0
00ACGN0022,E00001323,0,0,0,0,0,0
00ACGN0029,E00001330,0,0,0,0,0,0
00ACGP0026,E00001375,0,0,0,0,0,0
00ACGN0026,E00001327,0,0,0,0,0,0
00ACGP0032,E00001381,0,0,0,0,0,0
00ACGP0037,E00001386,0,0,0,0,0,0
00AMGK0036,E00008899,0,0,0,1,0,1
00ACGP0021,E00001370,0,0,0,0,0,0
00ACGP0034,E00001383,0,0,0,0,0,0
00AKGP0027,E00007060,0,0,0,0,0,0
00ACGP0023,E00001372,0,0,0,0,0,0
00ACGP0033,E00001382,0,0,0,0,0,0
00AMGK0038,E00008901,0,0,0,1,0,1
00ACGP0036,E00001385,0,0,0,0,0,0
00ACGP0035,E00001384,0,0,0,0,0,0
00ACGP0041,E00001390,0,0,0,0,0,0
00ACGN0043,E00001344,0,0,0,0,0,0
00ACGC0044,E00000862,0,0,0,0,0,0
00ACGP0038,E00001387,0,0,0,0,0,0
00ACGC0040,E00000858,0,0,0,0,0,0
00ACGT0032,E00001571,0,0,0,0,0,0
00ACGP0039,E00001388,0,0,0,0,0,0
00ACGP0028,E00001377,0,0,0,0,0,0
00ACGP0025,E00001374,0,0,0,0,0,0
00ACGP0004,E00001353,0,0,0,0,0,0
00ACGP0027,E00001376,0,0,0,0,0,0
00ACGN0019,E00001320,0,0,0,0,0,0
00ACGP0024,E00001373,0,0,0,0,0,0
00ACGP0030,E00001379,0,0,0,0,0,0
00ACGN0011,E00001312,0,0,0,0,0,0
00ACGN0014,E00001315,0,0,0,0,0,0
00ACGC0028,E00000846,0,0,0,0,0,0
00ACGP0029,E00001378,0,0,0,0,0,0
00ACGN0017,E00001318,0,0,0,0,0,0
00ACGN0005,E00001306,0,0,0,0,0,0
00ACGN0016,E00001317,0,0,0,0,0,0
00ACGN0012,E00001313,0,0,0,0,0,0
00ACGL0016,E00001221,0,0,0,0,0,0
00ACGN0020,E00001321,0,0,0,0,0,0
00ACGN0018,E00001319,0,0,0,0,0,0
00ACGN0015,E00001316,0,0,0,0,0,0
00ACGP0018,E00001367,0,0,0,0,0,0
00ACGP0020,E00001369,0,0,0,0,0,0
00ACGP0022,E00001371,0,0,0,0,0,0
00ACGN0008,E00001309,0,0,0,0,0,0
00ACGC0033,E00000851,0,0,0,0,0,0
00ACGQ0023,E00001418,0,0,0,0,0,0
00ACGN0039,E00001340,0,0,0,0,0,0
00ACGL0002,E00001207,0,0,0,0,0,0
00ACGN0048,E00001349,0,0,0,0,0,0
00ACGN0007,E00001308,0,0,0,0,0,0
00ACGN0045,E00001346,0,0,0,0,0,0
00ACGN0040,E00001341,0,0,0,0,0,0
00ACGN0044,E00001345,0,0,0,0,0,0
00ACGC0037,E00000855,0,0,0,0,0,0
00ACGN0004,E00001305,0,0,0,0,0,0
00ACGN0010,E00001311,0,0,0,0,0,0
00ACGN0006,E00001307,0,0,0,0,0,0
00ACGN0047,E00001348,0,0,0,0,0,0
00ACGC0002,E00000820,0,0,0,0,0,0
00ACGC0001,E00000819,0,0,0,0,0,0
00ACGC0045,E00000863,0,0,0,0,0,0
00ACGN0009,E00001310,0,0,0,0,0,0
00ACGN0046,E00001347,0,0,0,0,0,0
00ACGL0033,E00001238,0,0,0,0,0,0
00ACGL0039,E00001244,0,0,0,0,0,0
00ACGC0035,E00000853,0,0,0,0,0,0
00ACGL0011,E00001216,0,0,0,0,0,0
00ACGL0047,E00001252,0,0,0,0,0,0
00ACGC0034,E00000852,0,0,0,0,0,0
00ACGC0042,E00000860,0,0,0,0,0,0
00ACGQ0028,E00001423,0,0,0,0,0,0
00ACGQ0018,E00001413,0,0,0,0,0,0
00ACGQ0020,E00001415,0,0,0,0,0,0
00ACGQ0047,E00001442,0,0,0,0,0,0
00ACGQ0004,E00001399,0,0,0,0,0,0
00ACGC0012,E00000830,0,0,0,0,0,0
00ACGQ0011,E00001406,0,0,0,0,0,0
00ACGQ0009,E00001404,0,0,0,0,0,0
00AKHH0034,E00007786,0,0,0,0,0,0
00AMGK0004,E00008867,0,0,0,1,0,1
00ACGQ0008,E00001403,0,0,0,0,0,0
00ACGQ0013,E00001408,0,0,0,0,0,0
00ACGQ0014,E00001409,0,0,0,0,0,0
00ACGQ0046,E00001441,0,0,0,0,0,0
00ACGL0044,E00001249,0,0,0,0,0,0
00ACGL0003,E00001208,0,0,0,0,0,0
00ACGQ0049,E00001444,0,0,0,0,0,0
00ACGQ0041,E00001436,0,0,0,0,0,0
00ACGQ0040,E00001435,0,0,0,0,0,0
00ACGQ0044,E00001439,0,0,0,0,0,0
00ACGQ0033,E00001428,0,0,0,0,0,0
00ACGQ0042,E00001437,0,0,0,0,0,0
00AKGT0006,E00007213,0,0,0,0,0,0
00AKGZ0017,E00007432,0,0,0,0,0,0
00AKGZ0018,E00007433,0,0,0,0,0,0
00ACGQ0010,E00001405,0,0,0,0,0,0
00AKGZ0015,E00007430,0,0,0,0,0,0
00ACGQ0045,E00001440,0,0,0,0,0,0
00ACGL0020,E00001225,0,0,0,0,0,0
00ACGL0032,E00001237,0,0,0,0,0,0
00ACGL0029,E00001234,0,0,0,0,0,0
00ACGL0021,E00001226,0,0,0,0,0,0
00ACGQ0001,E00001396,0,0,0,0,0,0
00ACGQ0007,E00001402,0,0,0,0,0,0
00ACGQ0043,E00001438,0,0,0,0,0,0
00ACGQ0038,E00001433,0,0,0,0,0,0
00ACGQ0036,E00001431,0,0,0,0,0,0
00ACGQ0029,E00001424,0,0,0,0,0,0
00ACGQ0035,E00001430,0,0,0,0,0,0
00ACGQ0037,E00001432,0,0,0,0,0,0
00ACGQ0039,E00001434,0,0,0,0,0,0
00ACGQ0030,E00001425,0,0,0,0,0,0
00ACGL0006,E00001211,0,0,0,0,0,0
00ACGN0031,E00001332,0,0,0,0,0,0
00ACGQ0032,E00001427,0,0,0,0,0,0
00ACGQ0031,E00001426,0,0,0,0,0,0
00ACGL0030,E00001235,0,0,0,0,0,0
00AKGT0008,E00007215,0,0,0,0,0,0
00ACGL0025,E00001230,0,0,0,0,0,0
00ACGL0028,E00001233,0,0,0,0,0,0
00ACGL0040,E00001245,0,0,0,0,0,0
00ACGQ0034,E00001429,0,0,0,0,0,0
00ACGL0013,E00001218,0,0,0,0,0,0
00ACGL0009,E00001214,0,0,0,0,0,0
00AKGZ0028,E00007443,0,0,0,0,0,0
00AKGZ0016,E00007431,0,0,0,0,0,0
00ACGL0018,E00001223,0,0,0,0,0,0
00AKGU0022,E00007269,0,0,0,0,0,0
00AKGZ0020,E00007435,0,0,0,0,0,0
00ACGL0012,E00001217,0,0,0,0,0,0
00AMGF0028,E00008748,0,0,0,0,0,1
00ACGL0004,E00001209,0,0,0,0,0,0
00ACGL0019,E00001224,0,0,0,0,0,0
00ACGN0041,E00001342,0,0,0,0,0,0
00ACGL0023,E00001228,0,0,0,0,0,0
00ACGL0014,E00001219,0,0,0,0,0,0
00ACGL0017,E00001222,0,0,0,0,0,0
00ACGQ0003,E00001398,0,0,0,0,0,0
00AKHD0021,E00007602,0,0,0,0,0,0
00AKHD0018,E00007599,0,0,0,0,0,0
00ACGQ0048,E00001443,0,0,0,0,0,0
00ACGQ0015,E00001410,0,0,0,0,0,0
00AMGJ0026,E00008853,0,0,0,0,0,1
00ACGN0042,E00001343,0,0,0,0,0,0
00ACGC0031,E00000849,0,0,0,0,0,0
00ACGN0034,E00001335,0,0,0,0,0,0
00ACGN0035,E00001336,0,0,0,0,0,0
00ACGN0002,E00001303,0,0,0,0,0,0
00ACGC0024,E00000842,0,0,0,0,0,0
00ACGN0037,E00001338,0,0,0,0,0,0
00ACGN0038,E00001339,0,0,0,0,0,0
00ACGC0025,E00000843,0,0,0,0,0,0
00ACGC0027,E00000845,0,0,0,0,0,0
00ACGQ0002,E00001397,0,0,0,0,0,0
00ACGN0033,E00001334,0,0,0,0,0,0
00ACGL0015,E00001220,0,0,0,0,0,0
00ACGQ0006,E00001401,0,0,0,0,0,0
00ACGL0042,E00001247,0,0,0,0,0,0
00BGGM0033,E00021727,0,0,0,0,0,1
00ACGL0046,E00001251,0,0,0,0,0,0
00AKHC0034,E00007572,0,0,0,0,0,0
00AKHC0028,E00007566,0,0,0,0,0,0
00ACGN0032,E00001333,0,0,0,0,0,0
00ACGN0001,E00001302,0,0,0,0,0,0
00ACGN0003,E00001304,0,0,0,0,0,0
00AKHH0018,E00007770,0,0,0,0,0,0
00ACGL0036,E00001241,0,0,0,0,0,0
00ACGL0045,E00001250,0,0,0,0,0,0
00ACGL0024,E00001229,0,0,0,0,0,0
00AMGJ0027,E00008854,0,0,0,0,0,0
00ACGL0038,E00001243,0,0,0,0,0,0
00ACGL0005,E00001210,0,0,0,0,0,0
00ACGL0031,E00001236,0,0,0,0,0,0
00ACGL0001,E00001206,0,0,0,0,0,0
00ACGL0041,E00001246,0,0,0,0,0,0
00ACGL0043,E00001248,0,0,0,0,0,0
00ACGL0007,E00001212,0,0,0,0,0,0
00ACGL0035,E00001240,0,0,0,0,0,0
00ACGL0034,E00001239,0,0,0,0,0,0
00ACGL0037,E00001242,0,0,0,0,0,0
00ACGL0022,E00001227,0,0,0,0,0,0
00ACGL0026,E00001231,0,0,0,0,0,0
00ACGL0027,E00001232,0,0,0,0,0,0
00ACGC0020,E00000838,0,0,0,0,0,0
00ACGC0022,E00000840,0,0,0,0,0,0
00ACGC0005,E00000823,0,0,0,0,0,0
00ACGC0015,E00000833,0,0,0,0,0,0
00ACGC0013,E00000831,0,0,0,0,0,0
00ACGC0023,E00000841,0,0,0,0,0,0
00ACGC0019,E00000837,0,0,0,0,0,0
00ACGC0007,E00000825,0,0,0,0,0,0
00AKHC0007,E00007545,0,0,0,0,0,0
00ACGC0004,E00000822,0,0,0,0,0,0
00ACGC0051,E00000869,0,0,0,0,0,0
00ACGC0003,E00000821,0,0,0,0,0,0
00AKGM0016,E00006964,0,0,0,0,0,0
00AKGM0017,E00006965,0,0,0,0,0,0
00AMGK0011,E00008874,0,1,0,1,0,1
00ACGC0011,E00000829,0,0,0,0,0,0
00ACGC0010,E00000828,0,0,0,0,0,0
00ACGC0017,E00000835,0,0,0,0,0,0
00ACGC0008,E00000826,0,0,0,0,0,0
00ACGC0050,E00000868,0,0,0,0,0,0
00AKGW0009,E00007301,0,0,0,0,0,0
00ACGC0006,E00000824,0,0,0,0,0,0
00AKGP0024,E00007057,0,0,0,0,0,0
00AKGP0022,E00007055,0,0,0,0,0,0
00ACGC0049,E00000867,0,0,0,0,0,0
00ACGC0047,E00000865,0,0,0,0,0,0
00ACGC0046,E00000864,0,0,0,0,0,0
00ACGB0044,E00000812,0,0,0,0,0,0
00ACGB0043,E00000811,0,0,0,0,0,0
00AMGK0034,E00008897,0,0,0,1,0,1
00ACGB0038,E00000806,0,0,0,0,0,0
00ACFX0034,E00000609,0,0,0,0,0,0
00AMGJ0031,E00008858,0,0,0,0,0,1
00ACFX0031,E00000606,0,0,0,0,0,0
00AKHD0028,E00007609,0,0,0,0,0,0
00ACGB0041,E00000809,0,0,0,0,0,0
00AKHD0027,E00007608,0,0,0,0,0,0
00AKHD0031,E00007612,0,0,0,0,0,0
00AKHD0034,E00007615,0,0,0,0,0,0
00ACFX0025,E00000600,0,0,0,0,0,0
00ACFX0029,E00000604,0,0,0,0,0,0
00AKGP0014,E00007047,0,0,0,0,0,0
00ACFX0030,E00000605,0,0,0,0,0,0
00ACGN0024,E00001325,0,0,0,0,0,0
00ACGN0027,E00001328,0,0,0,0,0,0
00ACGN0030,E00001331,0,0,0,0,0,0
00ACFX0022,E00000597,0,0,0,0,0,0
00ACGN0021,E00001322,0,0,0,0,0,0
00ACFX0014,E00000589,0,0,0,0,0,0
00AKHC0042,E00007580,0,0,0,0,0,0
00ACFX0019,E00000594,0,0,0,0,0,0
00ACGB0040,E00000808,0,0,0,0,0,0
00ACGN0028,E00001329,0,0,0,0,0,0
00ACFX0017,E00000592,0,0,0,0,0,0
00ACFX0011,E00000586,0,0,0,0,0,0
00ACFX0037,E00000612,0,0,0,0,0,0
00ACFX0040,E00000615,0,0,0,0,0,0
00ACGC0043,E00000861,0,0,0,0,0,0
00ACFX0042,E00000617,0,0,0,0,0,0
00ACFX0006,E00000581,0,0,0,0,0,0
00ACGC0038,E00000856,0,0,0,0,0,0
00ACFX0027,E00000602,0,0,0,0,0,0
00ACFX0028,E00000603,0,0,0,0,0,0
00ACFX0023,E00000598,0,0,0,0,0,0
00ACFX0024,E00000599,0,0,0,0,0,0
00ACFX0015,E00000590,0,0,0,0,0,0
00ACFX0008,E00000583,0,0,0,0,0,0
00ACFX0004,E00000579,0,0,0,0,0,0
00AKHD0029,E00007610,0,0,0,0,0,0
00ACFX0001,E00000576,0,0,0,0,0,0
00AKHC0040,E00007578,0,0,0,0,0,0
00AKHC0043,E00007581,0,0,0,0,0,0
00ACFX0007,E00000582,0,0,0,0,0,0
00AKHC0029,E00007567,0,0,0,0,0,0
00AKHC0037,E00007575,0,0,0,0,0,0
00AKHC0039,E00007577,0,0,0,0,0,0
00AKHC0038,E00007576,0,0,0,0,0,0
00ACFX0043,E00000618,0,0,0,0,0,0
00ACFX0045,E00000620,0,0,0,0,0,0
00ACFX0012,E00000587,0,0,0,0,0,0
00AKHH0029,E00007781,0,0,0,0,0,0
00ACFX0009,E00000584,0,0,0,0,0,0
00ACFX0041,E00000616,0,0,0,0,0,0
00AKGP0009,E00007042,0,0,0,0,0,0
00ACFX0035,E00000610,0,0,0,0,0,0
00ACFX0044,E00000619,0,0,0,0,0,0
00ACFX0039,E00000614,0,0,0,0,0,0
00ACFX0036,E00000611,0,0,0,0,0,0
00AKGP0011,E00007044,0,0,0,0,0,0
00ACFX0005,E00000580,0,0,0,0,0,0
00ACFX0038,E00000613,0,0,0,0,0,0
00AKGP0001,E00007034,0,0,0,0,0,0
00AKHC0036,E00007574,0,0,0,0,0,0
00AKHC0032,E00007570,0,0,0,0,0,0
00ACFX0003,E00000578,0,0,0,0,0,0
00AKHC0030,E00007568,0,0,0,0,0,0
00AKHC0033,E00007571,0,0,0,0,0,0
00AKHC0027,E00007565,0,0,0,0,0,0
00AKHC0025,E00007563,0,0,0,0,0,0
00AKHC0017,E00007555,0,0,0,0,0,0
00AKHC0035,E00007573,0,0,0,0,0,0
00BGGM0036,E00021730,0,0,0,1,0,1
00AKHC0031,E00007569,0,0,0,0,0,0
00AKHC0026,E00007564,0,0,0,0,0,0
00AMGK0035,E00008898,0,0,0,1,0,1
00AKHC0021,E00007559,0,0,0,0,0,0
00AKGP0016,E00007049,0,0,0,0,0,0
00AKHC0018,E00007556,0,0,0,0,0,0
00AKHC0020,E00007558,0,0,0,0,0,0
00AKGP0010,E00007043,0,0,0,0,0,0
00AKGP0012,E00007045,0,0,0,0,0,0
00AMGL0024,E00008929,0,0,0,0,0,0
00AMGJ0006,E00008833,0,0,0,0,0,0
00AKGP0003,E00007036,0,0,0,0,0,0
00AKHC0001,E00007539,0,0,0,0,0,0
00AKHH0031,E00007783,0,0,0,0,0,0
00AKHC0010,E00007548,0,0,0,0,0,0
00AKHC0011,E00007549,0,0,0,0,0,0
00AKGP0013,E00007046,0,0,0,0,0,0
00AKGP0015,E00007048,0,0,0,0,0,0
00AKGZ0011,E00007426,0,0,0,0,0,0
00AKHH0032,E00007784,0,0,0,0,0,0
00AKHH0033,E00007785,0,0,0,0,0,0
00AKHD0002,E00007583,0,0,0,0,0,0
00AKHH0035,E00007787,0,0,0,0,0,0
00AKGZ0004,E00007419,0,0,0,0,0,0
00AKGZ0012,E00007427,0,0,0,0,0,0
00AKGZ0008,E00007423,0,0,0,0,0,0
00AKGZ0014,E00007429,0,0,0,0,0,0
00AKHH0027,E00007779,0,0,0,0,0,0
00AKGZ0043,E00007458,0,0,0,0,0,0
00AKHD0023,E00007604,0,0,0,0,0,0
00AKHH0026,E00007778,0,0,0,0,0,0
00AKHC0041,E00007579,0,0,0,0,0,0
00AKHD0015,E00007596,0,0,0,0,0,0
00AKHD0019,E00007600,0,0,0,0,0,0
00AKHC0023,E00007561,0,0,0,0,0,0
00AKHC0016,E00007554,0,0,0,0,0,0
00AMGQ0024,E00009068,0,0,0,0,0,0
00AKHH0017,E00007769,0,0,0,0,0,0
00AKHC0009,E00007547,0,0,0,0,0,0
00AKHH0025,E00007777,0,0,0,0,0,0
00AKHH0028,E00007780,0,0,0,0,0,0
00AUGA0023,E00013527,0,0,0,0,0,0
00AKHD0020,E00007601,0,0,0,0,0,0
00AKHD0025,E00007606,0,0,0,0,0,0
00AKHD0016,E00007597,0,0,0,0,0,0
00AKHH0030,E00007782,0,0,0,0,0,0
00AKGZ0002,E00007417,0,0,0,0,0,0
00AKGZ0003,E00007418,0,0,0,0,0,0
00AMGF0016,E00008736,0,0,0,0,0,0
00AKGZ0006,E00007421,0,0,0,0,0,0
00AKHH0024,E00007776,0,0,0,0,0,0
00AKHD0017,E00007598,0,0,0,0,0,0
00AKHH0012,E00007764,0,0,0,0,0,0
00AKHH0001,E00007753,0,0,0,0,0,0
00AKHH0015,E00007767,0,0,0,0,0,0
00AMGF0022,E00008742,0,0,0,0,0,0
00AKHH0019,E00007771,0,0,0,0,0,0
00AKHH0022,E00007774,0,0,0,0,0,0
00AKHH0014,E00007766,0,0,0,0,0,0
00AMGF0026,E00008746,0,0,0,0,0,0
00AKGZ0042,E00007457,0,0,0,0,0,0
00AKGZ0041,E00007456,0,0,0,0,0,0
00AKGZ0005,E00007420,0,0,0,0,0,0
00AKGZ0013,E00007428,0,0,0,0,0,0
00AKGZ0039,E00007454,0,0,0,0,0,0
00AKGZ0037,E00007452,0,0,0,0,0,0
00AKGZ0038,E00007453,0,0,0,0,0,0
00AKGZ0040,E00007455,0,0,0,0,0,0
00AKGM0029,E00006977,0,0,0,0,0,0
00AKGZ0007,E00007422,0,0,0,0,0,0
00AKGZ0009,E00007424,0,0,0,0,0,0
00AKHH0021,E00007773,0,0,0,0,0,0
00AMGF0013,E00008733,0,0,0,0,0,0
00AKHH0016,E00007768,0,0,0,0,0,0
00AKHH0013,E00007765,0,0,0,0,0,0
00AKHH0020,E00007772,0,0,0,0,0,0
00AKHH0011,E00007763,0,0,0,0,0,0
00AKHH0023,E00007775,0,0,0,0,0,0
00AKHH0010,E00007762,0,0,0,0,0,0
00AKHC0024,E00007562,0,0,0,0,0,0
00AKHH0009,E00007761,0,0,0,0,0,0
00AKGM0026,E00006974,0,0,0,0,0,0
00AKHC0022,E00007560,0,0,0,0,0,0
00AKHH0004,E00007756,0,0,0,0,0,0
00AKHH0006,E00007758,0,0,0,0,0,0
00AKHH0040,E00007792,0,0,0,0,0,0
00AKHH0037,E00007789,0,0,0,0,0,0
00AKHE0014,E00007635,0,0,0,0,0,0
00AKHH0038,E00007790,0,0,0,0,0,0
00AKHC0019,E00007557,0,0,0,0,0,0
00AKHC0013,E00007551,0,0,0,0,0,0
00AKHC0015,E00007553,0,0,0,0,0,0
00AKHH0039,E00007791,0,0,0,0,0,0
00AKHH0036,E00007788,0,0,0,0,0,0
00AMGF0021,E00008741,0,0,0,0,0,0
00AKGT0031,E00007238,0,0,0,0,0,0
00AKGT0037,E00007244,0,0,0,0,0,0
00AKHH0008,E00007760,0,0,0,0,0,0
00AKHH0003,E00007755,0,0,0,0,0,0
00AKHH0007,E00007759,0,0,0,0,0,0
00AKHH0002,E00007754,0,0,0,0,0,0
00AKHH0005,E00007757,0,0,0,0,0,0
00AKGW0035,E00007327,0,0,0,0,0,0
00AKGM0020,E00006968,0,0,0,0,0,0
00AKGM0022,E00006970,0,0,0,0,0,0
00AKGT0034,E00007241,0,0,0,0,0,0
00AKGT0035,E00007242,0,0,0,0,0,0
00AKGT0036,E00007243,0,0,0,0,0,0
00AKGT0029,E00007236,0,0,0,0,0,0
00AKGT0033,E00007240,0,0,0,0,0,0
00AKGT0040,E00007247,0,0,0,0,0,0
00ACGC0030,E00000848,0,0,0,0,0,0
00AKGT0030,E00007237,0,0,0,0,0,0
00AKGT0032,E00007239,0,0,0,0,0,0
00AKHC0008,E00007546,0,0,0,0,0,0
00ACGC0036,E00000854,0,0,0,0,0,0
00ACGC0029,E00000847,0,0,0,0,0,0
00AUGA0038,E00013542,0,0,0,0,0,0
00ACGC0039,E00000857,0,0,0,0,0,0
00ACGC0032,E00000850,0,0,0,0,0,0
00AUGA0027,E00013531,0,0,0,0,0,0
00AKGP0008,E00007041,0,0,0,0,0,0
00AKGP0005,E00007038,0,0,0,0,0,0
00AKGP0004,E00007037,0,0,0,0,0,0
00AKGP0032,E00007065,0,0,0,0,0,0
00AKGP0040,E00007073,0,0,0,0,0,0
00AKGP0007,E00007040,0,0,0,0,0,0
00AKGP0006,E00007039,0,0,0,0,0,0
00ACGC0014,E00000832,0,0,0,0,0,0
00ACGC0021,E00000839,0,0,0,0,0,0
00ACGC0048,E00000866,0,0,0,0,0,0
00ACGC0009,E00000827,0,0,0,0,0,0
00ACGC0016,E00000834,0,0,0,0,0,0
00ACGC0018,E00000836,0,0,0,0,0,0
00AKGP0023,E00007056,0,0,0,0,0,0
00AKGT0021,E00007228,0,0,0,0,0,0
00AKGT0023,E00007230,0,0,0,0,0,0
00AMGJ0029,E00008856,0,0,0,0,0,1
00AKGP0025,E00007058,0,0,0,0,0,0
00AKGP0029,E00007062,0,0,0,0,0,0
00AKGP0035,E00007068,0,0,0,0,0,0
00ACGC0026,E00000844,0,0,0,0,0,0
00AKGP0033,E00007066,0,0,0,0,0,0
00AKGP0034,E00007067,0,0,0,0,0,0
00AKGP0031,E00007064,0,0,0,0,0,0
00AKGP0028,E00007061,0,0,0,0,0,0
00AMGJ0022,E00008849,0,0,0,0,0,0
00AKGP0030,E00007063,0,0,0,0,0,0
00AKGP0037,E00007070,0,0,0,0,0,0
00AKGP0038,E00007071,0,0,0,0,0,0
00AKGW0026,E00007318,0,0,0,0,0,0
00AKGP0036,E00007069,0,0,0,0,0,0
00AKGW0029,E00007321,0,0,0,0,0,0
00AUGJ0006,E00013833,0,0,0,0,0,0
00AKGP0026,E00007059,0,0,0,0,0,0
00AKGW0025,E00007317,0,0,0,0,0,0
00AUGJ0034,E00013861,0,0,0,0,0,0
00AKGW0027,E00007319,0,0,0,0,0,0
00AKGP0002,E00007035,0,0,0,0,0,0
00AKHC0012,E00007550,0,0,0,0,0,0
00AKGT0001,E00007208,0,0,0,0,0,0
00AMGF0009,E00008729,0,0,0,0,0,0
00AKGT0027,E00007234,0,0,0,0,0,0
00AKGT0022,E00007229,0,0,0,0,0,0
00BGGM0034,E00021728,0,0,0,1,0,1
00AMGF0024,E00008744,0,0,0,0,0,0
00BGGM0004,E00021698,0,0,0,0,0,0
00AKGT0018,E00007225,0,0,0,0,0,0
00AKGT0024,E00007231,0,0,0,0,0,0
00AKGW0031,E00007323,0,0,0,0,0,0
00AKGP0039,E00007072,0,0,0,0,0,0
00AMGF0027,E00008747,0,0,0,0,0,1
00AKHC0004,E00007542,0,0,0,0,0,0
00AKGW0021,E00007313,0,0,0,0,0,0
00AKHC0006,E00007544,0,0,0,0,0,0
00AKGW0028,E00007320,0,0,0,0,0,0
00AKHC0002,E00007540,0,0,0,0,0,0
00AKHC0003,E00007541,0,0,0,0,0,0
00AMGF0014,E00008734,0,0,0,0,0,0
00AKHC0005,E00007543,0,0,0,0,0,0
00AKGT0017,E00007224,0,0,0,0,0,0
00AKGW0020,E00007312,0,0,0,0,0,0
00AKGW0030,E00007322,0,0,0,0,0,0
00AKGW0024,E00007316,0,0,0,0,0,0
00AKGW0017,E00007309,0,0,0,0,0,0
00AKGT0012,E00007219,0,0,0,0,0,0
00AKGW0022,E00007314,0,0,0,0,0,0
00AKGT0003,E00007210,0,0,0,0,0,0
00AKGT0005,E00007212,0,0,0,0,0,0
00AMGF0015,E00008735,0,0,0,0,0,0
00AKGT0010,E00007217,0,0,0,0,0,0
00AKGT0004,E00007211,0,0,0,0,0,0
00AKGT0009,E00007216,0,0,0,0,0,0
00AKGW0015,E00007307,0,0,0,0,0,0
00AKGW0003,E00007295,0,0,0,0,0,0
00AKGW0018,E00007310,0,0,0,0,0,0
00AKGW0011,E00007303,0,0,0,0,0,0
00AKGW0005,E00007297,0,0,0,0,0,0
00AKGW0013,E00007305,0,0,0,0,0,0
00AMGF0017,E00008737,0,0,0,0,0,0
00AKGW0037,E00007329,0,0,0,0,0,0
00AKGW0001,E00007293,0,0,0,0,0,0
00AKGW0038,E00007330,0,0,0,0,0,0
00AMGJ0034,E00008861,0,0,0,1,0,1
00AKGW0040,E00007332,0,0,0,0,0,0
00AKGW0010,E00007302,0,0,0,0,0,0
00AKGW0012,E00007304,0,0,0,0,0,0
00AKGW0002,E00007294,0,0,0,0,0,0
00AKGW0042,E00007334,0,0,0,0,0,0
00AKGW0004,E00007296,0,0,0,0,0,0
00AKGW0019,E00007311,0,0,0,0,0,0
00AKGW0007,E00007299,0,0,0,0,0,0
00AKGW0008,E00007300,0,0,0,0,0,0
00AKGW0014,E00007306,0,0,0,0,0,0
00AKGW0016,E00007308,0,0,0,0,0,0
00AKHE0032,E00007653,0,0,0,0,0,0
00AKGW0036,E00007328,0,0,0,0,0,0
00AKHE0038,E00007659,0,0,0,0,0,0
00AKHE0040,E00007661,0,0,0,0,0,0
00AKHE0016,E00007637,0,0,0,0,0,0
00AKHE0027,E00007648,0,0,0,0,0,0
00AKHE0007,E00007628,0,0,0,0,0,0
00AKGW0041,E00007333,0,0,0,0,0,0
00AMGJ0023,E00008850,0,0,0,0,0,0
00AKGW0039,E00007331,0,0,0,0,0,0
00AKHE0022,E00007643,0,0,0,0,0,0
00AKGW0006,E00007298,0,0,0,0,0,0
00AKHE0020,E00007641,0,0,0,0,0,0
00AKGN0030,E00007020,0,0,0,0,0,0
00AKGN0034,E00007024,0,0,0,0,0,0
00AUGA0032,E00013536,0,0,0,0,0,0
00AKHE0010,E00007631,0,0,0,0,0,0
00AKHE0013,E00007634,0,0,0,0,0,0
00AKHE0015,E00007636,0,0,0,0,0,0
00AKGN0033,E00007023,0,0,0,0,0,0
00AKGN0035,E00007025,0,0,0,0,0,0
00ACGL0008,E00001213,0,0,0,0,0,0
00AKGW0034,E00007326,0,0,0,0,0,0
00ACGL0010,E00001215,0,0,0,0,0,0
00AKGP0019,E00007052,0,0,0,0,0,0
00AKGP0020,E00007053,0,0,0,0,0,0
00AKGP0017,E00007050,0,0,0,0,0,0
00AKGP0021,E00007054,0,0,0,0,0,0
00BHGE0023,E00022034,0,0,0,0,0,0
00AKGN0024,E00007014,0,0,0,0,0,0
00AKGN0027,E00007017,0,0,0,0,0,0
00AKGN0014,E00007004,0,0,0,0,0,0
00AKGN0018,E00007008,0,0,0,0,0,0
00AKGN0025,E00007015,0,0,0,0,0,0
00AKGW0033,E00007325,0,0,0,0,0,0
00BGGM0038,E00021732,0,0,0,0,0,1
00AKGW0032,E00007324,0,0,0,0,0,0
00AKGN0023,E00007013,0,0,0,0,0,0
00AKGN0016,E00007006,0,0,0,0,0,0
00BGFW0023,E00021163,0,0,0,0,0,0
00AKGN0010,E00007000,0,0,0,0,0,0
00AKGN0013,E00007003,0,0,0,0,0,0
00AKGN0002,E00006992,0,0,0,0,0,0
00BGGM0013,E00021707,0,0,0,0,0,1
00BGGM0037,E00021731,0,0,0,0,0,1
00AKGN0008,E00006998,0,0,0,0,0,0
00AKGN0040,E00007030,0,0,0,0,0,0
00BGFW0026,E00021166,0,0,0,0,0,0
00AMGK0015,E00008878,0,1,0,1,0,1
00AKGN0042,E00007032,0,0,0,0,0,0
00AMGK0010,E00008873,0,1,0,1,0,1
00AMGK0018,E00008881,0,1,0,1,0,1
00AMGJ0035,E00008862,0,1,0,1,0,1
00AMGK0019,E00008882,0,1,0,1,0,1
00BGGM0005,E00021699,0,0,0,1,0,1
00BGFW0028,E00021168,0,0,0,0,0,0
00BGGE0020,E00021458,0,0,0,0,0,0
00BGFW0022,E00021162,0,0,0,0,0,0
00AMGK0001,E00008864,0,1,0,1,0,1
00AMGK0024,E00008887,0,0,0,1,0,1
00AMGK0002,E00008865,0,1,0,1,0,1
00AUGA0016,E00013520,0,0,0,0,0,0
00AMGK0037,E00008900,0,1,0,1,0,1
00AMGK0030,E00008893,0,0,0,0,0,1
00AMGF0010,E00008730,0,0,0,0,0,0
00AUGA0008,E00013512,0,0,0,0,0,0
00AMGF0012,E00008732,0,0,0,0,0,0
00AUGA0004,E00013508,0,0,0,0,0,0
00AUGA0021,E00013525,0,0,0,0,0,0
00AUGA0005,E00013509,0,0,0,0,0,0
00AUGA0028,E00013532,0,0,0,0,0,0
00AUGA0031,E00013535,0,0,0,0,0,0
00AUGA0001,E00013505,0,0,0,0,0,0
00AMGF0025,E00008745,0,0,0,0,0,1
00AMGK0007,E00008870,0,0,0,1,0,1
00AMGJ0030,E00008857,0,0,0,1,0,1
00AMGJ0032,E00008859,0,0,0,0,0,1
00AMGK0009,E00008872,0,1,0,1,0,1
00AMGK0005,E00008868,0,1,0,1,0,1
00AMGJ0025,E00008852,0,0,0,0,0,0
00AMGJ0033,E00008860,0,0,0,0,0,1
00BGGM0035,E00021729,0,0,0,0,0,1
00AMGJ0002,E00008829,0,0,0,0,0,1
00AMGJ0024,E00008851,0,0,0,0,0,0
00ABGB0001,E00000167,0,0,0,0,0,0
00ABGF0010,E00000307,0,0,0,0,0,0
00BGGM0029,E00021723,0,0,0,0,0,0
00BGGM0030,E00021724,0,0,0,0,0,1
00BGGM0003,E00021697,0,0,0,0,0,1
00BGGM0032,E00021726,0,0,0,0,0,1
00ABGF0015,E00000312,0,0,0,0,0,0
00ABGF0004,E00000301,0,0,0,0,0,0
00AMGJ0014,E00008841,0,0,0,0,0,0
00ABGF0011,E00000308,0,0,0,0,0,0
00AMGF0011,E00008731,0,0,0,0,0,0
00AMGF0020,E00008740,0,0,0,0,0,0
00AMGF0023,E00008743,0,0,0,0,0,0
00ABGM0013,E00000493,0,0,0,0,0,0
00AMGJ0003,E00008830,0,0,0,0,0,0
00AMGJ0004,E00008831,0,0,0,0,0,0
00AMGJ0005,E00008832,0,0,0,0,0,0
00AMGJ0013,E00008840,0,0,0,0,0,0
00AMGJ0009,E00008836,0,0,0,0,0,0
00AMGJ0012,E00008839,0,0,0,0,0,0
00AMGJ0011,E00008838,0,0,0,0,0,0
00AMGJ0016,E00008843,0,0,0,0,0,0
00AMGJ0018,E00008845,0,0,0,0,0,0
00BGFW0029,E00021169,0,0,0,0,0,0
00AMGQ0007,E00009051,0,0,0,0,0,0
00AMGQ0017,E00009061,0,0,0,0,0,0
00AMGJ0019,E00008846,0,0,0,0,0,0
00AMGJ0015,E00008842,0,0,0,0,0,0
00AMGJ0020,E00008847,0,0,0,0,0,0
00AMGJ0010,E00008837,0,0,0,0,0,0
00BGFW0037,E00021177,0,0,0,0,0,0
00ARGC0012,E00011213,0,0,0,0,0,0
00AMGQ0035,E00009079,0,0,0,0,0,0
00AMGQ0028,E00009072,0,0,0,0,0,0
00AMGQ0031,E00009075,0,0,0,0,0,0
00BGFW0004,E00021144,0,0,0,0,0,0
00BGGM0028,E00021722,0,0,0,0,0,0
00BGFW0012,E00021152,0,0,0,0,0,0
00BGFW0014,E00021154,0,0,0,0,0,0
00BGFW0018,E00021158,0,0,0,0,0,0
00AMGJ0001,E00008828,0,0,0,0,0,0
00BGGM0031,E00021725,0,0,0,0,0,0
00BGFW0013,E00021153,0,0,0,0,0,0
00BGFW0019,E00021159,0,0,0,0,0,0
00BGFW0006,E00021146,0,0,0,0,0,0
00BGFW0015,E00021155,0,0,0,0,0,0
00BGFW0034,E00021174,0,0,0,0,0,0
00BGFW0002,E00021142,0,0,0,0,0,0
00BGFW0005,E00021145,0,0,0,0,0,0
00BGFW0008,E00021148,0,0,0,0,0,0
00BGFW0016,E00021156,0,0,0,0,0,0
00BGGE0016,E00021454,0,0,0,0,0,0
00ABGF0032,E00000329,0,0,0,0,0,0
00ARGC0008,E00011209,0,0,0,0,0,0
00BGFW0010,E00021150,0,0,0,0,0,0
00BGFW0036,E00021176,0,0,0,0,0,0
00AMGQ0032,E00009076,0,0,0,0,0,0
00AMGQ0002,E00009046,0,0,0,0,0,0
00AMGQ0008,E00009052,0,0,0,0,0,0
00AMGQ0030,E00009074,0,0,0,0,0,0
00AMGQ0036,E00009080,0,0,0,0,0,0
00AMGQ0027,E00009071,0,0,0,0,0,0
00AMGQ0025,E00009069,0,0,0,0,0,0
00AMGJ0017,E00008844,0,0,0,0,0,0
00AMGQ0026,E00009070,0,0,0,0,0,0
00AMGQ0029,E00009073,0,0,0,0,0,0
00BGFW0031,E00021171,0,0,0,0,0,0
00AMGT0005,E00009152,0,0,0,0,0,0
00AMGT0024,E00009171,0,0,0,0,0,0
00AMGT0030,E00009177,0,0,0,0,0,0
00AMGT0031,E00009178,0,0,0,0,0,0
00BGFW0030,E00021170,0,0,0,0,0,0
00AMGT0023,E00009170,0,0,0,0,0,0
00AMGT0026,E00009173,0,0,0,0,0,0
00AMGT0003,E00009150,0,0,0,0,0,0
00AMGF0004,E00008724,0,0,0,0,0,0
00AMGF0001,E00008721,0,0,0,0,0,0
00AMGF0034,E00008754,0,0,0,0,0,0
00AMGF0030,E00008750,0,0,0,0,0,0
00AUGA0024,E00013528,0,0,0,0,0,0
00AMGF0005,E00008725,0,0,0,0,0,0
00AMGF0008,E00008728,0,0,0,0,0,0
00AMGF0032,E00008752,0,0,0,0,0,0
00AMGE0020,E00008704,0,0,0,0,0,0
00AMGE0004,E00008688,0,0,0,0,0,0
00AMGF0029,E00008749,0,0,0,0,0,0
00AMGE0027,E00008711,0,0,0,0,0,0
00AMGQ0004,E00009048,0,0,0,0,0,0
00AMGU0037,E00009225,0,0,0,0,0,0
00AMGQ0010,E00009054,0,0,0,0,0,0
00AMGQ0011,E00009055,0,0,0,0,0,0
00AMGQ0018,E00009062,0,0,0,0,0,0
00AMGE0023,E00008707,0,0,0,0,0,0
00AMGQ0023,E00009067,0,0,0,0,0,0
00AMGE0026,E00008710,0,0,0,0,0,0
00AMGF0003,E00008723,0,0,0,0,0,0
00AMGU0029,E00009217,0,0,0,0,0,0
00AMGQ0006,E00009050,0,0,0,0,0,0
00AMGQ0019,E00009063,0,0,0,0,0,0
00AMGE0001,E00008685,0,0,0,0,0,0
00AMGQ0012,E00009056,0,0,0,0,0,0
00AMGQ0009,E00009053,0,0,0,0,0,0
00AMGF0031,E00008751,0,0,0,0,0,0
00AUGJ0040,E00013867,0,0,0,0,0,0
00AUGJ0044,E00013871,0,0,0,0,0,0
00AUGJ0003,E00013830,0,0,0,0,0,0
00AUGJ0004,E00013831,0,0,0,0,0,0
00AUGJ0042,E00013869,0,0,0,0,0,0
00AUGJ0008,E00013835,0,0,0,0,0,0
00AUGJ0005,E00013832,0,0,0,0,0,0
00AUGJ0002,E00013829,0,0,0,0,0,0
00AUGJ0017,E00013844,0,0,0,0,0,0
00AUGJ0025,E00013852,0,0,0,0,0,0
00AUGJ0027,E00013854,0,0,0,0,0,0
00AUGJ0030,E00013857,0,0,0,0,0,0
00AMGE0008,E00008692,0,0,0,0,0,0
00AMGE0017,E00008701,0,0,0,0,0,0
00AMGE0024,E00008708,0,0,0,0,0,0
00AMGE0009,E00008693,0,0,0,0,0,0
00AMGE0015,E00008699,0,0,0,0,0,0
00AMGE0019,E00008703,0,0,0,0,0,0
00AMGE0016,E00008700,0,0,0,0,0,0
00AMGE0018,E00008702,0,0,0,0,0,0
00AMGE0025,E00008709,0,0,0,0,0,0
00AMGQ0022,E00009066,0,0,0,0,0,0
00AMGE0005,E00008689,0,0,0,0,0,0
00AMGQ0003,E00009047,0,0,0,0,0,0
00AMGE0002,E00008686,0,0,0,0,0,0
00AMGQ0005,E00009049,0,0,0,0,0,0
00AMGQ0013,E00009057,0,0,0,0,0,0
00AMGQ0020,E00009064,0,0,0,0,0,0
00AMGG0035,E00008789,0,0,0,0,0,0
00AMGG0018,E00008772,0,0,0,0,0,0
00AMGG0001,E00008755,0,0,0,0,0,0
00AMGG0013,E00008767,0,0,0,0,0,0
00AMGQ0014,E00009058,0,0,0,0,0,0
00AMGG0020,E00008774,0,0,0,0,0,0
00AMGG0019,E00008773,0,0,0,0,0,0
00AMGQ0021,E00009065,0,0,0,0,0,0
00AMGE0022,E00008706,0,0,0,0,0,0
00AMGT0019,E00009166,0,0,0,0,0,0
00AMGQ0015,E00009059,0,0,0,0,0,0
00AMGC0001,E00008609,0,0,0,0,0,0
00AMGG0037,E00008791,0,0,0,0,0,0
00AMGT0002,E00009149,0,0,0,0,0,0
00AMGT0012,E00009159,0,0,0,0,0,0
00AMGT0033,E00009180,0,0,0,0,0,0
00AMGG0016,E00008770,0,0,0,0,0,0
00AMGC0025,E00008633,0,0,0,0,0,0
00AMGT0014,E00009161,0,0,0,0,0,0
00AMGT0017,E00009164,0,0,0,0,0,0
00AMGG0007,E00008761,0,0,0,0,0,0
00AMGG0008,E00008762,0,0,0,0,0,0
00AMGE0021,E00008705,0,0,0,0,0,0
00AMGG0010,E00008764,0,0,0,0,0,0
00AMGG0031,E00008785,0,0,0,0,0,0
00AMGG0032,E00008786,0,0,0,0,0,0
00AMGG0012,E00008766,0,0,0,0,0,0
00AMGG0033,E00008787,0,0,0,0,0,0
00AMGC0006,E00008614,0,0,0,0,0,0
00AMGG0006,E00008760,0,0,0,0,0,0
00AMGG0030,E00008784,0,0,0,0,0,0
00AMGG0034,E00008788,0,0,0,0,0,0
00AMGL0003,E00008908,0,0,0,0,0,0
00AMGC0036,E00008644,0,0,0,0,0,0
00AMGG0005,E00008759,0,0,0,0,0,0
00AMGG0014,E00008768,0,0,0,0,0,0
00AMGC0018,E00008626,0,0,0,0,0,0
00AMGC0019,E00008627,0,0,0,0,0,0
00AMGG0009,E00008763,0,0,0,0,0,0
00BGGE0026,E00021464,0,0,0,0,0,0
00BGGE0022,E00021460,0,0,0,0,0,0
00BGGE0024,E00021462,0,0,0,0,0,0
00BGGA0014,E00021307,0,0,0,0,0,0
00BGGA0007,E00021300,0,0,0,0,0,0
00BGGB0003,E00021331,0,0,0,0,0,0
00BGGA0013,E00021306,0,0,0,0,0,0
00BGGF0024,E00021499,0,0,0,0,0,0
00BGGF0002,E00021477,0,0,0,0,0,0
00BGGB0030,E00021358,0,0,0,0,0,0
00BGGB0023,E00021351,0,0,0,0,0,0
00BGGB0027,E00021355,0,0,0,0,0,0
00BGGE0019,E00021457,0,0,0,0,0,0
00BGGE0018,E00021456,0,0,0,0,0,0
00BGGA0011,E00021304,0,0,0,0,0,0
00BGGE0003,E00021441,0,0,0,0,0,0
00BGGA0005,E00021298,0,0,0,0,0,0
00AMGC0008,E00008616,0,0,0,0,0,0
00BGGA0008,E00021301,0,0,0,0,0,0
00BGGA0009,E00021302,0,0,0,0,0,0
00AMGT0009,E00009156,0,0,0,0,0,0
00AMGT0004,E00009151,0,0,0,0,0,0
00AMGT0006,E00009153,0,0,0,0,0,0
00AMGT0025,E00009172,0,0,0,0,0,0
00AMGC0038,E00008646,0,0,0,0,0,0
00BGGE0015,E00021453,0,0,0,0,0,0
00BGFW0035,E00021175,0,0,0,0,0,0
00AMGT0001,E00009148,0,0,0,0,0,0
00BGFW0007,E00021147,0,0,0,0,0,0
00BGGE0012,E00021450,0,0,0,0,0,0
00AMGT0032,E00009179,0,0,0,0,0,0
00AMGT0037,E00009184,0,0,0,0,0,0
00AMGT0034,E00009181,0,0,0,0,0,0
00BGGA0002,E00021295,0,0,0,0,0,0
00AMGC0023,E00008631,0,0,0,0,0,0
00AMGT0036,E00009183,0,0,0,0,0,0
00AMGC0022,E00008630,0,0,0,0,0,0
00AMGC0012,E00008620,0,0,0,0,0,0
00AMGC0035,E00008643,0,0,0,0,0,0
00AMGC0024,E00008632,0,0,0,0,0,0
00AMGC0013,E00008621,0,0,0,0,0,0
00AMGC0020,E00008628,0,0,0,0,0,0
00BGFW0003,E00021143,0,0,0,0,0,0
00BGFW0033,E00021173,0,0,0,0,0,0
00BGGE0013,E00021451,0,0,0,0,0,0
00BGGE0017,E00021455,0,0,0,0,0,0
00BGGA0004,E00021297,0,0,0,0,0,0
00BGGA0031,E00021324,0,0,0,0,0,0
00BGGE0011,E00021449,0,0,0,0,0,0
00BGGA0034,E00021327,0,0,0,0,0,0
00BGGA0019,E00021312,0,0,0,0,0,0
00BGGA0020,E00021313,0,0,0,0,0,0
00BGGA0021,E00021314,0,0,0,0,0,0
00BGGA0027,E00021320,0,0,0,0,0,0
00BGGA0032,E00021325,0,0,0,0,0,0
00BGGA0024,E00021317,0,0,0,0,0,0
00BGGA0026,E00021319,0,0,0,0,0,0
00BGGA0029,E00021322,0,0,0,0,0,0
00BGGA0025,E00021318,0,0,0,0,0,0
00BGGA0028,E00021321,0,0,0,0,0,0
00BGGA0022,E00021315,0,0,0,0,0,0
00AMGT0007,E00009154,0,0,0,0,0,0
00AMGT0028,E00009175,0,0,0,0,0,0
00AMGT0029,E00009176,0,0,0,0,0,0
00AMGT0018,E00009165,0,0,0,0,0,0
00AMGT0016,E00009163,0,0,0,0,0,0
00AMGC0007,E00008615,0,0,0,0,0,0
00AMGT0022,E00009169,0,0,0,0,0,0
00AMGT0027,E00009174,0,0,0,0,0,0
00AMGT0008,E00009155,0,0,0,0,0,0
00AMGT0015,E00009162,0,0,0,0,0,0
00AMGT0021,E00009168,0,0,0,0,0,0
00BGFZ0011,E00021270,0,0,0,0,0,0
00BGGA0001,E00021294,0,0,0,0,0,0
00BGGA0017,E00021310,0,0,0,0,0,0
00BGFZ0003,E00021262,0,0,0,0,0,0
00BGFZ0020,E00021279,0,0,0,0,0,0
00BGFZ0022,E00021281,0,0,0,0,0,0
00BGFZ0031,E00021290,0,0,0,0,0,0
00BGGA0006,E00021299,0,0,0,0,0,0
00BGFZ0030,E00021289,0,0,0,0,0,0
00BGFZ0024,E00021283,0,0,0,0,0,0
00BGGA0010,E00021303,0,0,0,0,0,0
00BGGA0030,E00021323,0,0,0,0,0,0
00BGFZ0023,E00021282,0,0,0,0,0,0
00BGGA0033,E00021326,0,0,0,0,0,0
00BGGA0035,E00021328,0,0,0,0,0,0
00BGFZ0034,E00021293,0,0,0,0,0,0
00BGFZ0004,E00021263,0,0,0,0,0,0
00BGGB0024,E00021352,0,0,0,0,0,0
00BGGB0025,E00021353,0,0,0,0,0,0
00BGFZ0026,E00021285,0,0,0,0,0,0
00BGFZ0028,E00021287,0,0,0,0,0,0
00BGFZ0029,E00021288,0,0,0,0,0,0
00BGFZ0032,E00021291,0,0,0,0,0,0
00BGFZ0025,E00021284,0,0,0,0,0,0
00BGFZ0019,E00021278,0,0,0,0,0,0
00BGFZ0021,E00021280,0,0,0,0,0,0
00BGFZ0015,E00021274,0,0,0,0,0,0
00BGFZ0013,E00021272,0,0,0,0,0,0
00BGFZ0008,E00021267,0,0,0,0,0,0
00BGFZ0001,E00021260,0,0,0,0,0,0
00BGFZ0014,E00021273,0,0,0,0,0,0
00BGFZ0016,E00021275,0,0,0,0,0,0
00AMGT0041,E00009188,0,0,0,0,0,0
00AMGU0001,E00009189,0,0,0,0,0,0
00AMGU0012,E00009200,0,0,0,0,0,0
00AMGU0035,E00009223,0,0,0,0,0,0
00AMGT0011,E00009158,0,0,0,0,0,0
00AMGT0013,E00009160,0,0,0,0,0,0
00AMGT0010,E00009157,0,0,0,0,0,0
00AMGU0011,E00009199,0,0,0,0,0,0
00AMGC0037,E00008645,0,0,0,0,0,0
00AMGU0032,E00009220,0,0,0,0,0,0
00AMGU0028,E00009216,0,0,0,0,0,0
00AMGU0027,E00009215,0,0,0,0,0,0
00AMGU0025,E00009213,0,0,0,0,0,0
00BGFZ0007,E00021266,0,0,0,0,0,0
00AMGT0040,E00009187,0,0,0,0,0,0
00AMGU0013,E00009201,0,0,0,0,0,0
00AMGU0034,E00009222,0,0,0,0,0,0
00AMGU0026,E00009214,0,0,0,0,0,0
00AMGC0010,E00008618,0,0,0,0,0,0
00AMGU0022,E00009210,0,0,0,0,0,0
00AMGU0031,E00009219,0,0,0,0,0,0
00AMGU0033,E00009221,0,0,0,0,0,0
00AMGU0036,E00009224,0,0,0,0,0,0
00AMGC0014,E00008622,0,0,0,0,0,0
00AMGU0021,E00009209,0,0,0,0,0,0
00AMGC0009,E00008617,0,0,0,0,0,0
00AMGC0011,E00008619,0,0,0,0,0,0
00AMGU0019,E00009207,0,0,0,0,0,0
00AMGU0008,E00009196,0,0,0,0,0,0
00AMGU0017,E00009205,0,0,0,0,0,0
00AMGU0020,E00009208,0,0,0,0,0,0
00AMGU0003,E00009191,0,0,0,0,0,0
00AMGU0004,E00009192,0,0,0,0,0,0
00AMGU0005,E00009193,0,0,0,0,0,0
00AMGU0006,E00009194,0,0,0,0,0,0
00AMGU0024,E00009212,0,0,0,0,0,0
00AMGU0038,E00009226,0,0,0,0,0,0
00AMGU0023,E00009211,0,0,0,0,0,0
00BGFZ0010,E00021269,0,0,0,0,0,0
00AMGU0016,E00009204,0,0,0,0,0,0
00AUGJ0019,E00013846,0,0,0,0,0,0
00AMGU0010,E00009198,0,0,0,0,0,0
00AMGU0018,E00009206,0,0,0,0,0,0
00AMGU0009,E00009197,0,0,0,0,0,0
00AUGJ0032,E00013859,0,0,0,0,0,0
00AUGJ0016,E00013843,0,0,0,0,0,0
00AUGJ0022,E00013849,0,0,0,0,0,0
00AMGE0007,E00008691,0,0,0,0,0,0
00AUGJ0021,E00013848,0,0,0,0,0,0
00AUGJ0023,E00013850,0,0,0,0,0,0
00AMGE0014,E00008698,0,0,0,0,0,0
00AMGG0003,E00008757,0,0,0,0,0,0
00AMGE0012,E00008696,0,0,0,0,0,0
00AMGG0025,E00008779,0,0,0,0,0,0
00AMGG0028,E00008782,0,0,0,0,0,0
00AMGC0031,E00008639,0,0,0,0,0,0
00AMGE0011,E00008695,0,0,0,0,0,0
00AMGE0010,E00008694,0,0,0,0,0,0
00AMGE0013,E00008697,0,0,0,0,0,0
00AMGG0002,E00008756,0,0,0,0,0,0
00AMGG0029,E00008783,0,0,0,0,0,0
00AMGC0027,E00008635,0,0,0,0,0,0
00AMGG0026,E00008780,0,0,0,0,0,0
00AMGD0022,E00008668,0,0,0,0,0,0
00AMGN0015,E00008986,0,0,0,0,0,0
00AMGD0025,E00008671,0,0,0,0,0,0
00AMGN0018,E00008989,0,0,0,0,0,0
00AMGN0007,E00008978,0,0,0,0,0,0
00AMGD0027,E00008673,0,0,0,0,0,0
00AMGD0032,E00008678,0,0,0,0,0,0
00AMGN0008,E00008979,0,0,0,0,0,0
00AMGE0029,E00008713,0,0,0,0,0,0
00AMGN0024,E00008995,0,0,0,0,0,0
00AMGD0013,E00008659,0,0,0,0,0,0
00AMGD0026,E00008672,0,0,0,0,0,0
00AMGD0007,E00008653,0,0,0,0,0,0
00AMGD0009,E00008655,0,0,0,0,0,0
00AMGG0022,E00008776,0,0,0,0,0,0
00AMGP0016,E00009024,0,0,0,0,0,0
00AMGP0013,E00009021,0,0,0,0,0,0
00AMGN0027,E00008998,0,0,0,0,0,0
00AMGN0005,E00008976,0,0,0,0,0,0
00AMGH0011,E00008802,0,0,0,0,0,0
00AMGN0033,E00009004,0,0,0,0,0,0
00AMGD0028,E00008674,0,0,0,0,0,0
00AMGD0033,E00008679,0,0,0,0,0,0
00AMGS0002,E00009114,0,0,0,0,0,0
00AMGD0034,E00008680,0,0,0,0,0,0
00AMGD0036,E00008682,0,0,0,0,0,0
00AMGD0038,E00008684,0,0,0,0,0,0
00AMGS0021,E00009133,0,0,0,0,0,0
00AMGN0019,E00008990,0,0,0,0,0,0
00AMGS0022,E00009134,0,0,0,0,0,0
00AMGS0026,E00009138,0,0,0,0,0,0
00AMGS0028,E00009140,0,0,0,0,0,0
00AMGS0029,E00009141,0,0,0,0,0,0
00AMGE0033,E00008717,0,0,0,0,0,0
00AMGD0020,E00008666,0,0,0,0,0,0
00AMGD0035,E00008681,0,0,0,0,0,0
00AMGD0037,E00008683,0,0,0,0,0,0
00AMGD0030,E00008676,0,0,0,0,0,0
00AMGD0024,E00008670,0,0,0,0,0,0
00AMGS0016,E00009128,0,0,0,0,0,0
00AMGG0023,E00008777,0,0,0,0,0,0
00AMGD0017,E00008663,0,0,0,0,0,0
00AMGD0021,E00008667,0,0,0,0,0,0
00AMGS0014,E00009126,0,0,0,0,0,0
00AMGE0006,E00008690,0,0,0,0,0,0
00AMGE0030,E00008714,0,0,0,0,0,0
00AMGS0001,E00009113,0,0,0,0,0,0
00AMGS0019,E00009131,0,0,0,0,0,0
00AMGS0024,E00009136,0,0,0,0,0,0
00AMGS0025,E00009137,0,0,0,0,0,0
00AMGN0037,E00009008,0,0,0,0,0,0
00ABGD0013,E00000245,0,0,0,0,0,0
00AMGS0027,E00009139,0,0,0,0,0,0
00AMGS0018,E00009130,0,0,0,0,0,0
00AMGE0028,E00008712,0,0,0,0,0,0
00AMGS0020,E00009132,0,0,0,0,0,0
00AMGS0023,E00009135,0,0,0,0,0,0
00AMGH0031,E00008822,0,0,0,0,0,0
00AMGS0017,E00009129,0,0,0,0,0,0
00AMGE0034,E00008718,0,0,0,0,0,0
00AMGD0016,E00008662,0,0,0,0,0,0
00AMGD0008,E00008654,0,0,0,0,0,0
00AMGD0003,E00008649,0,0,0,0,0,0
00AMGD0005,E00008651,0,0,0,0,0,0
00AMGD0010,E00008656,0,0,0,0,0,0
00AMGS0006,E00009118,0,0,0,0,0,0
00AMGS0010,E00009122,0,0,0,0,0,0
00AMGD0012,E00008658,0,0,0,0,0,0
00BHFX0026,E00021793,0,0,0,0,0,0
00AMGN0026,E00008997,0,0,0,0,0,0
00AMGS0032,E00009144,0,0,0,0,0,0
00AMGD0001,E00008647,0,0,0,0,0,0
00AMGD0011,E00008657,0,0,0,0,0,0
00AMGD0004,E00008650,0,0,0,0,0,0
00AMGD0006,E00008652,0,0,0,0,0,0
00AMGS0005,E00009117,0,0,0,0,0,0
00AMGN0028,E00008999,0,0,0,0,0,0
00APGQ0017,E00010389,0,0,0,0,0,0
00AMGS0011,E00009123,0,0,0,0,0,0
00AMGS0012,E00009124,0,0,0,0,0,0
00AMGS0008,E00009120,0,0,0,0,0,0
00BBGX0017,E00018312,0,0,0,0,0,0
00AMGS0034,E00009146,0,0,0,0,0,0
00AMGS0035,E00009147,0,0,0,0,0,0
00AMGH0029,E00008820,0,0,0,0,0,0
00AMGC0029,E00008637,0,0,0,0,0,0
00AMGS0003,E00009115,0,0,0,0,0,0
00AMGH0016,E00008807,0,0,0,0,0,0
00AMGS0007,E00009119,0,0,0,0,0,0
00AMGS0009,E00009121,0,0,0,0,0,0
00AMGH0027,E00008818,0,0,0,0,0,0
00AMGH0028,E00008819,0,0,0,0,0,0
00AMGH0021,E00008812,0,0,0,0,0,0
00AMGS0013,E00009125,0,0,0,0,0,0
00AMGS0015,E00009127,0,0,0,0,0,0
00AMGM0031,E00008971,0,0,0,0,0,0
00AMGS0004,E00009116,0,0,0,0,0,0
00AMGS0030,E00009142,0,0,0,0,0,0
00BBGR0023,E00018139,0,0,0,0,0,0
00AMGS0033,E00009145,0,0,0,0,0,0
00AMGH0036,E00008827,0,0,0,0,0,0
00AMGE0035,E00008719,0,0,0,0,0,0
00AMGE0036,E00008720,0,0,0,0,0,0
00AMGH0006,E00008797,0,0,0,0,0,0
00AMGE0031,E00008715,0,0,0,0,0,0
00AMGH0012,E00008803,0,0,0,0,0,0
00AMGN0006,E00008977,0,0,0,0,0,0
00AMGH0035,E00008826,0,0,0,0,0,0
00AMGE0032,E00008716,0,0,0,0,0,0
00AMGH0015,E00008806,0,0,0,0,0,0
00AMGH0005,E00008796,0,0,0,0,0,0
00AMGH0013,E00008804,0,0,0,0,0,0
00BBGR0027,E00018143,0,0,0,0,0,0
00AMGH0014,E00008805,0,0,0,0,0,0
00AMGM0016,E00008956,0,0,0,0,0,0
00AMGP0006,E00009014,0,0,0,0,0,0
00AMGH0010,E00008801,0,0,0,0,0,0
00AMGM0003,E00008943,0,0,0,0,0,0
00AMGM0014,E00008954,0,0,0,0,0,0
00AMGG0021,E00008775,0,0,0,0,0,0
00AMGH0002,E00008793,0,0,0,0,0,0
00AMGH0009,E00008800,0,0,0,0,0,0
00AMGN0036,E00009007,0,0,0,0,0,0
00AMGH0023,E00008814,0,0,0,0,0,0
00BBGU0023,E00018240,0,0,0,0,0,0
00AMGH0026,E00008817,0,0,0,0,0,0
00AMGH0003,E00008794,0,0,0,0,0,0
00AMGH0004,E00008795,0,0,0,0,0,0
00AMGH0025,E00008816,0,0,0,0,0,0
00AMGH0033,E00008824,0,0,0,0,0,0
00AMGH0024,E00008815,0,0,0,0,0,0
00AMGH0018,E00008809,0,0,0,0,0,0
00AMGR0023,E00009103,0,0,0,0,0,0
00AMGH0019,E00008810,0,0,0,0,0,0
00AMGH0008,E00008799,0,0,0,0,0,0
00AMGH0001,E00008792,0,0,0,0,0,0
00AMGH0022,E00008813,0,0,0,0,0,0
00AMGH0017,E00008808,0,0,0,0,0,0
00AMGH0007,E00008798,0,0,0,0,0,0
00AMGH0030,E00008821,0,0,0,0,0,0
00AMGH0020,E00008811,0,0,0,0,0,0
00AMGH0032,E00008823,0,0,0,0,0,0
00AMGP0030,E00009038,0,0,0,0,0,0
00AMGM0026,E00008966,0,0,0,0,0,0
00AMGM0010,E00008950,0,0,0,0,0,0
00AMGM0028,E00008968,0,0,0,0,0,0
00AMGM0030,E00008970,0,0,0,0,0,0
00BHGJ0028,E00022180,0,0,0,0,0,0
00AMGM0001,E00008941,0,0,0,0,0,0
00AMGM0027,E00008967,0,0,0,0,0,0
00AMGH0034,E00008825,0,0,0,0,0,0
00AMGP0004,E00009012,0,0,0,0,0,0
00ABGD0010,E00000242,0,0,0,0,0,0
00AMGM0008,E00008948,0,0,0,0,0,0
00AMGN0011,E00008982,0,0,0,0,0,0
00AMGN0003,E00008974,0,0,0,0,0,0
00AMGN0012,E00008983,0,0,0,0,0,0
00AMGN0023,E00008994,0,0,0,0,0,0
00AMGN0001,E00008972,0,0,0,0,0,0
00AMGB0010,E00008588,0,0,0,0,0,0
00BHGS0022,E00022468,0,0,0,0,0,0
00AKHG0045,E00007752,0,0,0,0,0,0
00AMGN0034,E00009005,0,0,0,0,0,0
00AMGN0022,E00008993,0,0,0,0,0,0
00AMGN0010,E00008981,0,0,0,0,0,0
00AMGN0014,E00008985,0,0,0,0,0,0
00AMGN0002,E00008973,0,0,0,0,0,0
00AMGN0020,E00008991,0,0,0,0,0,0
00AMGB0013,E00008591,0,0,0,0,0,0
00AMGS0031,E00009143,0,0,0,0,0,0
00AMGB0026,E00008604,0,0,0,0,0,0
00AMGN0009,E00008980,0,0,0,0,0,0
00AMGB0001,E00008579,0,0,0,0,0,0
00AMGB0017,E00008595,0,0,0,0,0,0
00AMGB0015,E00008593,0,0,0,0,0,0
00AMGB0011,E00008589,0,0,0,0,0,0
00AKHG0004,E00007711,0,0,0,0,0,0
00AMGB0020,E00008598,0,0,0,0,0,0
00AMGB0016,E00008594,0,0,0,0,0,0
00AMGB0006,E00008584,0,0,0,0,0,0
00AMGB0022,E00008600,0,0,0,0,0,0
00AKHG0026,E00007733,0,0,0,0,0,0
00AMGB0027,E00008605,0,0,0,0,0,0
00AMGB0004,E00008582,0,0,0,0,0,0
00AMGB0029,E00008607,0,0,0,0,0,0
00AMGN0032,E00009003,0,0,0,0,0,0
00AMGN0035,E00009006,0,0,0,0,0,0
00AMGL0007,E00008912,0,0,0,0,0,0
00AMGP0009,E00009017,0,0,0,0,0,0
00AMGP0011,E00009019,0,0,0,0,0,0
00AMGP0024,E00009032,0,0,0,0,0,0
00AMGN0029,E00009000,0,0,0,0,0,0
00AMGR0022,E00009102,0,0,0,0,0,0
00AMGP0025,E00009033,0,0,0,0,0,0
00AMGB0008,E00008586,0,0,0,0,0,0
00AMGP0014,E00009022,0,0,0,0,0,0
00AMGP0019,E00009027,0,0,0,0,0,0
00AMGB0005,E00008583,0,0,0,0,0,0
00AMGB0009,E00008587,0,0,0,0,0,0
00AMGR0017,E00009097,0,0,0,0,0,0
00AMGR0018,E00009098,0,0,0,0,0,0
00AMGN0030,E00009001,0,0,0,0,0,0
00AMGN0031,E00009002,0,0,0,0,0,0
00AMGB0007,E00008585,0,0,0,0,0,0
00AMGP0022,E00009030,0,0,0,0,0,0
00AMGB0003,E00008581,0,0,0,0,0,0
00AMGR0031,E00009111,0,0,0,0,0,0
00AKHG0034,E00007741,0,0,0,0,0,0
00AMGB0002,E00008580,0,0,0,0,0,0
00AMGB0019,E00008597,0,0,0,0,0,0
00AMGB0021,E00008599,0,0,0,0,0,0
00AMGB0023,E00008601,0,0,0,0,0,0
00AMGR0028,E00009108,0,0,0,0,0,0
00AMGR0029,E00009109,0,0,0,0,0,0
00AMGB0012,E00008590,0,0,0,0,0,0
00AMGB0014,E00008592,0,0,0,0,0,0
00AMGB0018,E00008596,0,0,0,0,0,0
00AMGB0024,E00008602,0,0,0,0,0,0
00AMGB0028,E00008606,0,0,0,0,0,0
00AMGB0030,E00008608,0,0,0,0,0,0
00AMGB0025,E00008603,0,0,0,0,0,0
00AMGR0025,E00009105,0,0,0,0,0,0
00AMGM0025,E00008965,0,0,0,0,0,0
00AMGM0007,E00008947,0,0,0,0,0,0
00AMGM0023,E00008963,0,0,0,0,0,0
00AMGR0002,E00009082,0,0,0,0,0,0
00AMGR0030,E00009110,0,0,0,0,0,0
00AMGR0032,E00009112,0,0,0,0,0,0
00AMGM0020,E00008960,0,0,0,0,0,0
00AMGR0004,E00009084,0,0,0,0,0,0
00AMGR0027,E00009107,0,0,0,0,0,0
00AMGR0003,E00009083,0,0,0,0,0,0
00AMGR0024,E00009104,0,0,0,0,0,0
00AMGR0016,E00009096,0,0,0,0,0,0
00AMGR0001,E00009081,0,0,0,0,0,0
00AMGR0014,E00009094,0,0,0,0,0,0
00AMGR0019,E00009099,0,0,0,0,0,0
00AMGR0020,E00009100,0,0,0,0,0,0
00AMGR0021,E00009101,0,0,0,0,0,0
00AMGR0026,E00009106,0,0,0,0,0,0
00AMGC0032,E00008640,0,0,0,0,0,0
00AMGC0005,E00008613,0,0,0,0,0,0
00AMGC0002,E00008610,0,0,0,0,0,0
00AMGC0004,E00008612,0,0,0,0,0,0
00AMGC0033,E00008641,0,0,0,0,0,0
00AMGL0009,E00008914,0,0,0,0,0,0
00AMGL0023,E00008928,0,0,0,0,0,0
00BHGK0025,E00022217,0,0,0,0,0,0
00AMGC0034,E00008642,0,0,0,0,0,0
00AMGL0034,E00008939,0,0,0,0,0,0
00AMGU0007,E00009195,0,0,0,0,0,0
00AMGL0032,E00008937,0,0,0,0,0,0
00AMGL0002,E00008907,0,0,0,0,0,0
00AMGL0035,E00008940,0,0,0,0,0,0
00AMGU0002,E00009190,0,0,0,0,0,0
00AMGU0014,E00009202,0,0,0,0,0,0
00AMGC0003,E00008611,0,0,0,0,0,0
00AMGC0028,E00008636,0,0,0,0,0,0
00AMGL0014,E00008919,0,0,0,0,0,0
00AMGL0016,E00008921,0,0,0,0,0,0
00AMGL0030,E00008935,0,0,0,0,0,0
00AMGL0001,E00008906,0,0,0,0,0,0
00AMGL0033,E00008938,0,0,0,0,0,0
00AMGM0005,E00008945,0,0,0,0,0,0
00AMGM0013,E00008953,0,0,0,0,0,0
00AMGM0029,E00008969,0,0,0,0,0,0
00AMGC0030,E00008638,0,0,0,0,0,0
00AMGM0004,E00008944,0,0,0,0,0,0
00AMGL0025,E00008930,0,0,0,0,0,0
00AMGM0002,E00008942,0,0,0,0,0,0
00AMGM0009,E00008949,0,0,0,0,0,0
00AMGL0026,E00008931,0,0,0,0,0,0
00AMGL0027,E00008932,0,0,0,0,0,0
00AMGM0012,E00008952,0,0,0,0,0,0
00AMGM0024,E00008964,0,0,0,0,0,0
00AMGM0022,E00008962,0,0,0,0,0,0
00AMGM0019,E00008959,0,0,0,0,0,0
00AMGL0028,E00008933,0,0,0,0,0,0
00AMGL0031,E00008936,0,0,0,0,0,0
00BHGL0018,E00022245,0,0,0,0,0,0
00AMGL0012,E00008917,0,0,0,0,0,0
00AMGL0017,E00008922,0,0,0,0,0,0
00AMGM0015,E00008955,0,0,0,0,0,0
00AMGL0011,E00008916,0,0,0,0,0,0
00AMGL0015,E00008920,0,0,0,0,0,0
00AMGM0017,E00008957,0,0,0,0,0,0
00AMGL0021,E00008926,0,0,0,0,0,0
00AMGL0010,E00008915,0,0,0,0,0,0
00AMGM0006,E00008946,0,0,0,0,0,0
00AMGC0026,E00008634,0,0,0,0,0,0
00AMGM0018,E00008958,0,0,0,0,0,0
00AMGL0004,E00008909,0,0,0,0,0,0
00AMGL0019,E00008924,0,0,0,0,0,0
00AMGL0022,E00008927,0,0,0,0,0,0
00AMGL0029,E00008934,0,0,0,0,0,0
00AMGL0005,E00008910,0,0,0,0,0,0
00AMGL0006,E00008911,0,0,0,0,0,0
00AMGL0008,E00008913,0,0,0,0,0,0
00AMGL0020,E00008925,0,0,0,0,0,0
00BHGM0039,E00022306,0,0,0,0,0,0
00AMGM0021,E00008961,0,0,0,0,0,0
00BHGL0022,E00022249,0,0,0,0,0,0
00BHGL0013,E00022240,0,0,0,0,0,0
00BHGL0030,E00022257,0,0,0,0,0,0
00BHGL0021,E00022248,0,0,0,0,0,0
00BHGL0015,E00022242,0,0,0,0,0,0
00BHGL0023,E00022250,0,0,0,0,0,0
00BHGM0003,E00022270,0,0,0,0,0,0
00BHGM0035,E00022302,0,0,0,0,0,0
00BHGL0006,E00022233,0,0,0,0,0,0
00BHGL0027,E00022254,0,0,0,0,0,0
00BHGL0024,E00022251,0,0,0,0,0,0
00BHGL0029,E00022256,0,0,0,0,0,0
00BHGL0026,E00022253,0,0,0,0,0,0
00BHGL0028,E00022255,0,0,0,0,0,0
00BHGM0005,E00022272,0,0,0,0,0,0
00BHGM0029,E00022296,0,0,0,0,0,0
00BHGM0001,E00022268,0,0,0,0,0,0
00BCGC0008,E00018484,0,0,0,0,0,0
00BHGM0030,E00022297,0,0,0,0,0,0
00BHGM0031,E00022298,0,0,0,0,0,0
00BHGL0020,E00022247,0,0,0,0,0,0
00BHGM0034,E00022301,0,0,0,0,0,0
00BCGC0011,E00018487,0,0,0,0,0,0
00BHGM0007,E00022274,0,0,0,0,0,0
00BHGM0008,E00022275,0,0,0,0,0,0
00BHGM0032,E00022299,0,0,0,0,0,0
00BHGE0030,E00022041,0,0,0,0,0,0
00BHGL0004,E00022231,0,0,0,0,0,0
00BHGL0005,E00022232,0,0,0,0,0,0
00BHGL0011,E00022238,0,0,0,0,0,0
00BHGM0023,E00022290,0,0,0,0,0,0
00BHGL0010,E00022237,0,0,0,0,0,0
00BHGL0008,E00022235,0,0,0,0,0,0
00BHGL0016,E00022243,0,0,0,0,0,0
00BHGL0003,E00022230,0,0,0,0,0,0
00BHGL0001,E00022228,0,0,0,0,0,0
00BHGL0007,E00022234,0,0,0,0,0,0
00BHGL0040,E00022267,0,0,0,0,0,0
00ABGD0007,E00000239,0,0,0,0,0,0
00BHGL0019,E00022246,0,0,0,0,0,0
00BHGL0025,E00022252,0,0,0,0,0,0
00BHGL0014,E00022241,0,0,0,0,0,0
00AMGP0036,E00009044,0,0,0,0,0,0
00BHGL0017,E00022244,0,0,0,0,0,0
00BHGM0021,E00022288,0,0,0,0,0,0
00BGGB0022,E00021350,0,0,0,0,0,0
00BHGM0024,E00022291,0,0,0,0,0,0
00BHGM0025,E00022292,0,0,0,0,0,0
00BHGM0018,E00022285,0,0,0,0,0,0
00BHGM0019,E00022286,0,0,0,0,0,0
00BBGU0027,E00018244,0,0,0,0,0,0
00BBGU0031,E00018248,0,0,0,0,0,0
00BGGB0026,E00021354,0,0,0,0,0,0
00BGGB0013,E00021341,0,0,0,0,0,0
00BBGD0019,E00017699,0,0,0,0,0,0
00BBGD0011,E00017691,0,0,0,0,0,0
00BBGD0040,E00017720,0,0,0,0,0,0
00BBGU0026,E00018243,0,0,0,0,0,0
00BBGD0007,E00017687,0,0,0,0,0,0
00BBGD0005,E00017685,0,0,0,0,0,0
00BBGX0023,E00018318,0,0,0,0,0,0
00BBGU0013,E00018230,0,0,0,0,0,0
00BBGD0038,E00017718,0,0,0,0,0,0
00BBGD0039,E00017719,0,0,0,0,0,0
00BGGB0021,E00021349,0,0,0,0,0,0
00BBGU0032,E00018249,0,0,0,0,0,0
00BBGU0029,E00018246,0,0,0,0,0,0
00BBGG0022,E00017819,0,0,0,0,0,0
00BBGU0017,E00018234,0,0,0,0,0,0
00BBGU0003,E00018220,0,0,0,0,0,0
00BBGU0033,E00018250,0,0,0,0,0,0
00BBGU0030,E00018247,0,0,0,0,0,0
00BBGU0028,E00018245,0,0,0,0,0,0
00BBGX0036,E00018331,0,0,0,0,0,0
00BBGX0011,E00018306,0,0,0,0,0,0
00BBGR0038,E00018154,0,0,0,0,0,0
00BBGX0034,E00018329,0,0,0,0,0,0
00BBGX0038,E00018333,0,0,0,0,0,0
00BBGU0009,E00018226,0,0,0,0,0,0
00BBGX0029,E00018324,0,0,0,0,0,0
00BBGX0025,E00018320,0,0,0,0,0,0
00BBGX0028,E00018323,0,0,0,0,0,0
00BBGX0001,E00018296,0,0,0,0,0,0
00BBGQ0009,E00018091,0,0,0,0,0,0
00BBGX0019,E00018314,0,0,0,0,0,0
00BBGX0021,E00018316,0,0,0,0,0,0
00BBGX0024,E00018319,0,0,0,0,0,0
00BBGX0022,E00018317,0,0,0,0,0,0
00BBGX0020,E00018315,0,0,0,0,0,0
00BBGX0027,E00018322,0,0,0,0,0,0
00BBGR0034,E00018150,0,0,0,0,0,0
00BBGX0026,E00018321,0,0,0,0,0,0
00BBGR0001,E00018117,0,0,0,0,0,0
00BBGR0011,E00018127,0,0,0,0,0,0
00BBGR0013,E00018129,0,0,0,0,0,0
00BBGR0008,E00018124,0,0,0,0,0,0
00BBGR0040,E00018156,0,0,0,0,0,0
00BBGR0041,E00018157,0,0,0,0,0,0
00BBGR0033,E00018149,0,0,0,0,0,0
00BBGR0036,E00018152,0,0,0,0,0,0
00BBGQ0013,E00018095,0,0,0,0,0,0
00BBGX0004,E00018299,0,0,0,0,0,0
00BBGX0006,E00018301,0,0,0,0,0,0
00BBGX0013,E00018308,0,0,0,0,0,0
00BBGX0014,E00018309,0,0,0,0,0,0
00AKGX0019,E00007353,0,0,0,0,0,0
00BBGX0037,E00018332,0,0,0,0,0,0
00BBGX0041,E00018336,0,0,0,0,0,0
00BBGL0016,E00017954,0,0,0,0,0,0
00BBGX0012,E00018307,0,0,0,0,0,0
00BBGX0003,E00018298,0,0,0,0,0,0
00BBGX0032,E00018327,0,0,0,0,0,0
00BBGX0010,E00018305,0,0,0,0,0,0
00BBGX0016,E00018311,0,0,0,0,0,0
00BBGX0007,E00018302,0,0,0,0,0,0
00BBGX0035,E00018330,0,0,0,0,0,0
00BBGX0039,E00018334,0,0,0,0,0,0
00BBGX0005,E00018300,0,0,0,0,0,0
00AKGQ0023,E00007096,0,0,0,0,0,0
00BBGX0033,E00018328,0,0,0,0,0,0
00BBGX0009,E00018304,0,0,0,0,0,0
00AMGP0032,E00009040,0,0,0,0,0,0
00BBGR0025,E00018141,0,0,0,0,0,0
00BBGR0029,E00018145,0,0,0,0,0,0
00BBGX0015,E00018310,0,0,0,0,0,0
00BBGL0025,E00017963,0,0,0,0,0,0
00BBGX0040,E00018335,0,0,0,0,0,0
00BBGR0017,E00018133,0,0,0,0,0,0
00BBGR0019,E00018135,0,0,0,0,0,0
00BBGX0008,E00018303,0,0,0,0,0,0
00BBGX0018,E00018313,0,0,0,0,0,0
00ARGH0021,E00011431,0,0,0,0,0,0
00BBGR0024,E00018140,0,0,0,0,0,0
00BBGR0018,E00018134,0,0,0,0,0,0
00BBGU0015,E00018232,0,0,0,0,0,0
00BBGU0002,E00018219,0,0,0,0,0,0
00BBGU0020,E00018237,0,0,0,0,0,0
00BBGU0012,E00018229,0,0,0,0,0,0
00BBGU0022,E00018239,0,0,0,0,0,0
00BBGU0024,E00018241,0,0,0,0,0,0
00BBGU0042,E00018259,0,0,0,0,0,0
00BBGU0005,E00018222,0,0,0,0,0,0
00BBGU0010,E00018227,0,0,0,0,0,0
00AKGQ0026,E00007099,0,0,0,0,0,0
00BBGU0007,E00018224,0,0,0,0,0,0
00BBGU0044,E00018261,0,0,0,0,0,0
00BBGU0006,E00018223,0,0,0,0,0,0
00BBGU0008,E00018225,0,0,0,0,0,0
00BBGU0014,E00018231,0,0,0,0,0,0
00BBGU0001,E00018218,0,0,0,0,0,0
00AKGQ0031,E00007104,0,0,0,0,0,0
00BBGL0026,E00017964,0,0,0,0,0,0
00BBGL0039,E00017977,0,0,0,0,0,0
00BBGU0016,E00018233,0,0,0,0,0,0
00BBGL0040,E00017978,0,0,0,0,0,0
00BBGU0021,E00018238,0,0,0,0,0,0
00BBGL0015,E00017953,0,0,0,0,0,0
00BBGU0025,E00018242,0,0,0,0,0,0
00BBGX0030,E00018325,0,0,0,0,0,0
00BBGX0031,E00018326,0,0,0,0,0,0
00BBGU0018,E00018235,0,0,0,0,0,0
00BBGU0019,E00018236,0,0,0,0,0,0
00AMGR0015,E00009095,0,0,0,0,0,0
00BBGL0037,E00017975,0,0,0,0,0,0
00BBGL0030,E00017968,0,0,0,0,0,0
00BBGX0002,E00018297,0,0,0,0,0,0
00BBGL0007,E00017945,0,0,0,0,0,0
00BBGL0038,E00017976,0,0,0,0,0,0
00APGN0003,E00010295,0,0,0,0,0,0
00BBGL0006,E00017944,0,0,0,0,0,0
00BBGL0031,E00017969,0,0,0,0,0,0
00BBGK0040,E00017937,0,0,0,0,0,0
00BBGS0026,E00018183,0,0,0,0,0,0
00BBGK0005,E00017902,0,0,0,0,0,0
00BBGL0032,E00017970,0,0,0,0,0,0
00BBGL0021,E00017959,0,0,0,0,0,0
00BBGL0033,E00017971,0,0,0,0,0,0
00BBGL0034,E00017972,0,0,0,0,0,0
00BBGL0036,E00017974,0,0,0,0,0,0
00BBGL0023,E00017961,0,0,0,0,0,0
00BBGL0028,E00017966,0,0,0,0,0,0
00BBGL0018,E00017956,0,0,0,0,0,0
00BBGL0019,E00017957,0,0,0,0,0,0
00BBGL0020,E00017958,0,0,0,0,0,0
00BBGK0041,E00017938,0,0,0,0,0,0
00BBGL0004,E00017942,0,0,0,0,0,0
00BBGL0022,E00017960,0,0,0,0,0,0
00BBGS0030,E00018187,0,0,0,0,0,0
00BBGN0003,E00018015,0,0,0,0,0,0
00BBGN0008,E00018020,0,0,0,0,0,0
00BBGK0039,E00017936,0,0,0,0,0,0
00BBGL0005,E00017943,0,0,0,0,0,0
00BBGL0027,E00017965,0,0,0,0,0,0
00BBGL0002,E00017940,0,0,0,0,0,0
00BBGL0017,E00017955,0,0,0,0,0,0
00BBGL0003,E00017941,0,0,0,0,0,0
00BBGQ0032,E00018114,0,0,0,0,0,0
00BBGK0035,E00017932,0,0,0,0,0,0
00BBGR0004,E00018120,0,0,0,0,0,0
00APGQ0026,E00010398,0,0,0,0,0,0
00BBGR0003,E00018119,0,0,0,0,0,0
00BBGS0034,E00018191,0,0,0,0,0,0
00BBGS0027,E00018184,0,0,0,0,0,0
00BBGS0022,E00018179,0,0,0,0,0,0
00BBGS0024,E00018181,0,0,0,0,0,0
00BBGC0017,E00017660,0,0,0,0,0,0
00BBGC0019,E00017662,0,0,0,0,0,0
00BBGJ0023,E00017880,0,0,0,0,0,0
00BBGS0002,E00018159,0,0,0,0,0,0
00BBGC0010,E00017653,0,0,0,0,0,0
00BBGS0003,E00018160,0,0,0,0,0,0
00BBGS0020,E00018177,0,0,0,0,0,0
00BBGS0019,E00018176,0,0,0,0,0,0
00BBGC0014,E00017657,0,0,0,0,0,0
00BBGS0021,E00018178,0,0,0,0,0,0
00BBGS0023,E00018180,0,0,0,0,0,0
00BBGC0016,E00017659,0,0,0,0,0,0
00BBGC0018,E00017661,0,0,0,0,0,0
00BBGR0002,E00018118,0,0,0,0,0,0
00BBGJ0018,E00017875,0,0,0,0,0,0
00BBGG0027,E00017824,0,0,0,0,0,0
00BBGR0012,E00018128,0,0,0,0,0,0
00BBGR0005,E00018121,0,0,0,0,0,0
00BBGR0022,E00018138,0,0,0,0,0,0
00BBGR0007,E00018123,0,0,0,0,0,0
00BBGR0010,E00018126,0,0,0,0,0,0
00BBGR0039,E00018155,0,0,0,0,0,0
00BBGR0026,E00018142,0,0,0,0,0,0
00BBGR0015,E00018131,0,0,0,0,0,0
00BBGN0020,E00018032,0,0,0,0,0,0
00BBGR0016,E00018132,0,0,0,0,0,0
00BBGQ0008,E00018090,0,0,0,0,0,0
00BBGR0031,E00018147,0,0,0,0,0,0
00BBGN0015,E00018027,0,0,0,0,0,0
00BBGL0010,E00017948,0,0,0,0,0,0
00BBGL0024,E00017962,0,0,0,0,0,0
00BBGL0001,E00017939,0,0,0,0,0,0
00APGN0014,E00010306,0,0,0,0,0,0
00APGM0009,E00010262,0,0,0,0,0,0
00BBGN0010,E00018022,0,0,0,0,0,0
00BBGN0013,E00018025,0,0,0,0,0,0
00BBGC0036,E00017679,0,0,0,0,0,0
00BBGL0029,E00017967,0,0,0,0,0,0
00BBGL0035,E00017973,0,0,0,0,0,0
00BBGR0035,E00018151,0,0,0,0,0,0
00APGQ0010,E00010382,0,0,0,0,0,0
00BBGR0037,E00018153,0,0,0,0,0,0
00BBGS0014,E00018171,0,0,0,0,0,0
00BBGS0012,E00018169,0,0,0,0,0,0
00BBGS0016,E00018173,0,0,0,0,0,0
00BBGR0028,E00018144,0,0,0,0,0,0
00APGM0035,E00010288,0,0,0,0,0,0
00AMGR0007,E00009087,0,0,0,0,0,0
00BBGR0009,E00018125,0,0,0,0,0,0
00BBGS0018,E00018175,0,0,0,0,0,0
00BBGR0032,E00018148,0,0,0,0,0,0
00BBGC0012,E00017655,0,0,0,0,0,0
00APGN0030,E00010322,0,0,0,0,0,0
00BBGS0004,E00018161,0,0,0,0,0,0
00BBGS0013,E00018170,0,0,0,0,0,0
00BBGC0008,E00017651,0,0,0,0,0,0
00BBGS0015,E00018172,0,0,0,0,0,0
00BBGS0017,E00018174,0,0,0,0,0,0
00BBGR0030,E00018146,0,0,0,0,0,0
00APGQ0002,E00010374,0,0,0,0,0,0
00APGM0020,E00010273,0,0,0,0,0,0
00APGM0014,E00010267,0,0,0,0,0,0
00APGQ0027,E00010399,0,0,0,0,0,0
00APGQ0029,E00010401,0,0,0,0,0,0
00BBGN0029,E00018041,0,0,0,0,0,0
00APGQ0030,E00010402,0,0,0,0,0,0
00APGQ0023,E00010395,0,0,0,0,0,0
00BBGC0026,E00017669,0,0,0,0,0,0
00APGN0010,E00010302,0,0,0,0,0,0
00BBGS0005,E00018162,0,0,0,0,0,0
00BBGS0011,E00018168,0,0,0,0,0,0
00BBGC0037,E00017680,0,0,0,0,0,0
00APGN0005,E00010297,0,0,0,0,0,0
00BBGN0025,E00018037,0,0,0,0,0,0
00BBGN0026,E00018038,0,0,0,0,0,0
00BBGN0022,E00018034,0,0,0,0,0,0
00BBGN0028,E00018040,0,0,0,0,0,0
00BBGR0020,E00018136,0,0,0,0,0,0
00BBGR0021,E00018137,0,0,0,0,0,0
00APGN0023,E00010315,0,0,0,0,0,0
00BBGR0006,E00018122,0,0,0,0,0,0
00BBGN0023,E00018035,0,0,0,0,0,0
00BBGN0024,E00018036,0,0,0,0,0,0
00BBGR0014,E00018130,0,0,0,0,0,0
00BCGS0017,E00018978,0,0,0,0,0,0
00BBGC0006,E00017649,0,0,0,0,0,0
00BBGC0023,E00017666,0,0,0,0,0,0
00BBGC0027,E00017670,0,0,0,0,0,0
00BBGC0024,E00017667,0,0,0,0,0,0
00BBGC0028,E00017671,0,0,0,0,0,0
00BBGN0027,E00018039,0,0,0,0,0,0
00AKGQ0034,E00007107,0,0,0,0,0,0
00BBGC0022,E00017665,0,0,0,0,0,0
00BBGM0029,E00018009,0,0,0,0,0,0
00BBGC0007,E00017650,0,0,0,0,0,0
00BBGC0002,E00017645,0,0,0,0,0,0
00BBGM0003,E00017983,0,0,0,0,0,0
00BBGM0026,E00018006,0,0,0,0,0,0
00BBGM0028,E00018008,0,0,0,0,0,0
00AKGQ0025,E00007098,0,0,0,0,0,0
00BBGM0027,E00018007,0,0,0,0,0,0
00BBGC0025,E00017668,0,0,0,0,0,0
00BBGC0005,E00017648,0,0,0,0,0,0
00BBGC0030,E00017673,0,0,0,0,0,0
00BBGG0012,E00017809,0,0,0,0,0,0
00BBGC0009,E00017652,0,0,0,0,0,0
00BBGC0013,E00017656,0,0,0,0,0,0
00BBGG0015,E00017812,0,0,0,0,0,0
00BBGC0032,E00017675,0,0,0,0,0,0
00BBGC0033,E00017676,0,0,0,0,0,0
00BBGC0034,E00017677,0,0,0,0,0,0
00BBGG0019,E00017816,0,0,0,0,0,0
00BBGG0024,E00017821,0,0,0,0,0,0
00BBGC0031,E00017674,0,0,0,0,0,0
00BBGC0015,E00017658,0,0,0,0,0,0
00APGC0025,E00009930,0,0,0,0,0,0
00BBGC0035,E00017678,0,0,0,0,0,0
00BBGC0011,E00017654,0,0,0,0,0,0
00BBGG0021,E00017818,0,0,0,0,0,0
00BBGG0026,E00017823,0,0,0,0,0,0
00BBGG0020,E00017817,0,0,0,0,0,0
00BBGG0023,E00017820,0,0,0,0,0,0
00BBGG0014,E00017811,0,0,0,0,0,0
00BBGG0025,E00017822,0,0,0,0,0,0
00BBGG0018,E00017815,0,0,0,0,0,0
00BBGG0004,E00017801,0,0,0,0,0,0
00BBGC0004,E00017647,0,0,0,0,0,0
00BBGG0011,E00017808,0,0,0,0,0,0
00BBGG0013,E00017810,0,0,0,0,0,0
00BBGG0001,E00017798,0,0,0,0,0,0
00APGC0003,E00009908,0,0,0,0,0,0
00APGC0022,E00009927,0,0,0,0,0,0
00BBGG0016,E00017813,0,0,0,0,0,0
00BBGC0001,E00017644,0,0,0,0,0,0
00BBGC0021,E00017664,0,0,0,0,0,0
00BBGG0032,E00017829,0,0,0,0,0,0
00BBGG0002,E00017799,0,0,0,0,0,0
00BBGG0033,E00017830,0,0,0,0,0,0
00BBGG0030,E00017827,0,0,0,0,0,0
00BBGC0029,E00017672,0,0,0,0,0,0
00BBGC0003,E00017646,0,0,0,0,0,0
00APGC0023,E00009928,0,0,0,0,0,0
00BBGC0020,E00017663,0,0,0,0,0,0
00AKGQ0050,E00007123,0,0,0,0,0,0
00BBGG0005,E00017802,0,0,0,0,0,0
00BBGG0028,E00017825,0,0,0,0,0,0
00BBGG0009,E00017806,0,0,0,0,0,0
00BBGG0008,E00017805,0,0,0,0,0,0
00BBGG0017,E00017814,0,0,0,0,0,0
00BBGG0010,E00017807,0,0,0,0,0,0
00BBGG0003,E00017800,0,0,0,0,0,0
00BBGG0007,E00017804,0,0,0,0,0,0
00BBGW0008,E00018269,0,0,0,0,0,0
00BBGN0017,E00018029,0,0,0,0,0,0
00BBGW0006,E00018267,0,0,0,0,0,0
00BBGG0031,E00017828,0,0,0,0,0,0
00BBGG0006,E00017803,0,0,0,0,0,0
00BBGW0003,E00018264,0,0,0,0,0,0
00ABGD0031,E00000263,0,0,0,0,0,0
00BBGW0014,E00018275,0,0,0,0,0,0
00BBGW0031,E00018292,0,0,0,0,0,0
00BBGN0006,E00018018,0,0,0,0,0,0
00BBGN0009,E00018021,0,0,0,0,0,0
00BBGN0011,E00018023,0,0,0,0,0,0
00BBGN0004,E00018016,0,0,0,0,0,0
00BBGN0021,E00018033,0,0,0,0,0,0
00BBGN0007,E00018019,0,0,0,0,0,0
00BBGN0018,E00018030,0,0,0,0,0,0
00BBGN0019,E00018031,0,0,0,0,0,0
00BHGG0037,E00022113,0,0,0,0,0,0
00BBGN0012,E00018024,0,0,0,0,0,0
00BBGN0014,E00018026,0,0,0,0,0,0
00BBGU0040,E00018257,0,0,0,0,0,0
00BBGN0016,E00018028,0,0,0,0,0,0
00ABGD0032,E00000264,0,0,0,0,0,0
00BBGM0019,E00017999,0,0,0,0,0,0
00BBGM0024,E00018004,0,0,0,0,0,0
00BBGM0018,E00017998,0,0,0,0,0,0
00BBGM0002,E00017982,0,0,0,0,0,0
00BBGL0013,E00017951,0,0,0,0,0,0
00BBGM0021,E00018001,0,0,0,0,0,0
00BBGM0020,E00018000,0,0,0,0,0,0
00BHGC0032,E00021972,0,0,0,0,0,0
00BBGM0022,E00018002,0,0,0,0,0,0
00BBGM0025,E00018005,0,0,0,0,0,0
00BBGM0010,E00017990,0,0,0,0,0,0
00BBGM0013,E00017993,0,0,0,0,0,0
00BBGM0023,E00018003,0,0,0,0,0,0
00BBGN0001,E00018013,0,0,0,0,0,0
00BBGH0017,E00017847,0,0,0,0,0,0
00BBGH0019,E00017849,0,0,0,0,0,0
00BHGG0035,E00022111,0,0,0,0,0,0
00BBGM0016,E00017996,0,0,0,0,0,0
00BBGM0015,E00017995,0,0,0,0,0,0
00BBGL0009,E00017947,0,0,0,0,0,0
00BBGM0014,E00017994,0,0,0,0,0,0
00BBGM0017,E00017997,0,0,0,0,0,0
00BBGL0011,E00017949,0,0,0,0,0,0
00BBGN0002,E00018014,0,0,0,0,0,0
00BBGN0005,E00018017,0,0,0,0,0,0
00BHGS0038,E00022484,0,0,0,0,0,0
00BBGN0030,E00018042,0,0,0,0,0,0
00BBGN0031,E00018043,0,0,0,0,0,0
00BBGL0014,E00017952,0,0,0,0,0,0
00BBGL0012,E00017950,0,0,0,0,0,0
00BBGM0032,E00018012,0,0,0,0,0,0
00BBGM0001,E00017981,0,0,0,0,0,0
00BBGJ0017,E00017874,0,0,0,0,0,0
00BBGM0011,E00017991,0,0,0,0,0,0
00BBGM0009,E00017989,0,0,0,0,0,0
00BBGU0039,E00018256,0,0,0,0,0,0
00BBGM0006,E00017986,0,0,0,0,0,0
00BBGM0007,E00017987,0,0,0,0,0,0
00BBGM0031,E00018011,0,0,0,0,0,0
00BBGH0022,E00017852,0,0,0,0,0,0
00BBGM0004,E00017984,0,0,0,0,0,0
00BBGM0005,E00017985,0,0,0,0,0,0
00BBGM0008,E00017988,0,0,0,0,0,0
00BBGM0012,E00017992,0,0,0,0,0,0
00BBGQ0026,E00018108,0,0,0,0,0,0
00BBGH0016,E00017846,0,0,0,0,0,0
00BBGQ0027,E00018109,0,0,0,0,0,0
00BBGM0030,E00018010,0,0,0,0,0,0
00BHGG0038,E00022114,0,0,0,0,0,0
00BBGH0023,E00017853,0,0,0,0,0,0
00BBGH0021,E00017851,0,0,0,0,0,0
00BBGQ0005,E00018087,0,0,0,0,0,0
00BBGH0010,E00017840,0,0,0,0,0,0
00BBGH0013,E00017843,0,0,0,0,0,0
00BBGQ0025,E00018107,0,0,0,0,0,0
00BBGH0008,E00017838,0,0,0,0,0,0
00BBGQ0004,E00018086,0,0,0,0,0,0
00BBGQ0029,E00018111,0,0,0,0,0,0
00BHGG0010,E00022086,0,0,0,0,0,0
00BBGH0009,E00017839,0,0,0,0,0,0
00BBGG0029,E00017826,0,0,0,0,0,0
00BBGH0014,E00017844,0,0,0,0,0,0
00BBGH0015,E00017845,0,0,0,0,0,0
00BHGM0016,E00022283,0,0,0,0,0,0
00BBGH0018,E00017848,0,0,0,0,0,0
00BBGH0020,E00017850,0,0,0,0,0,0
00BHGG0015,E00022091,0,0,0,0,0,0
00BBGW0002,E00018263,0,0,0,0,0,0
00BBGW0024,E00018285,0,0,0,0,0,0
00BBGW0026,E00018287,0,0,0,0,0,0
00BBGH0011,E00017841,0,0,0,0,0,0
00BBGW0029,E00018290,0,0,0,0,0,0
00BBGQ0034,E00018116,0,0,0,0,0,0
00BBGQ0003,E00018085,0,0,0,0,0,0
00BBGQ0033,E00018115,0,0,0,0,0,0
00BBGQ0028,E00018110,0,0,0,0,0,0
00BBGQ0031,E00018113,0,0,0,0,0,0
00BHGG0016,E00022092,0,0,0,0,0,0
00BBGH0025,E00017855,0,0,0,0,0,0
00BBGQ0030,E00018112,0,0,0,0,0,0
00BHGM0020,E00022287,0,0,0,0,0,0
00BHGM0027,E00022294,0,0,0,0,0,0
00BBGH0026,E00017856,0,0,0,0,0,0
00BBGH0002,E00017832,0,0,0,0,0,0
00BBGH0024,E00017854,0,0,0,0,0,0
00ABGD0018,E00000250,0,0,0,0,0,0
00BBGH0001,E00017831,0,0,0,0,0,0
00BBGH0007,E00017837,0,0,0,0,0,0
00BBGU0043,E00018260,0,0,0,0,0,0
00BBGH0012,E00017842,0,0,0,0,0,0
00BBGH0003,E00017833,0,0,0,0,0,0
00BBGH0006,E00017836,0,0,0,0,0,0
00ABGD0024,E00000256,0,0,0,0,0,0
00BBGP0004,E00018047,0,0,0,0,0,0
00BBGH0004,E00017834,0,0,0,0,0,0
00BBGU0041,E00018258,0,0,0,0,0,0
00AKHG0028,E00007735,0,0,0,0,0,0
00BBGU0004,E00018221,0,0,0,0,0,0
00BBGK0037,E00017934,0,0,0,0,0,0
00BBGK0027,E00017924,0,0,0,0,0,0
00ABGD0016,E00000248,0,0,0,0,0,0
00BBGK0001,E00017898,0,0,0,0,0,0
00BBGK0036,E00017933,0,0,0,0,0,0
00BBGU0037,E00018254,0,0,0,0,0,0
00BBGK0038,E00017935,0,0,0,0,0,0
00BBGK0028,E00017925,0,0,0,0,0,0
00BBGK0034,E00017931,0,0,0,0,0,0
00BHGM0033,E00022300,0,0,0,0,0,0
00BHFY0004,E00021808,0,0,0,0,0,0
00BBGU0038,E00018255,0,0,0,0,0,0
00BHGM0026,E00022293,0,0,0,0,0,0
00BBGK0003,E00017900,0,0,0,0,0,0
00BHGM0010,E00022277,0,0,0,0,0,0
00BHGM0038,E00022305,0,0,0,0,0,0
00BHGM0009,E00022276,0,0,0,0,0,0
00BHGM0004,E00022271,0,0,0,0,0,0
00BHGM0013,E00022280,0,0,0,0,0,0
00BHGM0028,E00022295,0,0,0,0,0,0
00BHGM0037,E00022304,0,0,0,0,0,0
00BHGM0002,E00022269,0,0,0,0,0,0
00BHFY0019,E00021823,0,0,0,0,0,0
00BHFY0024,E00021828,0,0,0,0,0,0
00BHFY0021,E00021825,0,0,0,0,0,0
00BHGM0012,E00022279,0,0,0,0,0,0
00BBGU0036,E00018253,0,0,0,0,0,0
00BHFY0025,E00021829,0,0,0,0,0,0
00BHFY0003,E00021807,0,0,0,0,0,0
00BHFY0020,E00021824,0,0,0,0,0,0
00BHFY0023,E00021827,0,0,0,0,0,0
00BHFY0028,E00021832,0,0,0,0,0,0
00BHFY0031,E00021835,0,0,0,0,0,0
00BHFY0033,E00021837,0,0,0,0,0,0
00BBGU0035,E00018252,0,0,0,0,0,0
00BHFY0027,E00021831,0,0,0,0,0,0
00BHFY0022,E00021826,0,0,0,0,0,0
00BHFY0030,E00021834,0,0,0,0,0,0
00BHFY0002,E00021806,0,0,0,0,0,0
00BBGU0034,E00018251,0,0,0,0,0,0
00BHFX0018,E00021785,0,0,0,0,0,0
00BHFY0026,E00021830,0,0,0,0,0,0
00BHFY0029,E00021833,0,0,0,0,0,0
00BHFY0032,E00021836,0,0,0,0,0,0
00BCGS0025,E00018986,0,0,0,0,0,0
00BCGS0021,E00018982,0,0,0,0,0,0
00BHGD0015,E00021987,0,0,0,0,0,0
00BHGM0006,E00022273,0,0,0,0,0,0
00BHFY0017,E00021821,0,0,0,0,0,0
00BHFY0018,E00021822,0,0,0,0,0,0
00BHGD0011,E00021983,0,0,0,0,0,0
00APGR0037,E00010451,0,0,0,0,0,0
00BHGD0014,E00021986,0,0,0,0,0,0
00BHGD0016,E00021988,0,0,0,0,0,0
00BHGD0009,E00021981,0,0,0,0,0,0
00BHGM0011,E00022278,0,0,0,0,0,0
00BHGD0010,E00021982,0,0,0,0,0,0
00BHGD0013,E00021985,0,0,0,0,0,0
00BHFY0013,E00021817,0,0,0,0,0,0
00BHFY0014,E00021818,0,0,0,0,0,0
00BHFY0001,E00021805,0,0,0,0,0,0
00BHFY0011,E00021815,0,0,0,0,0,0
00BHFY0015,E00021819,0,0,0,0,0,0
00BHFY0016,E00021820,0,0,0,0,0,0
00APGR0002,E00010416,0,0,0,0,0,0
00APGR0028,E00010442,0,0,0,0,0,0
00BHGD0008,E00021980,0,0,0,0,0,0
00BHGD0012,E00021984,0,0,0,0,0,0
00BHFX0019,E00021786,0,0,0,0,0,0
00BHFY0006,E00021810,0,0,0,0,0,0
00BHFY0012,E00021816,0,0,0,0,0,0
00BBGK0030,E00017927,0,0,0,0,0,0
00BHFX0031,E00021798,0,0,0,0,0,0
00BHFX0021,E00021788,0,0,0,0,0,0
00BBGK0021,E00017918,0,0,0,0,0,0
00BHGP0030,E00022370,0,0,0,0,0,0
00BHFX0020,E00021787,0,0,0,0,0,0
00BHFX0002,E00021769,0,0,0,0,0,0
00BHGN0012,E00022318,0,0,0,0,0,0
00BHFX0001,E00021768,0,0,0,0,0,0
00BHFX0010,E00021777,0,0,0,0,0,0
00BHFX0012,E00021779,0,0,0,0,0,0
00BBGK0031,E00017928,0,0,0,0,0,0
00BHFX0016,E00021783,0,0,0,0,0,0
00BHFX0015,E00021782,0,0,0,0,0,0
00BBGK0018,E00017915,0,0,0,0,0,0
00BBGK0017,E00017914,0,0,0,0,0,0
00BBGQ0017,E00018099,0,0,0,0,0,0
00BBGK0024,E00017921,0,0,0,0,0,0
00BHFX0014,E00021781,0,0,0,0,0,0
00BBGK0026,E00017923,0,0,0,0,0,0
00BBGQ0014,E00018096,0,0,0,0,0,0
00BBGK0004,E00017901,0,0,0,0,0,0
00BBGK0002,E00017899,0,0,0,0,0,0
00BBGK0014,E00017911,0,0,0,0,0,0
00BHFX0030,E00021797,0,0,0,0,0,0
00APGR0031,E00010445,0,0,0,0,0,0
00APGR0034,E00010448,0,0,0,0,0,0
00APGR0027,E00010441,0,0,0,0,0,0
00APGR0033,E00010447,0,0,0,0,0,0
00BBGK0016,E00017913,0,0,0,0,0,0
00BHFX0013,E00021780,0,0,0,0,0,0
00ABGD0019,E00000251,0,0,0,0,0,0
00BHFX0011,E00021778,0,0,0,0,0,0
00BHFX0009,E00021776,0,0,0,0,0,0
00BHFY0009,E00021813,0,0,0,0,0,0
00BHFX0003,E00021770,0,0,0,0,0,0
00BHFX0004,E00021771,0,0,0,0,0,0
00BCGR0021,E00018948,0,0,0,0,0,0
00BHFX0034,E00021801,0,0,0,0,0,0
00BHFX0029,E00021796,0,0,0,0,0,0
00BHFX0035,E00021802,0,0,0,0,0,0
00BHFX0036,E00021803,0,0,0,0,0,0
00BHFX0027,E00021794,0,0,0,0,0,0
00BHFX0033,E00021800,0,0,0,0,0,0
00BHFX0028,E00021795,0,0,0,0,0,0
00BHFX0037,E00021804,0,0,0,0,0,0
00BHFX0007,E00021774,0,0,0,0,0,0
00BHFX0006,E00021773,0,0,0,0,0,0
00BHFX0032,E00021799,0,0,0,0,0,0
00BHFX0008,E00021775,0,0,0,0,0,0
00BHFX0005,E00021772,0,0,0,0,0,0
00BHGD0031,E00022003,0,0,0,0,0,0
00APGL0041,E00010253,0,0,0,0,0,0
00BHGD0033,E00022005,0,0,0,0,0,0
00BHGD0037,E00022009,0,0,0,0,0,0
00BHGD0038,E00022010,0,0,0,0,0,0
00BHGD0025,E00021997,0,0,0,0,0,0
00BHGD0028,E00022000,0,0,0,0,0,0
00BHGD0034,E00022006,0,0,0,0,0,0
00BHGD0005,E00021977,0,0,0,0,0,0
00BHGD0039,E00022011,0,0,0,0,0,0
00BHGD0002,E00021974,0,0,0,0,0,0
00BHGD0020,E00021992,0,0,0,0,0,0
00APGR0012,E00010426,0,0,0,0,0,0
00BHGD0029,E00022001,0,0,0,0,0,0
00BHGD0017,E00021989,0,0,0,0,0,0
00BHGD0023,E00021995,0,0,0,0,0,0
00BHGD0004,E00021976,0,0,0,0,0,0
00BHGD0027,E00021999,0,0,0,0,0,0
00BHGD0024,E00021996,0,0,0,0,0,0
00BCGR0027,E00018954,0,0,0,0,0,0
00BHGD0021,E00021993,0,0,0,0,0,0
00BHGN0006,E00022312,0,0,0,0,0,0
00BHFY0010,E00021814,0,0,0,0,0,0
00APGS0010,E00010465,0,0,0,0,0,0
00BHGD0003,E00021975,0,0,0,0,0,0
00BHGD0035,E00022007,0,0,0,0,0,0
00BHGD0036,E00022008,0,0,0,0,0,0
00BHGD0001,E00021973,0,0,0,0,0,0
00BHGC0022,E00021962,0,0,0,0,0,0
00BHGD0007,E00021979,0,0,0,0,0,0
00BHGD0026,E00021998,0,0,0,0,0,0
00BHGD0030,E00022002,0,0,0,0,0,0
00BHGD0006,E00021978,0,0,0,0,0,0
00BHGC0021,E00021961,0,0,0,0,0,0
00BHFY0008,E00021812,0,0,0,0,0,0
00BHFX0024,E00021791,0,0,0,0,0,0
00BHGD0022,E00021994,0,0,0,0,0,0
00BHGC0023,E00021963,0,0,0,0,0,0
00BHGD0019,E00021991,0,0,0,0,0,0
00BHGD0018,E00021990,0,0,0,0,0,0
00BHGM0017,E00022284,0,0,0,0,0,0
00AKGX0018,E00007352,0,0,0,0,0,0
00BHGN0017,E00022323,0,0,0,0,0,0
00BHGN0019,E00022325,0,0,0,0,0,0
00BHGN0021,E00022327,0,0,0,0,0,0
00BHGN0007,E00022313,0,0,0,0,0,0
00BHGN0008,E00022314,0,0,0,0,0,0
00BHGN0010,E00022316,0,0,0,0,0,0
00BHGN0015,E00022321,0,0,0,0,0,0
00BHGN0013,E00022319,0,0,0,0,0,0
00BHGN0002,E00022308,0,0,0,0,0,0
00BHGN0034,E00022340,0,0,0,0,0,0
00BHGN0014,E00022320,0,0,0,0,0,0
00BHGN0005,E00022311,0,0,0,0,0,0
00BBGP0029,E00018072,0,0,0,0,0,0
00BHFY0007,E00021811,0,0,0,0,0,0
00BHFX0025,E00021792,0,0,0,0,0,0
00BHFY0034,E00021838,0,0,0,0,0,0
00BHFX0022,E00021789,0,0,0,0,0,0
00BHFX0023,E00021790,0,0,0,0,0,0
00BHGN0022,E00022328,0,0,0,0,0,0
00BHGN0023,E00022329,0,0,0,0,0,0
00BHGN0004,E00022310,0,0,0,0,0,0
00BHFY0005,E00021809,0,0,0,0,0,0
00BHGN0024,E00022330,0,0,0,0,0,0
00BHGN0001,E00022307,0,0,0,0,0,0
00BCGU0016,E00019055,0,0,0,0,0,0
00BHGN0011,E00022317,0,0,0,0,0,0
00BHGN0003,E00022309,0,0,0,0,0,0
00BHGN0018,E00022324,0,0,0,0,0,0
00AKGT0013,E00007220,0,0,0,0,0,0
00BHGN0009,E00022315,0,0,0,0,0,0
00BHGN0020,E00022326,0,0,0,0,0,0
00BHGN0033,E00022339,0,0,0,0,0,0
00BBGL0042,E00017980,0,0,0,0,0,0
00BCGU0005,E00019044,0,0,0,0,0,0
00BHGN0016,E00022322,0,0,0,0,0,0
00BBGQ0019,E00018101,0,0,0,0,0,0
00APGR0017,E00010431,0,0,0,0,0,0
00BBGK0033,E00017930,0,0,0,0,0,0
00BBGK0029,E00017926,0,0,0,0,0,0
00BBGL0008,E00017946,0,0,0,0,0,0
00BBGQ0024,E00018106,0,0,0,0,0,0
00BBGQ0020,E00018102,0,0,0,0,0,0
00BBGQ0022,E00018104,0,0,0,0,0,0
00BBGQ0021,E00018103,0,0,0,0,0,0
00BBGP0038,E00018081,0,0,0,0,0,0
00BBGK0032,E00017929,0,0,0,0,0,0
00BBGP0023,E00018066,0,0,0,0,0,0
00BBGP0026,E00018069,0,0,0,0,0,0
00BBGL0041,E00017979,0,0,0,0,0,0
00BBGQ0016,E00018098,0,0,0,0,0,0
00BBGQ0023,E00018105,0,0,0,0,0,0
00BBGP0032,E00018075,0,0,0,0,0,0
00BCGU0006,E00019045,0,0,0,0,0,0
00BBGP0034,E00018077,0,0,0,0,0,0
00BBGP0036,E00018079,0,0,0,0,0,0
00BBGQ0018,E00018100,0,0,0,0,0,0
00BBGK0013,E00017910,0,0,0,0,0,0
00BBGK0023,E00017920,0,0,0,0,0,0
00BBGK0006,E00017903,0,0,0,0,0,0
00BBGK0007,E00017904,0,0,0,0,0,0
00BBGK0008,E00017905,0,0,0,0,0,0
00BCGU0017,E00019056,0,0,0,0,0,0
00BBGK0022,E00017919,0,0,0,0,0,0
00BCGU0013,E00019052,0,0,0,0,0,0
00BCGU0007,E00019046,0,0,0,0,0,0
00BBGQ0007,E00018089,0,0,0,0,0,0
00BBGK0025,E00017922,0,0,0,0,0,0
00BBGK0010,E00017907,0,0,0,0,0,0
00BBGK0020,E00017917,0,0,0,0,0,0
00BBGK0015,E00017912,0,0,0,0,0,0
00BBGK0012,E00017909,0,0,0,0,0,0
00BBGK0011,E00017908,0,0,0,0,0,0
00BCGU0018,E00019057,0,0,0,0,0,0
00BBGQ0012,E00018094,0,0,0,0,0,0
00BBGK0019,E00017916,0,0,0,0,0,0
00BBGK0009,E00017906,0,0,0,0,0,0
00BCGU0022,E00019061,0,0,0,0,0,0
00BBGQ0002,E00018084,0,0,0,0,0,0
00BBGQ0015,E00018097,0,0,0,0,0,0
00BCGU0020,E00019059,0,0,0,0,0,0
00BBGQ0010,E00018092,0,0,0,0,0,0
00BBGP0020,E00018063,0,0,0,0,0,0
00BBGQ0011,E00018093,0,0,0,0,0,0
00BBGP0021,E00018064,0,0,0,0,0,0
00AMGP0034,E00009042,0,0,0,0,0,0
00BBGP0018,E00018061,0,0,0,0,0,0
00BBGP0019,E00018062,0,0,0,0,0,0
00BBGP0028,E00018071,0,0,0,0,0,0
00BHGN0025,E00022331,0,0,0,0,0,0
00BBGP0015,E00018058,0,0,0,0,0,0
00BBGQ0006,E00018088,0,0,0,0,0,0
00BBGQ0001,E00018083,0,0,0,0,0,0
00BCGU0019,E00019058,0,0,0,0,0,0
00BCGU0012,E00019051,0,0,0,0,0,0
00BCGU0009,E00019048,0,0,0,0,0,0
00BCGU0021,E00019060,0,0,0,0,0,0
00BCGU0014,E00019053,0,0,0,0,0,0
00BCGU0011,E00019050,0,0,0,0,0,0
00BCGU0015,E00019054,0,0,0,0,0,0
00BCGU0010,E00019049,0,0,0,0,0,0
00BCGU0008,E00019047,0,0,0,0,0,0
00BCGF0019,E00018591,0,0,0,0,0,0
00BCGF0018,E00018590,0,0,0,0,0,0
00BCGT0012,E00019015,0,0,0,0,0,0
00BCGF0015,E00018587,0,0,0,0,0,0
00BCGF0013,E00018585,0,0,0,0,0,0
00BCGF0014,E00018586,0,0,0,0,0,0
00BCGF0001,E00018573,0,0,0,0,0,0
00BCGF0007,E00018579,0,0,0,0,0,0
00BCGF0008,E00018580,0,0,0,0,0,0
00BCGF0012,E00018584,0,0,0,0,0,0
00BCGF0017,E00018589,0,0,0,0,0,0
00APGN0031,E00010323,0,0,0,0,0,0
00AMGP0023,E00009031,0,0,0,0,0,0
00AMGP0033,E00009041,0,0,0,0,0,0
00AMGP0035,E00009043,0,0,0,0,0,0
00AMGP0005,E00009013,0,0,0,0,0,0
00AMGP0015,E00009023,0,0,0,0,0,0
00AMGR0005,E00009085,0,0,0,0,0,0
00AMGR0013,E00009093,0,0,0,0,0,0
00AMGP0028,E00009036,0,0,0,0,0,0
00AMGR0012,E00009092,0,0,0,0,0,0
00AKHG0016,E00007723,0,0,0,0,0,0
00AMGR0010,E00009090,0,0,0,0,0,0
00AMGR0011,E00009091,0,0,0,0,0,0
00AMGR0009,E00009089,0,0,0,0,0,0
00APGN0022,E00010314,0,0,0,0,0,0
00AMGP0029,E00009037,0,0,0,0,0,0
00APGN0016,E00010308,0,0,0,0,0,0
00APGM0011,E00010264,0,0,0,0,0,0
00APGM0003,E00010256,0,0,0,0,0,0
00APGN0024,E00010316,0,0,0,0,0,0
00APGQ0019,E00010391,0,0,0,0,0,0
00APGM0023,E00010276,0,0,0,0,0,0
00AKGU0024,E00007271,0,0,0,0,0,0
00APGQ0008,E00010380,0,0,0,0,0,0
00APGS0023,E00010478,0,0,0,0,0,0
00APGN0013,E00010305,0,0,0,0,0,0
00APGC0020,E00009925,0,0,0,0,0,0
00APGC0005,E00009910,0,0,0,0,0,0
00APGC0013,E00009918,0,0,0,0,0,0
00APGQ0041,E00010413,0,0,0,0,0,0
00APGS0014,E00010469,0,0,0,0,0,0
00APGS0020,E00010475,0,0,0,0,0,0
00APGN0006,E00010298,0,0,0,0,0,0
00APGN0021,E00010313,0,0,0,0,0,0
00APGN0033,E00010325,0,0,0,0,0,0
00APGM0021,E00010274,0,0,0,0,0,0
00APGN0029,E00010321,0,0,0,0,0,0
00APGN0017,E00010309,0,0,0,0,0,0
00APGN0032,E00010324,0,0,0,0,0,0
00AMGP0027,E00009035,0,0,0,0,0,0
00APGN0041,E00010333,0,0,0,0,0,0
00AMGP0031,E00009039,0,0,0,0,0,0
00APGN0001,E00010293,0,0,0,0,0,0
00APGN0011,E00010303,0,0,0,0,0,0
00APGN0015,E00010307,0,0,0,0,0,0
00APGN0025,E00010317,0,0,0,0,0,0
00APGN0012,E00010304,0,0,0,0,0,0
00APGN0040,E00010332,0,0,0,0,0,0
00AMGP0026,E00009034,0,0,0,0,0,0
00APGQ0018,E00010390,0,0,0,0,0,0
00APGN0028,E00010320,0,0,0,0,0,0
00APGN0009,E00010301,0,0,0,0,0,0
00APGQ0024,E00010396,0,0,0,0,0,0
00APGN0008,E00010300,0,0,0,0,0,0
00APGN0004,E00010296,0,0,0,0,0,0
00APGM0022,E00010275,0,0,0,0,0,0
00APGM0004,E00010257,0,0,0,0,0,0
00APGN0038,E00010330,0,0,0,0,0,0
00APGN0039,E00010331,0,0,0,0,0,0
00APGQ0025,E00010397,0,0,0,0,0,0
00APGQ0013,E00010385,0,0,0,0,0,0
00APGQ0021,E00010393,0,0,0,0,0,0
00APGQ0022,E00010394,0,0,0,0,0,0
00APGQ0031,E00010403,0,0,0,0,0,0
00APGQ0015,E00010387,0,0,0,0,0,0
00APGQ0028,E00010400,0,0,0,0,0,0
00APGQ0020,E00010392,0,0,0,0,0,0
00APGQ0007,E00010379,0,0,0,0,0,0
00APGN0007,E00010299,0,0,0,0,0,0
00AMGR0008,E00009088,0,0,0,0,0,0
00AMGR0006,E00009086,0,0,0,0,0,0
00BCGS0015,E00018976,0,0,0,0,0,0
00BCGS0019,E00018980,0,0,0,0,0,0
00APGQ0012,E00010384,0,0,0,0,0,0
00APGQ0005,E00010377,0,0,0,0,0,0
00APGN0037,E00010329,0,0,0,0,0,0
00APGR0006,E00010420,0,0,0,0,0,0
00APGR0007,E00010421,0,0,0,0,0,0
00APGQ0016,E00010388,0,0,0,0,0,0
00APGR0018,E00010432,0,0,0,0,0,0
00APGR0005,E00010419,0,0,0,0,0,0
00APGQ0003,E00010375,0,0,0,0,0,0
00APGQ0039,E00010411,0,0,0,0,0,0
00APGC0018,E00009923,0,0,0,0,0,0
00APGR0021,E00010435,0,0,0,0,0,0
00APGQ0034,E00010406,0,0,0,0,0,0
00APGQ0037,E00010409,0,0,0,0,0,0
00APGC0014,E00009919,0,0,0,0,0,0
00APGC0001,E00009906,0,0,0,0,0,0
00APGR0024,E00010438,0,0,0,0,0,0
00APGC0021,E00009926,0,0,0,0,0,0
00BCGC0019,E00018495,0,0,0,0,0,0
00BCGC0022,E00018498,0,0,0,0,0,0
00APGC0009,E00009914,0,0,0,0,0,0
00APGC0008,E00009913,0,0,0,0,0,0
00APGC0011,E00009916,0,0,0,0,0,0
00APGC0015,E00009920,0,0,0,0,0,0
00APGQ0035,E00010407,0,0,0,0,0,0
00APGC0016,E00009921,0,0,0,0,0,0
00APGC0012,E00009917,0,0,0,0,0,0
00APGQ0038,E00010410,0,0,0,0,0,0
00APGS0013,E00010468,0,0,0,0,0,0
00APGS0017,E00010472,0,0,0,0,0,0
00APGS0018,E00010473,0,0,0,0,0,0
00APGQ0011,E00010383,0,0,0,0,0,0
00AKHG0023,E00007730,0,0,0,0,0,0
00APGQ0036,E00010408,0,0,0,0,0,0
00APGQ0014,E00010386,0,0,0,0,0,0
00APGC0019,E00009924,0,0,0,0,0,0
00APGQ0006,E00010378,0,0,0,0,0,0
00APGC0017,E00009922,0,0,0,0,0,0
00APGR0041,E00010455,0,0,0,0,0,0
00APGS0022,E00010477,0,0,0,0,0,0
00APGQ0001,E00010373,0,0,0,0,0,0
00APGQ0033,E00010405,0,0,0,0,0,0
00APGR0040,E00010454,0,0,0,0,0,0
00APGR0039,E00010453,0,0,0,0,0,0
00APGQ0009,E00010381,0,0,0,0,0,0
00APGC0030,E00009935,0,0,0,0,0,0
00APGC0010,E00009915,0,0,0,0,0,0
00APGC0033,E00009938,0,0,0,0,0,0
00APGC0036,E00009941,0,0,0,0,0,0
00APGC0037,E00009942,0,0,0,0,0,0
00APGS0015,E00010470,0,0,0,0,0,0
00AKGU0023,E00007270,0,0,0,0,0,0
00APGT0006,E00010499,0,0,0,0,0,0
00APGR0038,E00010452,0,0,0,0,0,0
00APGT0010,E00010503,0,0,0,0,0,0
00APGT0009,E00010502,0,0,0,0,0,0
00APGT0013,E00010506,0,0,0,0,0,0
00APGL0015,E00010227,0,0,0,0,0,0
00APGC0007,E00009912,0,0,0,0,0,0
00APGC0038,E00009943,0,0,0,0,0,0
00APGC0035,E00009940,0,0,0,0,0,0
00APGC0004,E00009909,0,0,0,0,0,0
00APGC0031,E00009936,0,0,0,0,0,0
00APGR0035,E00010449,0,0,0,0,0,0
00APGR0032,E00010446,0,0,0,0,0,0
00APGC0032,E00009937,0,0,0,0,0,0
00APGC0039,E00009944,0,0,0,0,0,0
00APGR0030,E00010444,0,0,0,0,0,0
00APGL0029,E00010241,0,0,0,0,0,0
00APGQ0004,E00010376,0,0,0,0,0,0
00APGR0003,E00010417,0,0,0,0,0,0
00APGQ0032,E00010404,0,0,0,0,0,0
00APGQ0040,E00010412,0,0,0,0,0,0
00APGQ0042,E00010414,0,0,0,0,0,0
00APGR0001,E00010415,0,0,0,0,0,0
00APGR0020,E00010434,0,0,0,0,0,0
00APGR0004,E00010418,0,0,0,0,0,0
00APGR0029,E00010443,0,0,0,0,0,0
00BHGG0022,E00022098,0,0,0,0,0,0
00BHGL0012,E00022239,0,0,0,0,0,0
00BHGL0002,E00022229,0,0,0,0,0,0
00BHGL0009,E00022236,0,0,0,0,0,0
00BHGL0039,E00022266,0,0,0,0,0,0
00BHGL0036,E00022263,0,0,0,0,0,0
00BHGP0027,E00022367,0,0,0,0,0,0
00BHGP0009,E00022349,0,0,0,0,0,0
00BHGP0035,E00022375,0,0,0,0,0,0
00BHGP0004,E00022344,0,0,0,0,0,0
00BHGP0031,E00022371,0,0,0,0,0,0
00BHGL0038,E00022265,0,0,0,0,0,0
00BHGP0033,E00022373,0,0,0,0,0,0
00BHGP0002,E00022342,0,0,0,0,0,0
00BHGP0003,E00022343,0,0,0,0,0,0
00BHGL0037,E00022264,0,0,0,0,0,0
00BHGL0031,E00022258,0,0,0,0,0,0
00BHGL0035,E00022262,0,0,0,0,0,0
00BHGG0001,E00022077,0,0,0,0,0,0
00BHGG0039,E00022115,0,0,0,0,0,0
00BHGG0021,E00022097,0,0,0,0,0,0
00BHGP0001,E00022341,0,0,0,0,0,0
00BHGP0007,E00022347,0,0,0,0,0,0
00BHGG0020,E00022096,0,0,0,0,0,0
00APGR0019,E00010433,0,0,0,0,0,0
00BHGP0025,E00022365,0,0,0,0,0,0
00BHGP0021,E00022361,0,0,0,0,0,0
00BHGG0014,E00022090,0,0,0,0,0,0
00BHGP0023,E00022363,0,0,0,0,0,0
00BHGP0022,E00022362,0,0,0,0,0,0
00BHGG0009,E00022085,0,0,0,0,0,0
00BHGG0005,E00022081,0,0,0,0,0,0
00BHGG0018,E00022094,0,0,0,0,0,0
00BHGG0013,E00022089,0,0,0,0,0,0
00BHGG0017,E00022093,0,0,0,0,0,0
00BHGG0019,E00022095,0,0,0,0,0,0
00BHGP0015,E00022355,0,0,0,0,0,0
00BHGG0004,E00022080,0,0,0,0,0,0
00BHGP0006,E00022346,0,0,0,0,0,0
00BHGP0034,E00022374,0,0,0,0,0,0
00BHGG0007,E00022083,0,0,0,0,0,0
00BHGG0008,E00022084,0,0,0,0,0,0
00BHGG0006,E00022082,0,0,0,0,0,0
00BHGP0028,E00022368,0,0,0,0,0,0
00BHGP0032,E00022372,0,0,0,0,0,0
00BHGP0005,E00022345,0,0,0,0,0,0
00BHGP0019,E00022359,0,0,0,0,0,0
00APGL0019,E00010231,0,0,0,0,0,0
00APGR0014,E00010428,0,0,0,0,0,0
00BHGP0026,E00022366,0,0,0,0,0,0
00BHGP0024,E00022364,0,0,0,0,0,0
00BHGH0034,E00022150,0,0,0,0,0,0
00BHGG0011,E00022087,0,0,0,0,0,0
00BHGJ0017,E00022169,0,0,0,0,0,0
00BHGP0020,E00022360,0,0,0,0,0,0
00BHGJ0018,E00022170,0,0,0,0,0,0
00BHGP0029,E00022369,0,0,0,0,0,0
00BHGL0032,E00022259,0,0,0,0,0,0
00BHGP0008,E00022348,0,0,0,0,0,0
00BHGJ0019,E00022171,0,0,0,0,0,0
00BHGL0033,E00022260,0,0,0,0,0,0
00BHGJ0015,E00022167,0,0,0,0,0,0
00BHGG0040,E00022116,0,0,0,0,0,0
00BHGP0016,E00022356,0,0,0,0,0,0
00BHGP0010,E00022350,0,0,0,0,0,0
00BHGP0013,E00022353,0,0,0,0,0,0
00BHGG0012,E00022088,0,0,0,0,0,0
00BHGP0011,E00022351,0,0,0,0,0,0
00BHGP0018,E00022358,0,0,0,0,0,0
00APGC0002,E00009907,0,0,0,0,0,0
00BHGP0012,E00022352,0,0,0,0,0,0
00BHGP0014,E00022354,0,0,0,0,0,0
00BHGG0036,E00022112,0,0,0,0,0,0
00BHGJ0002,E00022154,0,0,0,0,0,0
00BHGJ0003,E00022155,0,0,0,0,0,0
00BHGJ0014,E00022166,0,0,0,0,0,0
00BHGP0017,E00022357,0,0,0,0,0,0
00BHGJ0001,E00022153,0,0,0,0,0,0
00BHGJ0009,E00022161,0,0,0,0,0,0
00BHGG0033,E00022109,0,0,0,0,0,0
00BHGJ0010,E00022162,0,0,0,0,0,0
00BHGJ0040,E00022192,0,0,0,0,0,0
00BHGJ0033,E00022185,0,0,0,0,0,0
00BHGG0002,E00022078,0,0,0,0,0,0
00BHGR0003,E00022412,0,0,0,0,0,0
00BHGR0004,E00022413,0,0,0,0,0,0
00BHGR0034,E00022443,0,0,0,0,0,0
00BHGJ0037,E00022189,0,0,0,0,0,0
00BHGR0029,E00022438,0,0,0,0,0,0
00BHGG0028,E00022104,0,0,0,0,0,0
00BHGR0035,E00022444,0,0,0,0,0,0
00BHGH0010,E00022126,0,0,0,0,0,0
00BHGR0036,E00022445,0,0,0,0,0,0
00BHGR0037,E00022446,0,0,0,0,0,0
00BHGH0001,E00022117,0,0,0,0,0,0
00BHGR0030,E00022439,0,0,0,0,0,0
00AKHG0009,E00007716,0,0,0,0,0,0
00BHGG0003,E00022079,0,0,0,0,0,0
00BHGG0032,E00022108,0,0,0,0,0,0
00BHGG0029,E00022105,0,0,0,0,0,0
00BHGR0026,E00022435,0,0,0,0,0,0
00BHGG0025,E00022101,0,0,0,0,0,0
00BHGG0026,E00022102,0,0,0,0,0,0
00BHGR0031,E00022440,0,0,0,0,0,0
00BHGR0001,E00022410,0,0,0,0,0,0
00BHGR0025,E00022434,0,0,0,0,0,0
00BHGR0032,E00022441,0,0,0,0,0,0
00APGC0026,E00009931,0,0,0,0,0,0
00BHGG0024,E00022100,0,0,0,0,0,0
00BHGG0027,E00022103,0,0,0,0,0,0
00BHGQ0017,E00022392,0,0,0,0,0,0
00BHGQ0008,E00022383,0,0,0,0,0,0
00BHGR0002,E00022411,0,0,0,0,0,0
00BHGR0033,E00022442,0,0,0,0,0,0
00BHGG0023,E00022099,0,0,0,0,0,0
00BHGR0022,E00022431,0,0,0,0,0,0
00BHGH0028,E00022144,0,0,0,0,0,0
00BHGH0007,E00022123,0,0,0,0,0,0
00BHGH0032,E00022148,0,0,0,0,0,0
00BHGH0035,E00022151,0,0,0,0,0,0
00BHGR0017,E00022426,0,0,0,0,0,0
00BHGH0033,E00022149,0,0,0,0,0,0
00BHGH0009,E00022125,0,0,0,0,0,0
00BHGH0036,E00022152,0,0,0,0,0,0
00BHGH0030,E00022146,0,0,0,0,0,0
00BHGH0031,E00022147,0,0,0,0,0,0
00BHGN0030,E00022336,0,0,0,0,0,0
00BHGR0023,E00022432,0,0,0,0,0,0
00BHGG0031,E00022107,0,0,0,0,0,0
00BHGR0024,E00022433,0,0,0,0,0,0
00BHGG0034,E00022110,0,0,0,0,0,0
00BHGG0030,E00022106,0,0,0,0,0,0
00BHGJ0029,E00022181,0,0,0,0,0,0
00BHGR0028,E00022437,0,0,0,0,0,0
00BHGR0027,E00022436,0,0,0,0,0,0
00BHGJ0006,E00022158,0,0,0,0,0,0
00BHGJ0025,E00022177,0,0,0,0,0,0
00BHGJ0020,E00022172,0,0,0,0,0,0
00BHGJ0021,E00022173,0,0,0,0,0,0
00BHGJ0024,E00022176,0,0,0,0,0,0
00BHGJ0031,E00022183,0,0,0,0,0,0
00BHGJ0034,E00022186,0,0,0,0,0,0
00BHGR0021,E00022430,0,0,0,0,0,0
00BHGJ0032,E00022184,0,0,0,0,0,0
00APGR0025,E00010439,0,0,0,0,0,0
00BHGJ0035,E00022187,0,0,0,0,0,0
00BHGJ0023,E00022175,0,0,0,0,0,0
00BHGR0018,E00022427,0,0,0,0,0,0
00BHGR0012,E00022421,0,0,0,0,0,0
00BHGR0008,E00022417,0,0,0,0,0,0
00APGL0032,E00010244,0,0,0,0,0,0
00BHGR0009,E00022418,0,0,0,0,0,0
00APGC0024,E00009929,0,0,0,0,0,0
00BHGR0011,E00022420,0,0,0,0,0,0
00BHGR0013,E00022422,0,0,0,0,0,0
00BHGR0020,E00022429,0,0,0,0,0,0
00BHGR0006,E00022415,0,0,0,0,0,0
00BHGR0016,E00022425,0,0,0,0,0,0
00BHGR0019,E00022428,0,0,0,0,0,0
00BHGR0014,E00022423,0,0,0,0,0,0
00BHFZ0009,E00021847,0,0,0,0,0,0
00BHFZ0012,E00021850,0,0,0,0,0,0
00APGT0029,E00010522,0,0,0,0,0,0
00BHGR0015,E00022424,0,0,0,0,0,0
00BHFZ0001,E00021839,0,0,0,0,0,0
00BHGR0010,E00022419,0,0,0,0,0,0
00APGS0003,E00010458,0,0,0,0,0,0
00APGC0028,E00009933,0,0,0,0,0,0
00APGS0012,E00010467,0,0,0,0,0,0
00APGC0034,E00009939,0,0,0,0,0,0
00APGC0027,E00009932,0,0,0,0,0,0
00APGC0029,E00009934,0,0,0,0,0,0
00APGR0022,E00010436,0,0,0,0,0,0
00APGR0036,E00010450,0,0,0,0,0,0
00APGR0026,E00010440,0,0,0,0,0,0
00APGR0023,E00010437,0,0,0,0,0,0
00APGR0008,E00010422,0,0,0,0,0,0
00APGT0015,E00010508,0,0,0,0,0,0
00APGR0011,E00010425,0,0,0,0,0,0
00APGT0001,E00010494,0,0,0,0,0,0
00APGL0014,E00010226,0,0,0,0,0,0
00APGT0036,E00010529,0,0,0,0,0,0
00APGT0021,E00010514,0,0,0,0,0,0
00APGT0030,E00010523,0,0,0,0,0,0
00APGT0032,E00010525,0,0,0,0,0,0
00APGT0007,E00010500,0,0,0,0,0,0
00APGT0024,E00010517,0,0,0,0,0,0
00AKHG0010,E00007717,0,0,0,0,0,0
00APGT0016,E00010509,0,0,0,0,0,0
00APGT0003,E00010496,0,0,0,0,0,0
00APGL0006,E00010218,0,0,0,0,0,0
00AKHG0008,E00007715,0,0,0,0,0,0
00AKHG0014,E00007721,0,0,0,0,0,0
00APGL0024,E00010236,0,0,0,0,0,0
00APGL0018,E00010230,0,0,0,0,0,0
00APGL0023,E00010235,0,0,0,0,0,0
00APGR0010,E00010424,0,0,0,0,0,0
00APGT0002,E00010495,0,0,0,0,0,0
00APGT0020,E00010513,0,0,0,0,0,0
00APGT0008,E00010501,0,0,0,0,0,0
00APGT0025,E00010518,0,0,0,0,0,0
00APGT0035,E00010528,0,0,0,0,0,0
00APGL0010,E00010222,0,0,0,0,0,0
00APGL0013,E00010225,0,0,0,0,0,0
00APGL0020,E00010232,0,0,0,0,0,0
00APGL0039,E00010251,0,0,0,0,0,0
00APGL0040,E00010252,0,0,0,0,0,0
00APGL0003,E00010215,0,0,0,0,0,0
00APGL0034,E00010246,0,0,0,0,0,0
00APGL0035,E00010247,0,0,0,0,0,0
00APGL0001,E00010213,0,0,0,0,0,0
00APGL0025,E00010237,0,0,0,0,0,0
00APGR0009,E00010423,0,0,0,0,0,0
00APGL0027,E00010239,0,0,0,0,0,0
00APGL0026,E00010238,0,0,0,0,0,0
00APGR0013,E00010427,0,0,0,0,0,0
00APGR0015,E00010429,0,0,0,0,0,0
00APGL0030,E00010242,0,0,0,0,0,0
00APGR0016,E00010430,0,0,0,0,0,0
00APGL0022,E00010234,0,0,0,0,0,0
00APGL0028,E00010240,0,0,0,0,0,0
00APGL0031,E00010243,0,0,0,0,0,0
00APGL0033,E00010245,0,0,0,0,0,0
00APGL0007,E00010219,0,0,0,0,0,0
00APGL0009,E00010221,0,0,0,0,0,0
00APGL0038,E00010250,0,0,0,0,0,0
00APGL0021,E00010233,0,0,0,0,0,0
00APGL0005,E00010217,0,0,0,0,0,0
00APGL0036,E00010248,0,0,0,0,0,0
00APGL0012,E00010224,0,0,0,0,0,0
00APGL0016,E00010228,0,0,0,0,0,0
00APGL0004,E00010216,0,0,0,0,0,0
00APGL0037,E00010249,0,0,0,0,0,0
00APGL0008,E00010220,0,0,0,0,0,0
00APGL0011,E00010223,0,0,0,0,0,0
00APGL0017,E00010229,0,0,0,0,0,0
00AKHG0041,E00007748,0,0,0,0,0,0
00AKHG0007,E00007714,0,0,0,0,0,0
00AKHG0043,E00007750,0,0,0,0,0,0
00AKHG0030,E00007737,0,0,0,0,0,0
00AKHG0033,E00007740,0,0,0,0,0,0
00AKHG0037,E00007744,0,0,0,0,0,0
00AKHG0031,E00007738,0,0,0,0,0,0
00AKHG0040,E00007747,0,0,0,0,0,0
00AKHG0019,E00007726,0,0,0,0,0,0
00AKHG0017,E00007724,0,0,0,0,0,0
00AKHG0020,E00007727,0,0,0,0,0,0
00AKHG0002,E00007709,0,0,0,0,0,0
00AKGU0025,E00007272,0,0,0,0,0,0
00BCGU0037,E00019076,0,0,0,0,0,0
00BHGC0009,E00021949,0,0,0,0,0,0
00AKGU0026,E00007273,0,0,0,0,0,0
00AKGU0030,E00007277,0,0,0,0,0,0
00AKGU0031,E00007278,0,0,0,0,0,0
00AKGU0032,E00007279,0,0,0,0,0,0
00AKGU0029,E00007276,0,0,0,0,0,0
00AKGU0027,E00007274,0,0,0,0,0,0
00BCGS0034,E00018995,0,0,0,0,0,0
00BHGC0014,E00021954,0,0,0,0,0,0
00BHGC0015,E00021955,0,0,0,0,0,0
00BCGS0038,E00018999,0,0,0,0,0,0
00BHGC0029,E00021969,0,0,0,0,0,0
00BHGC0004,E00021944,0,0,0,0,0,0
00AKGU0028,E00007275,0,0,0,0,0,0
00AKGU0033,E00007280,0,0,0,0,0,0
00AKGQ0048,E00007121,0,0,0,0,0,0
00AKHG0021,E00007728,0,0,0,0,0,0
00AKHG0011,E00007718,0,0,0,0,0,0
00AKHG0029,E00007736,0,0,0,0,0,0
00BHFZ0019,E00021857,0,0,0,0,0,0
00AKHG0042,E00007749,0,0,0,0,0,0
00AKHG0003,E00007710,0,0,0,0,0,0
00BHGS0024,E00022470,0,0,0,0,0,0
00AKHG0012,E00007719,0,0,0,0,0,0
00AKHG0027,E00007734,0,0,0,0,0,0
00AKHG0035,E00007742,0,0,0,0,0,0
00AKHG0039,E00007746,0,0,0,0,0,0
00AKHG0044,E00007751,0,0,0,0,0,0
00BCGS0010,E00018971,0,0,0,0,0,0
00AKHG0018,E00007725,0,0,0,0,0,0
00AKHG0022,E00007729,0,0,0,0,0,0
00AKHG0006,E00007713,0,0,0,0,0,0
00AKGQ0007,E00007080,0,0,0,0,0,0
00AKHG0024,E00007731,0,0,0,0,0,0
00BCGS0030,E00018991,0,0,0,0,0,0
00AKGQ0013,E00007086,0,0,0,0,0,0
00AKGQ0004,E00007077,0,0,0,0,0,0
00AKGQ0008,E00007081,0,0,0,0,0,0
00AKGQ0010,E00007083,0,0,0,0,0,0
00AKGQ0017,E00007090,0,0,0,0,0,0
00AKGQ0015,E00007088,0,0,0,0,0,0
00AKGQ0005,E00007078,0,0,0,0,0,0
00AKGQ0006,E00007079,0,0,0,0,0,0
00AKGQ0001,E00007074,0,0,0,0,0,0
00AKGQ0049,E00007122,0,0,0,0,0,0
00BCGS0024,E00018985,0,0,0,0,0,0
00AKGQ0011,E00007084,0,0,0,0,0,0
00AKGQ0009,E00007082,0,0,0,0,0,0
00AKGQ0014,E00007087,0,0,0,0,0,0
00AKGQ0045,E00007118,0,0,0,0,0,0
00BHGH0005,E00022121,0,0,0,0,0,0
00BHGH0006,E00022122,0,0,0,0,0,0
00BHGH0008,E00022124,0,0,0,0,0,0
00BHGH0029,E00022145,0,0,0,0,0,0
00BHFZ0027,E00021865,0,0,0,0,0,0
00BHGH0016,E00022132,0,0,0,0,0,0
00BHGR0005,E00022414,0,0,0,0,0,0
00BHGR0007,E00022416,0,0,0,0,0,0
00BHGH0023,E00022139,0,0,0,0,0,0
00BHFZ0032,E00021870,0,0,0,0,0,0
00BHFZ0031,E00021869,0,0,0,0,0,0
00BHGH0024,E00022140,0,0,0,0,0,0
00BHGH0021,E00022137,0,0,0,0,0,0
00BHGH0026,E00022142,0,0,0,0,0,0
00BHGH0025,E00022141,0,0,0,0,0,0
00BHGH0004,E00022120,0,0,0,0,0,0
00BHGH0022,E00022138,0,0,0,0,0,0
00BHGH0027,E00022143,0,0,0,0,0,0
00BHFZ0010,E00021848,0,0,0,0,0,0
00BHFZ0028,E00021866,0,0,0,0,0,0
00APGL0002,E00010214,0,0,0,0,0,0
00BHGH0003,E00022119,0,0,0,0,0,0
00BHGS0027,E00022473,0,0,0,0,0,0
00AKHG0038,E00007745,0,0,0,0,0,0
00BHGS0023,E00022469,0,0,0,0,0,0
00BHGH0018,E00022134,0,0,0,0,0,0
00BHGH0012,E00022128,0,0,0,0,0,0
00BHGH0019,E00022135,0,0,0,0,0,0
00BHGH0017,E00022133,0,0,0,0,0,0
00BHGH0011,E00022127,0,0,0,0,0,0
00BHGH0014,E00022130,0,0,0,0,0,0
00BHGH0015,E00022131,0,0,0,0,0,0
00BHGH0020,E00022136,0,0,0,0,0,0
00BHFZ0022,E00021860,0,0,0,0,0,0
00BHFZ0024,E00021862,0,0,0,0,0,0
00BBGW0007,E00018268,0,0,0,0,0,0
00BHGH0002,E00022118,0,0,0,0,0,0
00BHFZ0003,E00021841,0,0,0,0,0,0
00BCGJ0004,E00018681,0,0,0,0,0,0
00BHFZ0020,E00021858,0,0,0,0,0,0
00BHFZ0023,E00021861,0,0,0,0,0,0
00BHFZ0026,E00021864,0,0,0,0,0,0
00BHFZ0021,E00021859,0,0,0,0,0,0
00BHGH0013,E00022129,0,0,0,0,0,0
00BHGS0014,E00022460,0,0,0,0,0,0
00BHGS0016,E00022462,0,0,0,0,0,0
00BHGQ0030,E00022405,0,0,0,0,0,0
00BHGQ0002,E00022377,0,0,0,0,0,0
00BHGK0003,E00022195,0,0,0,0,0,0
00BHGQ0028,E00022403,0,0,0,0,0,0
00BHGK0030,E00022222,0,0,0,0,0,0
00BHFZ0007,E00021845,0,0,0,0,0,0
00BHGQ0020,E00022395,0,0,0,0,0,0
00BHGQ0019,E00022394,0,0,0,0,0,0
00BHGQ0024,E00022399,0,0,0,0,0,0
00BHGQ0015,E00022390,0,0,0,0,0,0
00BHGQ0014,E00022389,0,0,0,0,0,0
00BHGQ0010,E00022385,0,0,0,0,0,0
00BHGQ0029,E00022404,0,0,0,0,0,0
00BHGQ0027,E00022402,0,0,0,0,0,0
00BHGQ0031,E00022406,0,0,0,0,0,0
00BHGQ0021,E00022396,0,0,0,0,0,0
00BHGQ0026,E00022401,0,0,0,0,0,0
00BHGQ0023,E00022398,0,0,0,0,0,0
00BHGQ0025,E00022400,0,0,0,0,0,0
00BHGQ0001,E00022376,0,0,0,0,0,0
00BHGQ0022,E00022397,0,0,0,0,0,0
00BHGK0026,E00022218,0,0,0,0,0,0
00BHGK0007,E00022199,0,0,0,0,0,0
00BHGK0022,E00022214,0,0,0,0,0,0
00BHGK0024,E00022216,0,0,0,0,0,0
00BHGK0027,E00022219,0,0,0,0,0,0
00BHGQ0013,E00022388,0,0,0,0,0,0
00BHGQ0011,E00022386,0,0,0,0,0,0
00BHGQ0012,E00022387,0,0,0,0,0,0
00BHGQ0016,E00022391,0,0,0,0,0,0
00BHGK0018,E00022210,0,0,0,0,0,0
00BHGK0019,E00022211,0,0,0,0,0,0
00BHGK0014,E00022206,0,0,0,0,0,0
00BHGK0017,E00022209,0,0,0,0,0,0
00BHGQ0018,E00022393,0,0,0,0,0,0
00BHGL0034,E00022261,0,0,0,0,0,0
00BHGM0015,E00022282,0,0,0,0,0,0
00BHGM0014,E00022281,0,0,0,0,0,0
00BHGN0031,E00022337,0,0,0,0,0,0
00BHGC0019,E00021959,0,0,0,0,0,0
00BHGC0003,E00021943,0,0,0,0,0,0
00BHGC0020,E00021960,0,0,0,0,0,0
00BHGC0002,E00021942,0,0,0,0,0,0
00BHGN0032,E00022338,0,0,0,0,0,0
00BCGS0013,E00018974,0,0,0,0,0,0
00BHGN0026,E00022332,0,0,0,0,0,0
00BHGC0018,E00021958,0,0,0,0,0,0
00BHGC0017,E00021957,0,0,0,0,0,0
00BHGC0016,E00021956,0,0,0,0,0,0
00BHGC0001,E00021941,0,0,0,0,0,0
00BHGC0013,E00021953,0,0,0,0,0,0
00BHGN0029,E00022335,0,0,0,0,0,0
00BHGN0027,E00022333,0,0,0,0,0,0
00BCGS0014,E00018975,0,0,0,0,0,0
00BHGC0027,E00021967,0,0,0,0,0,0
00BHGN0028,E00022334,0,0,0,0,0,0
00BCGS0012,E00018973,0,0,0,0,0,0
00BHGC0006,E00021946,0,0,0,0,0,0
00BHGJ0038,E00022190,0,0,0,0,0,0
00BHGJ0039,E00022191,0,0,0,0,0,0
00BHGJ0011,E00022163,0,0,0,0,0,0
00BHGJ0004,E00022156,0,0,0,0,0,0
00BHGC0008,E00021948,0,0,0,0,0,0
00BHGJ0016,E00022168,0,0,0,0,0,0
00BHGJ0012,E00022164,0,0,0,0,0,0
00BHGE0031,E00022042,0,0,0,0,0,0
00BHGJ0030,E00022182,0,0,0,0,0,0
00BHGJ0036,E00022188,0,0,0,0,0,0
00BHGJ0007,E00022159,0,0,0,0,0,0
00BHGJ0026,E00022178,0,0,0,0,0,0
00BHGJ0027,E00022179,0,0,0,0,0,0
00BHGJ0005,E00022157,0,0,0,0,0,0
00BHGJ0008,E00022160,0,0,0,0,0,0
00BHGJ0022,E00022174,0,0,0,0,0,0
00BHGC0031,E00021971,0,0,0,0,0,0
00BHFZ0008,E00021846,0,0,0,0,0,0
00BHGC0028,E00021968,0,0,0,0,0,0
00BHGC0030,E00021970,0,0,0,0,0,0
00BCGA0022,E00018426,0,0,0,0,0,0
00BHGC0024,E00021964,0,0,0,0,0,0
00BHGC0012,E00021952,0,0,0,0,0,0
00BHGC0026,E00021966,0,0,0,0,0,0
00BHGS0009,E00022455,0,0,0,0,0,0
00BHGS0010,E00022456,0,0,0,0,0,0
00BHGJ0013,E00022165,0,0,0,0,0,0
00BHGS0001,E00022447,0,0,0,0,0,0
00BHGS0002,E00022448,0,0,0,0,0,0
00BHGS0035,E00022481,0,0,0,0,0,0
00BHGS0006,E00022452,0,0,0,0,0,0
00BHGS0039,E00022485,0,0,0,0,0,0
00BHGC0025,E00021965,0,0,0,0,0,0
00BHGS0008,E00022454,0,0,0,0,0,0
00BHGS0031,E00022477,0,0,0,0,0,0
00BHGS0034,E00022480,0,0,0,0,0,0
00BHGS0033,E00022479,0,0,0,0,0,0
00BHGS0037,E00022483,0,0,0,0,0,0
00BHGS0032,E00022478,0,0,0,0,0,0
00BHGC0005,E00021945,0,0,0,0,0,0
00BHGS0036,E00022482,0,0,0,0,0,0
00BHGS0040,E00022486,0,0,0,0,0,0
00BHGC0010,E00021950,0,0,0,0,0,0
00BHGC0007,E00021947,0,0,0,0,0,0
00BHGC0011,E00021951,0,0,0,0,0,0
00BCGS0008,E00018969,0,0,0,0,0,0
00BCGS0009,E00018970,0,0,0,0,0,0
00BHGS0021,E00022467,0,0,0,0,0,0
00BHGS0026,E00022472,0,0,0,0,0,0
00BCGS0011,E00018972,0,0,0,0,0,0
00BCGS0033,E00018994,0,0,0,0,0,0
00BCGS0042,E00019003,0,0,0,0,0,0
00BCGU0034,E00019073,0,0,0,0,0,0
00BCGS0040,E00019001,0,0,0,0,0,0
00BCGS0035,E00018996,0,0,0,0,0,0
00BHGS0004,E00022450,0,0,0,0,0,0
00BHGS0017,E00022463,0,0,0,0,0,0
00BHGS0020,E00022466,0,0,0,0,0,0
00BHGS0005,E00022451,0,0,0,0,0,0
00BHGS0028,E00022474,0,0,0,0,0,0
00BHGS0019,E00022465,0,0,0,0,0,0
00BHGS0030,E00022476,0,0,0,0,0,0
00BHFZ0030,E00021868,0,0,0,0,0,0
00BHGS0007,E00022453,0,0,0,0,0,0
00BHGS0015,E00022461,0,0,0,0,0,0
00BHGS0018,E00022464,0,0,0,0,0,0
00BHFZ0011,E00021849,0,0,0,0,0,0
00BHFZ0036,E00021874,0,0,0,0,0,0
00BHGS0013,E00022459,0,0,0,0,0,0
00BHGS0003,E00022449,0,0,0,0,0,0
00BHGS0011,E00022457,0,0,0,0,0,0
00BCGE0007,E00018549,0,0,0,0,0,0
00BHGE0003,E00022014,0,0,0,0,0,0
00BHGK0015,E00022207,0,0,0,0,0,0
00BCGS0020,E00018981,0,0,0,0,0,0
00BHGS0012,E00022458,0,0,0,0,0,0
00BHGS0025,E00022471,0,0,0,0,0,0
00BHGS0029,E00022475,0,0,0,0,0,0
00BCGS0026,E00018987,0,0,0,0,0,0
00BCGS0029,E00018990,0,0,0,0,0,0
00BCGS0016,E00018977,0,0,0,0,0,0
00BCGS0018,E00018979,0,0,0,0,0,0
00BCGS0022,E00018983,0,0,0,0,0,0
00BCGS0028,E00018989,0,0,0,0,0,0
00BCGS0001,E00018962,0,0,0,0,0,0
00BCGS0023,E00018984,0,0,0,0,0,0
00BCGU0036,E00019075,0,0,0,0,0,0
00BCGU0035,E00019074,0,0,0,0,0,0
00BCGU0004,E00019043,0,0,0,0,0,0
00BCGU0032,E00019071,0,0,0,0,0,0
00BCGF0004,E00018576,0,0,0,0,0,0
00BCGU0033,E00019072,0,0,0,0,0,0
00BCGF0024,E00018596,0,0,0,0,0,0
00BCGF0030,E00018602,0,0,0,0,0,0
00BCGF0032,E00018604,0,0,0,0,0,0
00BCGF0033,E00018605,0,0,0,0,0,0
00BCGS0039,E00019000,0,0,0,0,0,0
00BCGS0041,E00019002,0,0,0,0,0,0
00BCGS0037,E00018998,0,0,0,0,0,0
00BCGC0006,E00018482,0,0,0,0,0,0
00BCGS0032,E00018993,0,0,0,0,0,0
00BCGS0003,E00018964,0,0,0,0,0,0
00BCGS0005,E00018966,0,0,0,0,0,0
00BCGC0023,E00018499,0,0,0,0,0,0
00ARGK0014,E00011506,0,0,0,0,0,0
00BCGC0005,E00018481,0,0,0,0,0,0
00BCGU0029,E00019068,0,0,0,0,0,0
00BCGC0021,E00018497,0,0,0,0,0,0
00BCGU0026,E00019065,0,0,0,0,0,0
00BCGQ0035,E00018926,0,0,0,0,0,0
00BCGS0027,E00018988,0,0,0,0,0,0
00BCGU0028,E00019067,0,0,0,0,0,0
00BCGU0030,E00019069,0,0,0,0,0,0
00BCGU0031,E00019070,0,0,0,0,0,0
00BCGS0007,E00018968,0,0,0,0,0,0
00BCGS0036,E00018997,0,0,0,0,0,0
00BCGQ0028,E00018919,0,0,0,0,0,0
00BCGS0004,E00018965,0,0,0,0,0,0
00BCGQ0002,E00018893,0,0,0,0,0,0
00BCGQ0024,E00018915,0,0,0,0,0,0
00BCGU0027,E00019066,0,0,0,0,0,0
00BCGS0006,E00018967,0,0,0,0,0,0
00BCGU0003,E00019042,0,0,0,0,0,0
00BCGU0002,E00019041,0,0,0,0,0,0
00BCGU0025,E00019064,0,0,0,0,0,0
00BCGU0024,E00019063,0,0,0,0,0,0
00BCGU0001,E00019040,0,0,0,0,0,0
00BCGD0031,E00018540,0,0,0,0,0,0
00BCGD0022,E00018531,0,0,0,0,0,0
00BCGD0001,E00018510,0,0,0,0,0,0
00BCGF0027,E00018599,0,0,0,0,0,0
00BCGD0016,E00018525,0,0,0,0,0,0
00BCGF0029,E00018601,0,0,0,0,0,0
00BCGF0022,E00018594,0,0,0,0,0,0
00BCGD0019,E00018528,0,0,0,0,0,0
00BCGF0025,E00018597,0,0,0,0,0,0
00BCGF0028,E00018600,0,0,0,0,0,0
00BCGD0002,E00018511,0,0,0,0,0,0
00BCGD0025,E00018534,0,0,0,0,0,0
00BCGD0020,E00018529,0,0,0,0,0,0
00BCGD0028,E00018537,0,0,0,0,0,0
00BCGD0027,E00018536,0,0,0,0,0,0
00BCGD0029,E00018538,0,0,0,0,0,0
00BHFZ0033,E00021871,0,0,0,0,0,0
00BCGD0030,E00018539,0,0,0,0,0,0
00BCGD0021,E00018530,0,0,0,0,0,0
00BCGD0033,E00018542,0,0,0,0,0,0
00BCFZ0016,E00018387,0,0,0,0,0,0
00BCGD0026,E00018535,0,0,0,0,0,0
00BCGD0023,E00018532,0,0,0,0,0,0
00BCGD0032,E00018541,0,0,0,0,0,0
00BCFZ0006,E00018377,0,0,0,0,0,0
00BCFZ0007,E00018378,0,0,0,0,0,0
00BCGQ0033,E00018924,0,0,0,0,0,0
00BCGS0002,E00018963,0,0,0,0,0,0
00BCGQ0034,E00018925,0,0,0,0,0,0
00BCGQ0036,E00018927,0,0,0,0,0,0
00BCGU0023,E00019062,0,0,0,0,0,0
00BHGE0008,E00022019,0,0,0,0,0,0
00BCGQ0032,E00018923,0,0,0,0,0,0
00BCGS0031,E00018992,0,0,0,0,0,0
00BHGK0021,E00022213,0,0,0,0,0,0
00BCGD0017,E00018526,0,0,0,0,0,0
00BCGC0024,E00018500,0,0,0,0,0,0
00BCGQ0031,E00018922,0,0,0,0,0,0
00BCGQ0029,E00018920,0,0,0,0,0,0
00BCGQ0026,E00018917,0,0,0,0,0,0
00BCGQ0030,E00018921,0,0,0,0,0,0
00BCGN0002,E00018823,0,0,0,0,0,0
00BCGQ0025,E00018916,0,0,0,0,0,0
00BCGD0024,E00018533,0,0,0,0,0,0
00BCGD0006,E00018515,0,0,0,0,0,0
00BCGD0012,E00018521,0,0,0,0,0,0
00BCGD0011,E00018520,0,0,0,0,0,0
00BCGH0020,E00018660,0,0,0,0,0,0
00BCGQ0027,E00018918,0,0,0,0,0,0
00BCGD0009,E00018518,0,0,0,0,0,0
00BCGD0003,E00018512,0,0,0,0,0,0
00BCGD0004,E00018513,0,0,0,0,0,0
00BCGH0018,E00018658,0,0,0,0,0,0
00BCGD0010,E00018519,0,0,0,0,0,0
00BCGH0014,E00018654,0,0,0,0,0,0
00BHFZ0006,E00021844,0,0,0,0,0,0
00BHGE0024,E00022035,0,0,0,0,0,0
00BHFZ0035,E00021873,0,0,0,0,0,0
00BHFZ0034,E00021872,0,0,0,0,0,0
00BHFZ0029,E00021867,0,0,0,0,0,0
00BHGE0002,E00022013,0,0,0,0,0,0
00BCGC0018,E00018494,0,0,0,0,0,0
00BCGC0017,E00018493,0,0,0,0,0,0
00BHGE0011,E00022022,0,0,0,0,0,0
00BHGE0021,E00022032,0,0,0,0,0,0
00ABFX0033,E00000069,0,0,0,0,0,0
00BCGC0004,E00018480,0,0,0,0,0,0
00BHFZ0014,E00021852,0,0,0,0,0,0
00BHGK0029,E00022221,0,0,0,0,0,0
00BHGK0001,E00022193,0,0,0,0,0,0
00BHFZ0015,E00021853,0,0,0,0,0,0
00BHFZ0005,E00021843,0,0,0,0,0,0
00BHGE0007,E00022018,0,0,0,0,0,0
00BHGK0028,E00022220,0,0,0,0,0,0
00BHGK0002,E00022194,0,0,0,0,0,0
00BHGK0023,E00022215,0,0,0,0,0,0
00BHGK0016,E00022208,0,0,0,0,0,0
00BHGE0017,E00022028,0,0,0,0,0,0
00BHFZ0004,E00021842,0,0,0,0,0,0
00BHFZ0017,E00021855,0,0,0,0,0,0
00BHFZ0018,E00021856,0,0,0,0,0,0
00BHGE0015,E00022026,0,0,0,0,0,0
00BHGE0022,E00022033,0,0,0,0,0,0
00BHFZ0025,E00021863,0,0,0,0,0,0
00ABFX0021,E00000057,0,0,0,0,0,0
00BHGE0019,E00022030,0,0,0,0,0,0
00BHGE0020,E00022031,0,0,0,0,0,0
00BHGE0016,E00022027,0,0,0,0,0,0
00BHFZ0002,E00021840,0,0,0,0,0,0
00BHGE0006,E00022017,0,0,0,0,0,0
00BHFZ0016,E00021854,0,0,0,0,0,0
00BHFZ0013,E00021851,0,0,0,0,0,0
00BHGE0013,E00022024,0,0,0,0,0,0
00BHGE0010,E00022021,0,0,0,0,0,0
00BHGE0014,E00022025,0,0,0,0,0,0
00BHGE0029,E00022040,0,0,0,0,0,0
00BHGE0001,E00022012,0,0,0,0,0,0
00BCGQ0008,E00018899,0,0,0,0,0,0
00BHGE0012,E00022023,0,0,0,0,0,0
00BHGE0005,E00022016,0,0,0,0,0,0
00BCGC0012,E00018488,0,0,0,0,0,0
00BCGC0013,E00018489,0,0,0,0,0,0
00BCGC0028,E00018504,0,0,0,0,0,0
00BCGC0010,E00018486,0,0,0,0,0,0
00BCGC0015,E00018491,0,0,0,0,0,0
00ABFX0012,E00000048,0,0,0,0,0,0
00BCGC0001,E00018477,0,0,0,0,0,0
00BCGC0014,E00018490,0,0,0,0,0,0
00BCGC0007,E00018483,0,0,0,0,0,0
00BCGC0033,E00018509,0,0,0,0,0,0
00BHGE0018,E00022029,0,0,0,0,0,0
00BCGC0031,E00018507,0,0,0,0,0,0
00BHGE0009,E00022020,0,0,0,0,0,0
00BHGE0028,E00022039,0,0,0,0,0,0
00BCGN0001,E00018822,0,0,0,0,0,0
00BCGC0029,E00018505,0,0,0,0,0,0
00BCGQ0019,E00018910,0,0,0,0,0,0
00BCGC0025,E00018501,0,0,0,0,0,0
00ABFX0014,E00000050,0,0,0,0,0,0
00BHGE0026,E00022037,0,0,0,0,0,0
00BHGE0004,E00022015,0,0,0,0,0,0
00ABFX0008,E00000044,0,0,0,0,0,0
00BHGE0027,E00022038,0,0,0,0,0,0
00BHGK0020,E00022212,0,0,0,0,0,0
00BHGF0016,E00022058,0,0,0,0,0,0
00BHGF0017,E00022059,0,0,0,0,0,0
00BCGQ0007,E00018898,0,0,0,0,0,0
00BHGF0002,E00022044,0,0,0,0,0,0
00BHGF0006,E00022048,0,0,0,0,0,0
00BHGF0034,E00022076,0,0,0,0,0,0
00BCGQ0003,E00018894,0,0,0,0,0,0
00BCGQ0005,E00018896,0,0,0,0,0,0
00BHGF0014,E00022056,0,0,0,0,0,0
00BHGF0005,E00022047,0,0,0,0,0,0
00BHGK0012,E00022204,0,0,0,0,0,0
00BHGF0015,E00022057,0,0,0,0,0,0
00BHGE0025,E00022036,0,0,0,0,0,0
00BHGF0033,E00022075,0,0,0,0,0,0
00BHGF0001,E00022043,0,0,0,0,0,0
00BHGF0032,E00022074,0,0,0,0,0,0
00BHGF0030,E00022072,0,0,0,0,0,0
00BHGF0004,E00022046,0,0,0,0,0,0
00BCGN0029,E00018850,0,0,0,0,0,0
00BBGP0022,E00018065,0,0,0,0,0,0
00BCGN0021,E00018842,0,0,0,0,0,0
00BHGF0013,E00022055,0,0,0,0,0,0
00BCGN0030,E00018851,0,0,0,0,0,0
00BHGF0031,E00022073,0,0,0,0,0,0
00BCGN0020,E00018841,0,0,0,0,0,0
00BCGN0024,E00018845,0,0,0,0,0,0
00ABFX0016,E00000052,0,0,0,0,0,0
00BCGC0016,E00018492,0,0,0,0,0,0
00BCGC0020,E00018496,0,0,0,0,0,0
00BCGQ0021,E00018912,0,0,0,0,0,0
00BCGA0005,E00018409,0,0,0,0,0,0
00BCGQ0022,E00018913,0,0,0,0,0,0
00BCGQ0020,E00018911,0,0,0,0,0,0
00BCGH0001,E00018641,0,0,0,0,0,0
00BCGQ0017,E00018908,0,0,0,0,0,0
00BCGQ0004,E00018895,0,0,0,0,0,0
00BCGQ0018,E00018909,0,0,0,0,0,0
00BCGQ0001,E00018892,0,0,0,0,0,0
00BCGQ0023,E00018914,0,0,0,0,0,0
00BCGH0003,E00018643,0,0,0,0,0,0
00BCGN0027,E00018848,0,0,0,0,0,0
00BCGH0004,E00018644,0,0,0,0,0,0
00BCGH0035,E00018675,0,0,0,0,0,0
00BCGC0032,E00018508,0,0,0,0,0,0
00BCGC0026,E00018502,0,0,0,0,0,0
00BCGN0004,E00018825,0,0,0,0,0,0
00BCGC0002,E00018478,0,0,0,0,0,0
00BCGC0003,E00018479,0,0,0,0,0,0
00BCGC0030,E00018506,0,0,0,0,0,0
00BCGN0006,E00018827,0,0,0,0,0,0
00BCGN0003,E00018824,0,0,0,0,0,0
00BCGC0009,E00018485,0,0,0,0,0,0
00BCGN0019,E00018840,0,0,0,0,0,0
00BCGN0016,E00018837,0,0,0,0,0,0
00BBGP0005,E00018048,0,0,0,0,0,0
00BBGP0027,E00018070,0,0,0,0,0,0
00BCGN0025,E00018846,0,0,0,0,0,0
00BCGN0031,E00018852,0,0,0,0,0,0
00BCGQ0013,E00018904,0,0,0,0,0,0
00BCGQ0016,E00018907,0,0,0,0,0,0
00BCGQ0009,E00018900,0,0,0,0,0,0
00BCGQ0015,E00018906,0,0,0,0,0,0
00BCGQ0014,E00018905,0,0,0,0,0,0
00BCGQ0006,E00018897,0,0,0,0,0,0
00BCGQ0012,E00018903,0,0,0,0,0,0
00BCGQ0011,E00018902,0,0,0,0,0,0
00BCGQ0010,E00018901,0,0,0,0,0,0
00BCGA0006,E00018410,0,0,0,0,0,0
00BCGC0027,E00018503,0,0,0,0,0,0
00BCGN0005,E00018826,0,0,0,0,0,0
00BCGA0002,E00018406,0,0,0,0,0,0
00BCGA0036,E00018440,0,0,0,0,0,0
00BCGN0032,E00018853,0,0,0,0,0,0
00BCGA0028,E00018432,0,0,0,0,0,0
00BCGA0033,E00018437,0,0,0,0,0,0
00BCGA0004,E00018408,0,0,0,0,0,0
00BCGE0029,E00018571,0,0,0,0,0,0
00BCGA0034,E00018438,0,0,0,0,0,0
00BCGA0030,E00018434,0,0,0,0,0,0
00BCGA0037,E00018441,0,0,0,0,0,0
00BCGA0008,E00018412,0,0,0,0,0,0
00BCGA0003,E00018407,0,0,0,0,0,0
00BCGA0035,E00018439,0,0,0,0,0,0
00BCGE0026,E00018568,0,0,0,0,0,0
00BCGE0020,E00018562,0,0,0,0,0,0
00BCGE0022,E00018564,0,0,0,0,0,0
00BCGE0023,E00018565,0,0,0,0,0,0
00BCGE0024,E00018566,0,0,0,0,0,0
00BCGA0007,E00018411,0,0,0,0,0,0
00BCGA0031,E00018435,0,0,0,0,0,0
00BCGA0027,E00018431,0,0,0,0,0,0
00BCGA0032,E00018436,0,0,0,0,0,0
00BCGA0025,E00018429,0,0,0,0,0,0
00BCGN0028,E00018849,0,0,0,0,0,0
00BCGN0023,E00018844,0,0,0,0,0,0
00BCGN0033,E00018854,0,0,0,0,0,0
00BCGN0026,E00018847,0,0,0,0,0,0
00BCGA0026,E00018430,0,0,0,0,0,0
00BCGN0022,E00018843,0,0,0,0,0,0
00BCGA0029,E00018433,0,0,0,0,0,0
00BCGA0001,E00018405,0,0,0,0,0,0
00BCGA0019,E00018423,0,0,0,0,0,0
00BCGA0023,E00018427,0,0,0,0,0,0
00BCGA0015,E00018419,0,0,0,0,0,0
00BCGA0018,E00018422,0,0,0,0,0,0
00BCGA0013,E00018417,0,0,0,0,0,0
00BCGA0011,E00018415,0,0,0,0,0,0
00BCGA0010,E00018414,0,0,0,0,0,0
00BCGA0017,E00018421,0,0,0,0,0,0
00BCGA0014,E00018418,0,0,0,0,0,0
00BCGA0016,E00018420,0,0,0,0,0,0
00BCGA0012,E00018416,0,0,0,0,0,0
00BCGA0021,E00018425,0,0,0,0,0,0
00BCGA0020,E00018424,0,0,0,0,0,0
00ABGD0001,E00000233,0,0,0,0,0,0
00BBGJ0007,E00017864,0,0,0,0,0,0
00BBGJ0004,E00017861,0,0,0,0,0,0
00BBGJ0006,E00017863,0,0,0,0,0,0
00BBGJ0021,E00017878,0,0,0,0,0,0
00BBGJ0003,E00017860,0,0,0,0,0,0
00BBGW0012,E00018273,0,0,0,0,0,0
00BBGJ0005,E00017862,0,0,0,0,0,0
00BBGJ0019,E00017876,0,0,0,0,0,0
00BBGJ0001,E00017858,0,0,0,0,0,0
00BBGW0033,E00018294,0,0,0,0,0,0
00BBGW0004,E00018265,0,0,0,0,0,0
00BBGW0019,E00018280,0,0,0,0,0,0
00BBGW0017,E00018278,0,0,0,0,0,0
00BBGW0015,E00018276,0,0,0,0,0,0
00BBGW0034,E00018295,0,0,0,0,0,0
00BBGW0023,E00018284,0,0,0,0,0,0
00BBGW0027,E00018288,0,0,0,0,0,0
00ABGD0011,E00000243,0,0,0,0,0,0
00BBGW0030,E00018291,0,0,0,0,0,0
00BBGH0027,E00017857,0,0,0,0,0,0
00BBGW0001,E00018262,0,0,0,0,0,0
00ABGD0009,E00000241,0,0,0,0,0,0
00BBGW0020,E00018281,0,0,0,0,0,0
00BBGH0005,E00017835,0,0,0,0,0,0
00BBGP0008,E00018051,0,0,0,0,0,0
00BBGP0009,E00018052,0,0,0,0,0,0
00BBGJ0015,E00017872,0,0,0,0,0,0
00BBGJ0020,E00017877,0,0,0,0,0,0
00BBGJ0016,E00017873,0,0,0,0,0,0
00BBGW0005,E00018266,0,0,0,0,0,0
00BBGJ0002,E00017859,0,0,0,0,0,0
00ABGD0006,E00000238,0,0,0,0,0,0
00BBGW0011,E00018272,0,0,0,0,0,0
00ABGD0022,E00000254,0,0,0,0,0,0
00BBGW0018,E00018279,0,0,0,0,0,0
00BBGW0010,E00018271,0,0,0,0,0,0
00BBGW0009,E00018270,0,0,0,0,0,0
00BBGW0016,E00018277,0,0,0,0,0,0
00BBGW0013,E00018274,0,0,0,0,0,0
00BBGW0032,E00018293,0,0,0,0,0,0
00ABGD0030,E00000262,0,0,0,0,0,0
00ABFX0026,E00000062,0,0,0,0,0,0
00ABGD0021,E00000253,0,0,0,0,0,0
00ABGD0008,E00000240,0,0,0,0,0,0
00ABGL0020,E00000470,0,0,0,0,0,0
00ABFX0010,E00000046,0,0,0,0,0,0
00ABGD0012,E00000244,0,0,0,0,0,0
00BBGW0025,E00018286,0,0,0,0,0,0
00ABGC0003,E00000201,0,0,0,0,0,0
00ABGD0017,E00000249,0,0,0,0,0,0
00ABGD0026,E00000258,0,0,0,0,0,0
00ABGD0014,E00000246,0,0,0,0,0,0
00ABGD0015,E00000247,0,0,0,0,0,0
00ABFX0022,E00000058,0,0,0,0,0,0
00ABFX0027,E00000063,0,0,0,0,0,0
00ABGD0003,E00000235,0,0,0,0,0,0
00ABGD0028,E00000260,0,0,0,0,0,0
00ABGC0024,E00000222,0,0,0,0,0,0
00ABGD0004,E00000236,0,0,0,0,0,0
00BBGW0028,E00018289,0,0,0,0,0,0
00ABGD0029,E00000261,0,0,0,0,0,0
00ABGD0025,E00000257,0,0,0,0,0,0
00ABFX0004,E00000040,0,0,0,0,0,0
00ABGC0031,E00000229,0,0,0,0,0,0
00ABGD0020,E00000252,0,0,0,0,0,0
00ABGD0023,E00000255,0,0,0,0,0,0
00ABGD0027,E00000259,0,0,0,0,0,0
00ABGC0022,E00000220,0,0,0,0,0,0
00ABGC0025,E00000223,0,0,0,0,0,0
00ABGC0030,E00000228,0,0,0,0,0,0
00BBGW0022,E00018283,0,0,0,0,0,0
00BBGW0021,E00018282,0,0,0,0,0,0
00ABFX0020,E00000056,0,0,0,0,0,0
00ABFX0025,E00000061,0,0,0,0,0,0
00ABFX0007,E00000043,0,0,0,0,0,0
00ABFX0003,E00000039,0,0,0,0,0,0
00BCGJ0030,E00018707,0,0,0,0,0,0
00BCGJ0031,E00018708,0,0,0,0,0,0
00ABFX0009,E00000045,0,0,0,0,0,0
00ARGW0037,E00011937,0,0,0,0,0,0
00BCGR0005,E00018932,0,0,0,0,0,0
00BBGP0006,E00018049,0,0,0,0,0,0
00BBGP0007,E00018050,0,0,0,0,0,0
00BCGL0020,E00018770,0,0,0,0,0,0
00ABFX0031,E00000067,0,0,0,0,0,0
00BCGL0001,E00018751,0,0,0,0,0,0
00BCGL0025,E00018775,0,0,0,0,0,0
00BCGL0028,E00018778,0,0,0,0,0,0
00BCGL0031,E00018781,0,0,0,0,0,0
00ABFX0029,E00000065,0,0,0,0,0,0
00BCGL0027,E00018777,0,0,0,0,0,0
00BCGL0030,E00018780,0,0,0,0,0,0
00BCGL0029,E00018779,0,0,0,0,0,0
00BCGL0016,E00018766,0,0,0,0,0,0
00BCGL0021,E00018771,0,0,0,0,0,0
00ABFX0011,E00000047,0,0,0,0,0,0
00ABFX0005,E00000041,0,0,0,0,0,0
00ABFX0006,E00000042,0,0,0,0,0,0
00ABFX0015,E00000051,0,0,0,0,0,0
00ABFX0018,E00000054,0,0,0,0,0,0
00ABFX0013,E00000049,0,0,0,0,0,0
00ABFX0017,E00000053,0,0,0,0,0,0
00ABFX0032,E00000068,0,0,0,0,0,0
00ABFX0002,E00000038,0,0,0,0,0,0
00ABFX0001,E00000037,0,0,0,0,0,0
00ABFX0030,E00000066,0,0,0,0,0,0
00ABFX0023,E00000059,0,0,0,0,0,0
00ABFX0019,E00000055,0,0,0,0,0,0
00ABFX0024,E00000060,0,0,0,0,0,0
00ABGG0020,E00000350,0,0,0,0,0,0
00BCGR0006,E00018933,0,0,0,0,0,0
00ABGG0023,E00000353,0,0,0,0,0,0
00ABGG0014,E00000344,0,0,0,0,0,0
00ABGG0015,E00000345,0,0,0,0,0,0
00ABGG0016,E00000346,0,0,0,0,0,0
00ABGC0034,E00000232,0,0,0,0,0,0
00ABFX0028,E00000064,0,0,0,0,0,0
00BCGL0024,E00018774,0,0,0,0,0,0
00ABGL0007,E00000457,0,0,0,0,0,0
00ABGM0004,E00000484,0,0,0,0,0,0
00BCGL0018,E00018768,0,0,0,0,0,0
00BCGL0023,E00018773,0,0,0,0,0,0
00BCGL0026,E00018776,0,0,0,0,0,0
00ABGG0012,E00000342,0,0,0,0,0,0
00BCGT0019,E00019022,0,0,0,0,0,0
00ABGL0028,E00000478,0,0,0,0,0,0
00ABGL0002,E00000452,0,0,0,0,0,0
00ABGL0005,E00000455,0,0,0,0,0,0
00ABGL0006,E00000456,0,0,0,0,0,0
00ABGD0002,E00000234,0,0,0,0,0,0
00ABGL0003,E00000453,0,0,0,0,0,0
00ABGC0029,E00000227,0,0,0,0,0,0
00ABGD0005,E00000237,0,0,0,0,0,0
00ABGC0032,E00000230,0,0,0,0,0,0
00ABGC0033,E00000231,0,0,0,0,0,0
00ABGC0020,E00000218,0,0,0,0,0,0
00ABGC0027,E00000225,0,0,0,0,0,0
00BCGT0010,E00019013,0,0,0,0,0,0
00ABGG0018,E00000348,0,0,0,0,0,0
00ABGG0021,E00000351,0,0,0,0,0,0
00ABGC0015,E00000213,0,0,0,0,0,0
00ABGG0007,E00000337,0,0,0,0,0,0
00ABGG0008,E00000338,0,0,0,0,0,0
00BCGT0030,E00019033,0,0,0,0,0,0
00ABGG0009,E00000339,0,0,0,0,0,0
00ABGG0004,E00000334,0,0,0,0,0,0
00ABGL0012,E00000462,0,0,0,0,0,0
00ABGL0015,E00000465,0,0,0,0,0,0
00ABGL0016,E00000466,0,0,0,0,0,0
00ABGL0030,E00000480,0,0,0,0,0,0
00ABGL0022,E00000472,0,0,0,0,0,0
00ABGL0004,E00000454,0,0,0,0,0,0
00BCGT0026,E00019029,0,0,0,0,0,0
00ABGL0024,E00000474,0,0,0,0,0,0
00ABGL0017,E00000467,0,0,0,0,0,0
00ABGL0021,E00000471,0,0,0,0,0,0
00ABGL0025,E00000475,0,0,0,0,0,0
00ABGL0026,E00000476,0,0,0,0,0,0
00ABGL0001,E00000451,0,0,0,0,0,0
00ABGL0010,E00000460,0,0,0,0,0,0
00ABGC0014,E00000212,0,0,0,0,0,0
00ABGC0018,E00000216,0,0,0,0,0,0
00ABGC0012,E00000210,0,0,0,0,0,0
00ARGR0021,E00011750,0,0,0,0,0,0
00ABGC0028,E00000226,0,0,0,0,0,0
00ABGC0001,E00000199,0,0,0,0,0,0
00ABGC0026,E00000224,0,0,0,0,0,0
00ABGC0019,E00000217,0,0,0,0,0,0
00ABGE0009,E00000273,0,0,0,0,0,0
00ABGE0033,E00000297,0,0,0,0,0,0
00ABGE0003,E00000267,0,0,0,0,0,0
00ABGL0011,E00000461,0,0,0,0,0,0
00ABGL0019,E00000469,0,0,0,0,0,0
00ABGL0018,E00000468,0,0,0,0,0,0
00ABGL0027,E00000477,0,0,0,0,0,0
00ABGL0029,E00000479,0,0,0,0,0,0
00ABGL0008,E00000458,0,0,0,0,0,0
00ABGC0021,E00000219,0,0,0,0,0,0
00ABGC0023,E00000221,0,0,0,0,0,0
00ABGE0007,E00000271,0,0,0,0,0,0
00ABGC0017,E00000215,0,0,0,0,0,0
00ABGE0010,E00000274,0,0,0,0,0,0
00ABGL0009,E00000459,0,0,0,0,0,0
00ABGC0013,E00000211,0,0,0,0,0,0
00ABGG0022,E00000352,0,0,0,0,0,0
00ABGC0008,E00000206,0,0,0,0,0,0
00ABGH0027,E00000385,0,0,0,0,0,0
00ABGG0013,E00000343,0,0,0,0,0,0
00ABGG0017,E00000347,0,0,0,0,0,0
00ABGG0019,E00000349,0,0,0,0,0,0
00ABGC0009,E00000207,0,0,0,0,0,0
00ABGH0030,E00000388,0,0,0,0,0,0
00ABGH0001,E00000359,0,0,0,0,0,0
00ABGC0007,E00000205,0,0,0,0,0,0
00ABGG0006,E00000336,0,0,0,0,0,0
00ABGG0011,E00000341,0,0,0,0,0,0
00ABGG0003,E00000333,0,0,0,0,0,0
00ABGG0005,E00000335,0,0,0,0,0,0
00ABGH0020,E00000378,0,0,0,0,0,0
00ABGH0015,E00000373,0,0,0,0,0,0
00ABGC0002,E00000200,0,0,0,0,0,0
00ABGH0003,E00000361,0,0,0,0,0,0
00ABGE0027,E00000291,0,0,0,0,0,0
00ABGE0032,E00000296,0,0,0,0,0,0
00ABGE0026,E00000290,0,0,0,0,0,0
00ABGH0004,E00000362,0,0,0,0,0,0
00ABGE0023,E00000287,0,0,0,0,0,0
00ABGE0024,E00000288,0,0,0,0,0,0
00ABGH0029,E00000387,0,0,0,0,0,0
00ABGE0022,E00000286,0,0,0,0,0,0
00ABGH0031,E00000389,0,0,0,0,0,0
00ABGH0016,E00000374,0,0,0,0,0,0
00ABGH0014,E00000372,0,0,0,0,0,0
00ABGH0019,E00000377,0,0,0,0,0,0
00ABGH0022,E00000380,0,0,0,0,0,0
00ABGH0018,E00000376,0,0,0,0,0,0
00ABGH0024,E00000382,0,0,0,0,0,0
00ABGH0026,E00000384,0,0,0,0,0,0
00ABGH0025,E00000383,0,0,0,0,0,0
00ABGH0017,E00000375,0,0,0,0,0,0
00ABGH0028,E00000386,0,0,0,0,0,0
00BBGP0002,E00018045,0,0,0,0,0,0
00BBGP0035,E00018078,0,0,0,0,0,0
00BBGP0001,E00018044,0,0,0,0,0,0
00BBGP0039,E00018082,0,0,0,0,0,0
00BBGP0037,E00018080,0,0,0,0,0,0
00BCGL0002,E00018752,0,0,0,0,0,0
00BCGL0019,E00018769,0,0,0,0,0,0
00BCGL0017,E00018767,0,0,0,0,0,0
00BCGL0015,E00018765,0,0,0,0,0,0
00ABGG0010,E00000340,0,0,0,0,0,0
00BCGL0008,E00018758,0,0,0,0,0,0
00BCGL0009,E00018759,0,0,0,0,0,0
00BCGL0013,E00018763,0,0,0,0,0,0
00BCGL0014,E00018764,0,0,0,0,0,0
00BCGL0022,E00018772,0,0,0,0,0,0
00BCGF0010,E00018582,0,0,0,0,0,0
00BCGL0010,E00018760,0,0,0,0,0,0
00BCGM0006,E00018794,0,0,0,0,0,0
00AKGS0014,E00007180,0,0,0,0,0,0
00BCGT0021,E00019024,0,0,0,0,0,0
00BBGP0011,E00018054,0,0,0,0,0,0
00BBGP0033,E00018076,0,0,0,0,0,0
00BBGP0024,E00018067,0,0,0,0,0,0
00BBGP0025,E00018068,0,0,0,0,0,0
00BCGL0033,E00018783,0,0,0,0,0,0
00BCGT0016,E00019019,0,0,0,0,0,0
00BBGP0010,E00018053,0,0,0,0,0,0
00BBGP0012,E00018055,0,0,0,0,0,0
00BCGT0002,E00019005,0,0,0,0,0,0
00BCGT0014,E00019017,0,0,0,0,0,0
00BBGP0030,E00018073,0,0,0,0,0,0
00BCGF0016,E00018588,0,0,0,0,0,0
00BCGT0001,E00019004,0,0,0,0,0,0
00BCGT0035,E00019038,0,0,0,0,0,0
00BCGF0011,E00018583,0,0,0,0,0,0
00BBGP0016,E00018059,0,0,0,0,0,0
00BCGL0007,E00018757,0,0,0,0,0,0
00BBGP0003,E00018046,0,0,0,0,0,0
00BBGP0017,E00018060,0,0,0,0,0,0
00BCGL0034,E00018784,0,0,0,0,0,0
00BBGP0031,E00018074,0,0,0,0,0,0
00BBGP0014,E00018057,0,0,0,0,0,0
00BCGL0036,E00018786,0,0,0,0,0,0
00BCGL0003,E00018753,0,0,0,0,0,0
00BCGM0016,E00018804,0,0,0,0,0,0
00BCGE0021,E00018563,0,0,0,0,0,0
00BCGL0005,E00018755,0,0,0,0,0,0
00BCGL0012,E00018762,0,0,0,0,0,0
00BCGL0038,E00018788,0,0,0,0,0,0
00BCGL0035,E00018785,0,0,0,0,0,0
00BCGE0018,E00018560,0,0,0,0,0,0
00BCGL0004,E00018754,0,0,0,0,0,0
00BCGL0006,E00018756,0,0,0,0,0,0
00BCGL0011,E00018761,0,0,0,0,0,0
00BCGL0037,E00018787,0,0,0,0,0,0
00BCGT0022,E00019025,0,0,0,0,0,0
00BCGE0002,E00018544,0,0,0,0,0,0
00BCGL0032,E00018782,0,0,0,0,0,0
00BBGP0013,E00018056,0,0,0,0,0,0
00BCGE0012,E00018554,0,0,0,0,0,0
00BCGE0016,E00018558,0,0,0,0,0,0
00BCGE0014,E00018556,0,0,0,0,0,0
00BCGE0017,E00018559,0,0,0,0,0,0
00BCGE0025,E00018567,0,0,0,0,0,0
00BCGE0027,E00018569,0,0,0,0,0,0
00BCGE0028,E00018570,0,0,0,0,0,0
00BCGM0004,E00018792,0,0,0,0,0,0
00BCGM0008,E00018796,0,0,0,0,0,0
00BCGM0015,E00018803,0,0,0,0,0,0
00BCGT0009,E00019012,0,0,0,0,0,0
00BCGM0030,E00018818,0,0,0,0,0,0
00BCGM0001,E00018789,0,0,0,0,0,0
00BCGT0011,E00019014,0,0,0,0,0,0
00BCGE0015,E00018557,0,0,0,0,0,0
00BCGE0019,E00018561,0,0,0,0,0,0
00BCGH0029,E00018669,0,0,0,0,0,0
00BCGE0008,E00018550,0,0,0,0,0,0
00BCGE0010,E00018552,0,0,0,0,0,0
00BCGE0009,E00018551,0,0,0,0,0,0
00BCGE0011,E00018553,0,0,0,0,0,0
00BCGM0033,E00018821,0,0,0,0,0,0
00BCGM0025,E00018813,0,0,0,0,0,0
00BCGM0029,E00018817,0,0,0,0,0,0
00BCGE0006,E00018548,0,0,0,0,0,0
00BCGE0013,E00018555,0,0,0,0,0,0
00BCGE0004,E00018546,0,0,0,0,0,0
00BCGT0033,E00019036,0,0,0,0,0,0
00BCGM0026,E00018814,0,0,0,0,0,0
00BCGM0019,E00018807,0,0,0,0,0,0
00BCGT0004,E00019007,0,0,0,0,0,0
00BCGM0021,E00018809,0,0,0,0,0,0
00BCGM0024,E00018812,0,0,0,0,0,0
00BCGM0028,E00018816,0,0,0,0,0,0
00BCGT0005,E00019008,0,0,0,0,0,0
00BCGT0017,E00019020,0,0,0,0,0,0
00BCGM0014,E00018802,0,0,0,0,0,0
00ABGG0027,E00000357,0,0,0,0,0,0
00ABGG0026,E00000356,0,0,0,0,0,0
00BCGT0020,E00019023,0,0,0,0,0,0
00ARGT0032,E00011851,0,0,0,0,0,0
00BCGT0003,E00019006,0,0,0,0,0,0
00BCGT0018,E00019021,0,0,0,0,0,0
00BCGT0007,E00019010,0,0,0,0,0,0
00ARGT0031,E00011850,0,0,0,0,0,0
00BCGT0008,E00019011,0,0,0,0,0,0
00BCGT0015,E00019018,0,0,0,0,0,0
00BCGT0028,E00019031,0,0,0,0,0,0
00BCGT0031,E00019034,0,0,0,0,0,0
00BCGT0032,E00019035,0,0,0,0,0,0
00BCGT0034,E00019037,0,0,0,0,0,0
00BCGT0013,E00019016,0,0,0,0,0,0
00BCGT0036,E00019039,0,0,0,0,0,0
00BCGT0027,E00019030,0,0,0,0,0,0
00ABGG0001,E00000331,0,0,0,0,0,0
00ABGH0010,E00000368,0,0,0,0,0,0
00ABGH0012,E00000370,0,0,0,0,0,0
00BCGF0009,E00018581,0,0,0,0,0,0
00BCGT0029,E00019032,0,0,0,0,0,0
00BCGT0023,E00019026,0,0,0,0,0,0
00BCGT0024,E00019027,0,0,0,0,0,0
00BCGT0025,E00019028,0,0,0,0,0,0
00BCGE0005,E00018547,0,0,0,0,0,0
00BCGP0002,E00018856,0,0,0,0,0,0
00BCGE0003,E00018545,0,0,0,0,0,0
00BCGT0006,E00019009,0,0,0,0,0,0
00BCGP0023,E00018877,0,0,0,0,0,0
00BCGE0030,E00018572,0,0,0,0,0,0
00BCGP0022,E00018876,0,0,0,0,0,0
00BCGJ0011,E00018688,0,0,0,0,0,0
00BCGE0001,E00018543,0,0,0,0,0,0
00BCGP0015,E00018869,0,0,0,0,0,0
00BCGJ0013,E00018690,0,0,0,0,0,0
00BCGJ0014,E00018691,0,0,0,0,0,0
00BCGP0021,E00018875,0,0,0,0,0,0
00ABGH0013,E00000371,0,0,0,0,0,0
00ABGJ0019,E00000408,0,0,0,0,0,0
00ABGG0025,E00000355,0,0,0,0,0,0
00BCGP0020,E00018874,0,0,0,0,0,0
00BCGP0017,E00018871,0,0,0,0,0,0
00BCGP0013,E00018867,0,0,0,0,0,0
00BCGP0016,E00018870,0,0,0,0,0,0
00BCGP0019,E00018873,0,0,0,0,0,0
00BCGR0007,E00018934,0,0,0,0,0,0
00ABGN0001,E00000511,0,0,0,0,0,0
00BCGP0011,E00018865,0,0,0,0,0,0
00BCGP0012,E00018866,0,0,0,0,0,0
00BCGP0014,E00018868,0,0,0,0,0,0
00BCGP0018,E00018872,0,0,0,0,0,0
00BCGR0004,E00018931,0,0,0,0,0,0
00BCGM0012,E00018800,0,0,0,0,0,0
00ABGG0002,E00000332,0,0,0,0,0,0
00ABGG0028,E00000358,0,0,0,0,0,0
00ABGG0024,E00000354,0,0,0,0,0,0
00ABFZ0034,E00000134,0,0,0,0,0,0
00ABGH0009,E00000367,0,0,0,0,0,0
00ABFZ0024,E00000124,0,0,0,0,0,0
00ABGH0011,E00000369,0,0,0,0,0,0
00BCGR0011,E00018938,0,0,0,0,0,0
00BCGR0033,E00018960,0,0,0,0,0,0
00BCGM0010,E00018798,0,0,0,0,0,0
00BCGM0007,E00018795,0,0,0,0,0,0
00BCGM0009,E00018797,0,0,0,0,0,0
00BCGM0013,E00018801,0,0,0,0,0,0
00ABFZ0021,E00000121,0,0,0,0,0,0
00BCGM0002,E00018790,0,0,0,0,0,0
00BCGM0003,E00018791,0,0,0,0,0,0
00ABFZ0026,E00000126,0,0,0,0,0,0
00ABFZ0027,E00000127,0,0,0,0,0,0
00ABFZ0025,E00000125,0,0,0,0,0,0
00ABFZ0031,E00000131,0,0,0,0,0,0
00BCGM0020,E00018808,0,0,0,0,0,0
00BCGM0023,E00018811,0,0,0,0,0,0
00ABFZ0017,E00000117,0,0,0,0,0,0
00BCGJ0022,E00018699,0,0,0,0,0,0
00ABFZ0018,E00000118,0,0,0,0,0,0
00BCGM0027,E00018815,0,0,0,0,0,0
00ABFZ0012,E00000112,0,0,0,0,0,0
00BCGM0017,E00018805,0,0,0,0,0,0
00BCGJ0021,E00018698,0,0,0,0,0,0
00ABFZ0029,E00000129,0,0,0,0,0,0
00ABGJ0030,E00000419,0,0,0,0,0,0
00ABFZ0001,E00000101,0,0,0,0,0,0
00ABFZ0002,E00000102,0,0,0,0,0,0
00ABFZ0028,E00000128,0,0,0,0,0,0
00ABFZ0030,E00000130,0,0,0,0,0,0
00ABFZ0032,E00000132,0,0,0,0,0,0
00ABFZ0011,E00000111,0,0,0,0,0,0
00ABFZ0033,E00000133,0,0,0,0,0,0
00ABFZ0022,E00000122,0,0,0,0,0,0
00ABGJ0028,E00000417,0,0,0,0,0,0
00ABFZ0023,E00000123,0,0,0,0,0,0
00ABGH0008,E00000366,0,0,0,0,0,0
00ARGT0037,E00011856,0,0,0,0,0,0
00ABGJ0005,E00000394,0,0,0,0,0,0
00ABGH0006,E00000364,0,0,0,0,0,0
00ABFZ0020,E00000120,0,0,0,0,0,0
00ABGJ0013,E00000402,0,0,0,0,0,0
00ABGJ0006,E00000395,0,0,0,0,0,0
00ABGH0007,E00000365,0,0,0,0,0,0
00ABFZ0004,E00000104,0,0,0,0,0,0
00ABFZ0019,E00000119,0,0,0,0,0,0
00ARGT0023,E00011842,0,0,0,0,0,0
00ABFZ0014,E00000114,0,0,0,0,0,0
00ABFZ0010,E00000110,0,0,0,0,0,0
00BCGJ0006,E00018683,0,0,0,0,0,0
00ABGJ0002,E00000391,0,0,0,0,0,0
00ABGJ0029,E00000418,0,0,0,0,0,0
00BCGR0009,E00018936,0,0,0,0,0,0
00ABFZ0013,E00000113,0,0,0,0,0,0
00ABGM0025,E00000505,0,0,0,0,0,0
00ABGM0029,E00000509,0,0,0,0,0,0
00ABGM0024,E00000504,0,0,0,0,0,0
00BCGJ0015,E00018692,0,0,0,0,0,0
00BCGJ0018,E00018695,0,0,0,0,0,0
00BCGJ0026,E00018703,0,0,0,0,0,0
00BCGJ0032,E00018709,0,0,0,0,0,0
00BCGJ0033,E00018710,0,0,0,0,0,0
00BCGJ0012,E00018689,0,0,0,0,0,0
00BCGJ0029,E00018706,0,0,0,0,0,0
00BCGJ0019,E00018696,0,0,0,0,0,0
00ABGN0015,E00000525,0,0,0,0,0,0
00BCGJ0016,E00018693,0,0,0,0,0,0
00BCGJ0008,E00018685,0,0,0,0,0,0
00BCGJ0009,E00018686,0,0,0,0,0,0
00BCGJ0010,E00018687,0,0,0,0,0,0
00BCGJ0003,E00018680,0,0,0,0,0,0
00BCGR0032,E00018959,0,0,0,0,0,0
00BCGR0034,E00018961,0,0,0,0,0,0
00BCGR0002,E00018929,0,0,0,0,0,0
00BCGR0029,E00018956,0,0,0,0,0,0
00BCGR0012,E00018939,0,0,0,0,0,0
00BCGR0001,E00018928,0,0,0,0,0,0
00BCGB0004,E00018445,0,0,0,0,0,0
00BCGJ0027,E00018704,0,0,0,0,0,0
00ABGN0019,E00000529,0,0,0,0,0,0
00ABGN0006,E00000516,0,0,0,0,0,0
00BCGJ0020,E00018697,0,0,0,0,0,0
00BCGJ0005,E00018682,0,0,0,0,0,0
00ABGN0021,E00000531,0,0,0,0,0,0
00ABFZ0009,E00000109,0,0,0,0,0,0
00ABFZ0003,E00000103,0,0,0,0,0,0
00ABFZ0005,E00000105,0,0,0,0,0,0
00ABFZ0006,E00000106,0,0,0,0,0,0
00BCGJ0028,E00018705,0,0,0,0,0,0
00ABFZ0007,E00000107,0,0,0,0,0,0
00ABFZ0008,E00000108,0,0,0,0,0,0
00ABGM0005,E00000485,0,0,0,0,0,0
00ABGM0009,E00000489,0,0,0,0,0,0
00BCGR0031,E00018958,0,0,0,0,0,0
00ABGM0010,E00000490,0,0,0,0,0,0
00ABGM0011,E00000491,0,0,0,0,0,0
00ABGM0007,E00000487,0,0,0,0,0,0
00ABGM0003,E00000483,0,0,0,0,0,0
00ABGM0001,E00000481,0,0,0,0,0,0
00BCGB0006,E00018447,0,0,0,0,0,0
00BCGJ0001,E00018678,0,0,0,0,0,0
00BCGJ0024,E00018701,0,0,0,0,0,0
00BCGJ0002,E00018679,0,0,0,0,0,0
00BCGJ0025,E00018702,0,0,0,0,0,0
00BCGB0003,E00018444,0,0,0,0,0,0
00ABGK0007,E00000426,0,0,0,0,0,0
00BCGJ0023,E00018700,0,0,0,0,0,0
00ABGM0002,E00000482,0,0,0,0,0,0
00ABGM0030,E00000510,0,0,0,0,0,0
00BCGB0002,E00018443,0,0,0,0,0,0
00BCGB0005,E00018446,0,0,0,0,0,0
00ABGP0030,E00000574,0,0,0,0,0,0
00ABGK0012,E00000431,0,0,0,0,0,0
00ABGL0013,E00000463,0,0,0,0,0,0
00ABGE0008,E00000272,0,0,0,0,0,0
00ABGE0006,E00000270,0,0,0,0,0,0
00ARGT0028,E00011847,0,0,0,0,0,0
00ABGH0021,E00000379,0,0,0,0,0,0
00ABGE0030,E00000294,0,0,0,0,0,0
00ABGE0017,E00000281,0,0,0,0,0,0
00ABFY0023,E00000092,0,0,0,0,0,0
00BCGG0010,E00018615,0,0,0,0,0,0
00ABGE0013,E00000277,0,0,0,0,0,0
00ABGE0005,E00000269,0,0,0,0,0,0
00ABGE0012,E00000276,0,0,0,0,0,0
00ABGE0001,E00000265,0,0,0,0,0,0
00ABGE0015,E00000279,0,0,0,0,0,0
00ABGE0031,E00000295,0,0,0,0,0,0
00ABGE0002,E00000266,0,0,0,0,0,0
00ABGE0011,E00000275,0,0,0,0,0,0
00ABGN0010,E00000520,0,0,0,0,0,0
00ABGN0002,E00000512,0,0,0,0,0,0
00ABGE0014,E00000278,0,0,0,0,0,0
00ABGK0001,E00000420,0,0,0,0,0,0
00ABGK0006,E00000425,0,0,0,0,0,0
00ABGK0019,E00000438,0,0,0,0,0,0
00ABGE0004,E00000268,0,0,0,0,0,0
00ABGK0014,E00000433,0,0,0,0,0,0
00ABGK0031,E00000450,0,0,0,0,0,0
00ABGK0002,E00000421,0,0,0,0,0,0
00ABGK0017,E00000436,0,0,0,0,0,0
00ABGK0008,E00000427,0,0,0,0,0,0
00ABGK0009,E00000428,0,0,0,0,0,0
00ABGK0010,E00000429,0,0,0,0,0,0
00ABGN0022,E00000532,0,0,0,0,0,0
00ABGK0018,E00000437,0,0,0,0,0,0
00ABGN0018,E00000528,0,0,0,0,0,0
00ABGK0011,E00000430,0,0,0,0,0,0
00ABGK0013,E00000432,0,0,0,0,0,0
00ABGK0005,E00000424,0,0,0,0,0,0
00ABGK0016,E00000435,0,0,0,0,0,0
00ABGE0025,E00000289,0,0,0,0,0,0
00ABFY0030,E00000099,0,0,0,0,0,0
00ABGE0016,E00000280,0,0,0,0,0,0
00ABGK0028,E00000447,0,0,0,0,0,0
00ABGE0018,E00000282,0,0,0,0,0,0
00ABGE0019,E00000283,0,0,0,0,0,0
00ABGE0020,E00000284,0,0,0,0,0,0
00ABGE0029,E00000293,0,0,0,0,0,0
00ABGE0021,E00000285,0,0,0,0,0,0
00ABGK0020,E00000439,0,0,0,0,0,0
00ABGE0028,E00000292,0,0,0,0,0,0
00ABFY0029,E00000098,0,0,0,0,0,0
00ABGK0029,E00000448,0,0,0,0,0,0
00ABGK0025,E00000444,0,0,0,0,0,0
00ABGK0003,E00000422,0,0,0,0,0,0
00ABGK0004,E00000423,0,0,0,0,0,0
00ABGK0021,E00000440,0,0,0,0,0,0
00ABGK0022,E00000441,0,0,0,0,0,0
00ABGK0023,E00000442,0,0,0,0,0,0
00ABGK0030,E00000449,0,0,0,0,0,0
00ABGK0024,E00000443,0,0,0,0,0,0
00ABFY0018,E00000087,0,0,0,0,0,0
00ABGK0026,E00000445,0,0,0,0,0,0
00ABGN0011,E00000521,0,0,0,0,0,0
00ABGK0027,E00000446,0,0,0,0,0,0
00ABGJ0024,E00000413,0,0,0,0,0,0
00ABFY0028,E00000097,0,0,0,0,0,0
00ABFY0024,E00000093,0,0,0,0,0,0
00ABFY0027,E00000096,0,0,0,0,0,0
00ABFY0017,E00000086,0,0,0,0,0,0
00ABFY0025,E00000094,0,0,0,0,0,0
00ABFY0016,E00000085,0,0,0,0,0,0
00ABGN0016,E00000526,0,0,0,0,0,0
00ABFY0021,E00000090,0,0,0,0,0,0
00ABFY0019,E00000088,0,0,0,0,0,0
00ABGN0023,E00000533,0,0,0,0,0,0
00ABGN0007,E00000517,0,0,0,0,0,0
00ABGN0026,E00000536,0,0,0,0,0,0
00ABGN0012,E00000522,0,0,0,0,0,0
00ABGN0014,E00000524,0,0,0,0,0,0
00ABGN0020,E00000530,0,0,0,0,0,0
00ARGT0024,E00011843,0,0,0,0,0,0
00ARGT0008,E00011827,0,0,0,0,0,0
00ABGN0005,E00000515,0,0,0,0,0,0
00ABGN0008,E00000518,0,0,0,0,0,0
00ABFY0002,E00000071,0,0,0,0,0,0
00ABFY0026,E00000095,0,0,0,0,0,0
00ABFY0015,E00000084,0,0,0,0,0,0
00ABFY0022,E00000091,0,0,0,0,0,0
00ABGN0032,E00000542,0,0,0,0,0,0
00ABGN0031,E00000541,0,0,0,0,0,0
00ABGN0004,E00000514,0,0,0,0,0,0
00ABGB0012,E00000178,0,0,0,0,0,0
00ABGN0033,E00000543,0,0,0,0,0,0
00ABGN0034,E00000544,0,0,0,0,0,0
00ARGT0033,E00011852,0,0,0,0,0,0
00ARGT0041,E00011860,0,0,0,0,0,0
00ARGT0039,E00011858,0,0,0,0,0,0
00ARGQ0018,E00011709,0,0,0,0,0,0
00ARGT0038,E00011857,0,0,0,0,0,0
00ARGT0040,E00011859,0,0,0,0,0,0
00ARGT0025,E00011844,0,0,0,0,0,0
00ARGT0020,E00011839,0,0,0,0,0,0
00ARGT0027,E00011846,0,0,0,0,0,0
00ABGN0027,E00000537,0,0,0,0,0,0
00ARGT0021,E00011840,0,0,0,0,0,0
00ABGN0025,E00000535,0,0,0,0,0,0
00ABGN0017,E00000527,0,0,0,0,0,0
00ABGN0029,E00000539,0,0,0,0,0,0
00ABGN0030,E00000540,0,0,0,0,0,0
00ABGN0013,E00000523,0,0,0,0,0,0
00ABGN0024,E00000534,0,0,0,0,0,0
00ARGT0034,E00011853,0,0,0,0,0,0
00ARGT0026,E00011845,0,0,0,0,0,0
00ARGT0036,E00011855,0,0,0,0,0,0
00ARGT0035,E00011854,0,0,0,0,0,0
00ARGT0022,E00011841,0,0,0,0,0,0
00ARGT0029,E00011848,0,0,0,0,0,0
00ARGT0017,E00011836,0,0,0,0,0,0
00ARGT0018,E00011837,0,0,0,0,0,0
00ARGT0001,E00011820,0,0,0,0,0,0
00ARGT0019,E00011838,0,0,0,0,0,0
00ARGT0011,E00011830,0,0,0,0,0,0
00ARGT0030,E00011849,0,0,0,0,0,0
00ARGT0015,E00011834,0,0,0,0,0,0
00ARGT0016,E00011835,0,0,0,0,0,0
00ARGT0013,E00011832,0,0,0,0,0,0
00ARGT0014,E00011833,0,0,0,0,0,0
00ARGT0010,E00011829,0,0,0,0,0,0
00ABGN0009,E00000519,0,0,0,0,0,0
00ABGN0003,E00000513,0,0,0,0,0,0
00ARGE0034,E00011319,0,0,0,0,0,0
00ARGT0009,E00011828,0,0,0,0,0,0
00ARGT0004,E00011823,0,0,0,0,0,0
00ARGT0006,E00011825,0,0,0,0,0,0
00ARGE0036,E00011321,0,0,0,0,0,0
00ARGT0003,E00011822,0,0,0,0,0,0
00ARGE0039,E00011324,0,0,0,0,0,0
00ARGT0005,E00011824,0,0,0,0,0,0
00ARGE0006,E00011291,0,0,0,0,0,0
00ARGE0007,E00011292,0,0,0,0,0,0
00ARGE0038,E00011323,0,0,0,0,0,0
00ARGT0007,E00011826,0,0,0,0,0,0
00ARGE0028,E00011313,0,0,0,0,0,0
00ARGE0021,E00011306,0,0,0,0,0,0
00ARGE0030,E00011315,0,0,0,0,0,0
00ABFY0003,E00000072,0,0,0,0,0,0
00ARGE0029,E00011314,0,0,0,0,0,0
00ARGE0033,E00011318,0,0,0,0,0,0
00ARGE0035,E00011320,0,0,0,0,0,0
00BCGR0018,E00018945,0,0,0,0,0,0
00ABGJ0020,E00000409,0,0,0,0,0,0
00ABGJ0012,E00000401,0,0,0,0,0,0
00ABGJ0021,E00000410,0,0,0,0,0,0
00ARGE0027,E00011312,0,0,0,0,0,0
00ARGE0037,E00011322,0,0,0,0,0,0
00ABGB0009,E00000175,0,0,0,0,0,0
00ARGE0031,E00011316,0,0,0,0,0,0
00ARGE0001,E00011286,0,0,0,0,0,0
00ARGE0024,E00011309,0,0,0,0,0,0
00ARGE0020,E00011305,0,0,0,0,0,0
00ARGE0025,E00011310,0,0,0,0,0,0
00ABGJ0023,E00000412,0,0,0,0,0,0
00ABGB0010,E00000176,0,0,0,0,0,0
00ABFY0008,E00000077,0,0,0,0,0,0
00ABFY0014,E00000083,0,0,0,0,0,0
00ABGJ0025,E00000414,0,0,0,0,0,0
00ABFY0011,E00000080,0,0,0,0,0,0
00ABGB0008,E00000174,0,0,0,0,0,0
00ABFY0013,E00000082,0,0,0,0,0,0
00ABFY0020,E00000089,0,0,0,0,0,0
00ABGB0013,E00000179,0,0,0,0,0,0
00ABGB0011,E00000177,0,0,0,0,0,0
00ABGJ0018,E00000407,0,0,0,0,0,0
00ABGJ0017,E00000406,0,0,0,0,0,0
00ABGJ0008,E00000397,0,0,0,0,0,0
00ABFY0012,E00000081,0,0,0,0,0,0
00ABFY0010,E00000079,0,0,0,0,0,0
00ABGJ0003,E00000392,0,0,0,0,0,0
00ABGJ0001,E00000390,0,0,0,0,0,0
00ABGF0016,E00000313,0,0,0,0,0,0
00ABGM0027,E00000507,0,0,0,0,0,0
00ABGM0022,E00000502,0,0,0,0,0,0
00ABGM0006,E00000486,0,0,0,0,0,0
00ABGM0028,E00000508,0,0,0,0,0,0
00ABGJ0007,E00000396,0,0,0,0,0,0
00ABGM0019,E00000499,0,0,0,0,0,0
00ABGM0008,E00000488,0,0,0,0,0,0
00ABGM0012,E00000492,0,0,0,0,0,0
00ABGP0031,E00000575,0,0,0,0,0,0
00ABGP0005,E00000549,0,0,0,0,0,0
00ABGJ0009,E00000398,0,0,0,0,0,0
00ABGJ0010,E00000399,0,0,0,0,0,0
00ABGJ0011,E00000400,0,0,0,0,0,0
00ABGJ0014,E00000403,0,0,0,0,0,0
00ABGJ0015,E00000404,0,0,0,0,0,0
00ABGF0024,E00000321,0,0,0,0,0,0
00ABGB0021,E00000187,0,0,0,0,0,0
00ABGB0032,E00000198,0,0,0,0,0,0
00ABGF0027,E00000324,0,0,0,0,0,0
00ABGF0021,E00000318,0,0,0,0,0,0
00ABFY0004,E00000073,0,0,0,0,0,0
00ABFY0006,E00000075,0,0,0,0,0,0
00ABGF0026,E00000323,0,0,0,0,0,0
00ABFY0005,E00000074,0,0,0,0,0,0
00ABGF0028,E00000325,0,0,0,0,0,0
00ABGF0025,E00000322,0,0,0,0,0,0
00ABFY0009,E00000078,0,0,0,0,0,0
00ABFY0007,E00000076,0,0,0,0,0,0
00ABGJ0004,E00000393,0,0,0,0,0,0
00ABGJ0027,E00000416,0,0,0,0,0,0
00ABGM0023,E00000503,0,0,0,0,0,0
00ABGJ0026,E00000415,0,0,0,0,0,0
00ABGM0026,E00000506,0,0,0,0,0,0
00BCGK0027,E00018737,0,0,0,0,0,0
00ABGF0019,E00000316,0,0,0,0,0,0
00ABGF0018,E00000315,0,0,0,0,0,0
00ABGF0023,E00000320,0,0,0,0,0,0
00ABGF0005,E00000302,0,0,0,0,0,0
00ABGF0009,E00000306,0,0,0,0,0,0
00ABGM0021,E00000501,0,0,0,0,0,0
00ABGF0002,E00000299,0,0,0,0,0,0
00ABGF0006,E00000303,0,0,0,0,0,0
00ABGF0001,E00000298,0,0,0,0,0,0
00ABGF0007,E00000304,0,0,0,0,0,0
00ABGF0013,E00000310,0,0,0,0,0,0
00ABGF0017,E00000314,0,0,0,0,0,0
00ABGF0022,E00000319,0,0,0,0,0,0
00ABGF0012,E00000309,0,0,0,0,0,0
00ABGF0014,E00000311,0,0,0,0,0,0
00ABGB0003,E00000169,0,0,0,0,0,0
00ABGF0020,E00000317,0,0,0,0,0,0
00ABGB0004,E00000170,0,0,0,0,0,0
00BCGK0026,E00018736,0,0,0,0,0,0
00ABGB0006,E00000172,0,0,0,0,0,0
00ABGB0005,E00000171,0,0,0,0,0,0
00ABGB0002,E00000168,0,0,0,0,0,0
00ABGP0002,E00000546,0,0,0,0,0,0
00ABGP0012,E00000556,0,0,0,0,0,0
00ABGM0020,E00000500,0,0,0,0,0,0
00ABGP0010,E00000554,0,0,0,0,0,0
00ABGP0011,E00000555,0,0,0,0,0,0
00ABGP0015,E00000559,0,0,0,0,0,0
00ABGM0018,E00000498,0,0,0,0,0,0
00ABGP0014,E00000558,0,0,0,0,0,0
00ABGM0017,E00000497,0,0,0,0,0,0
00ABGM0014,E00000494,0,0,0,0,0,0
00ARGE0018,E00011303,0,0,0,0,0,0
00ABGM0016,E00000496,0,0,0,0,0,0
00ABGF0003,E00000300,0,0,0,0,0,0
00ABGP0009,E00000553,0,0,0,0,0,0
00ABGF0031,E00000328,0,0,0,0,0,0
00ABGF0033,E00000330,0,0,0,0,0,0
00ABGP0013,E00000557,0,0,0,0,0,0
00ABGP0003,E00000547,0,0,0,0,0,0
00ARGC0043,E00011244,0,0,0,0,0,0
00ABGP0008,E00000552,0,0,0,0,0,0
00ABGP0007,E00000551,0,0,0,0,0,0
00ABGP0004,E00000548,0,0,0,0,0,0
00ABGP0006,E00000550,0,0,0,0,0,0
00ABGP0001,E00000545,0,0,0,0,0,0
00ABGF0030,E00000327,0,0,0,0,0,0
00ABGF0008,E00000305,0,0,0,0,0,0
00ARGC0010,E00011211,0,0,0,0,0,0
00ARGC0011,E00011212,0,0,0,0,0,0
00ABGA0025,E00000159,0,0,0,0,0,0
00ABGB0014,E00000180,0,0,0,0,0,0
00ABGN0028,E00000538,0,0,0,0,0,0
00ARGE0013,E00011298,0,0,0,0,0,0
00ARGE0019,E00011304,0,0,0,0,0,0
00ARGE0022,E00011307,0,0,0,0,0,0
00ARGE0017,E00011302,0,0,0,0,0,0
00ARGH0032,E00011442,0,0,0,0,0,0
00ARGH0033,E00011443,0,0,0,0,0,0
00ARGE0003,E00011288,0,0,0,0,0,0
00ABGB0022,E00000188,0,0,0,0,0,0
00ARGH0001,E00011411,0,0,0,0,0,0
00ARGH0037,E00011447,0,0,0,0,0,0
00ABGB0029,E00000195,0,0,0,0,0,0
00ABGB0016,E00000182,0,0,0,0,0,0
00ABGB0020,E00000186,0,0,0,0,0,0
00ARGC0007,E00011208,0,0,0,0,0,0
00ARGE0008,E00011293,0,0,0,0,0,0
00ARGC0009,E00011210,0,0,0,0,0,0
00BCGH0030,E00018670,0,0,0,0,0,0
00ABGB0028,E00000194,0,0,0,0,0,0
00ARGK0030,E00011522,0,0,0,0,0,0
00ARGE0015,E00011300,0,0,0,0,0,0
00ARGE0002,E00011287,0,0,0,0,0,0
00ARGE0011,E00011296,0,0,0,0,0,0
00ARGE0016,E00011301,0,0,0,0,0,0
00ARGE0012,E00011297,0,0,0,0,0,0
00ARGE0014,E00011299,0,0,0,0,0,0
00BCFZ0009,E00018380,0,0,0,0,0,0
00ARGS0008,E00011784,0,0,0,0,0,0
00ARGH0030,E00011440,0,0,0,0,0,0
00ARGS0009,E00011785,0,0,0,0,0,0
00ARGS0005,E00011781,0,0,0,0,0,0
00ARGE0009,E00011294,0,0,0,0,0,0
00ARGN0040,E00011650,0,0,0,0,0,0
00ARGE0010,E00011295,0,0,0,0,0,0
00ARGS0043,E00011819,0,0,0,0,0,0
00ARGN0001,E00011611,0,0,0,0,0,0
00ARGM0028,E00011600,0,0,0,0,0,0
00ARGS0007,E00011783,0,0,0,0,0,0
00ABGB0023,E00000189,0,0,0,0,0,0
00ABGB0024,E00000190,0,0,0,0,0,0
00ABGB0025,E00000191,0,0,0,0,0,0
00ABGB0030,E00000196,0,0,0,0,0,0
00ABGB0027,E00000193,0,0,0,0,0,0
00ABGB0017,E00000183,0,0,0,0,0,0
00ABGB0015,E00000181,0,0,0,0,0,0
00ABGB0026,E00000192,0,0,0,0,0,0
00ARGM0016,E00011588,0,0,0,0,0,0
00BCGG0004,E00018609,0,0,0,0,0,0
00BCGA0024,E00018428,0,0,0,0,0,0
00ARGM0023,E00011595,0,0,0,0,0,0
00ABGB0018,E00000184,0,0,0,0,0,0
00ARGR0004,E00011733,0,0,0,0,0,0
00ABGB0019,E00000185,0,0,0,0,0,0
00ARGM0019,E00011591,0,0,0,0,0,0
00ARGC0002,E00011203,0,0,0,0,0,0
00ARGC0004,E00011205,0,0,0,0,0,0
00ARGC0006,E00011207,0,0,0,0,0,0
00ARGC0005,E00011206,0,0,0,0,0,0
00ARGM0017,E00011589,0,0,0,0,0,0
00ARGM0024,E00011596,0,0,0,0,0,0
00ARGM0026,E00011598,0,0,0,0,0,0
00ARGM0002,E00011574,0,0,0,0,0,0
00ARGM0025,E00011597,0,0,0,0,0,0
00ARGM0027,E00011599,0,0,0,0,0,0
00ARGM0029,E00011601,0,0,0,0,0,0
00ARGM0018,E00011590,0,0,0,0,0,0
00ARGS0024,E00011800,0,0,0,0,0,0
00ARGS0039,E00011815,0,0,0,0,0,0
00ARGM0021,E00011593,0,0,0,0,0,0
00ARGM0014,E00011586,0,0,0,0,0,0
00ARGM0012,E00011584,0,0,0,0,0,0
00ARGM0001,E00011573,0,0,0,0,0,0
00ARGM0020,E00011592,0,0,0,0,0,0
00BCGP0010,E00018864,0,0,0,0,0,0
00ARGM0013,E00011585,0,0,0,0,0,0
00ARGM0005,E00011577,0,0,0,0,0,0
00ARGM0007,E00011579,0,0,0,0,0,0
00ARGM0008,E00011580,0,0,0,0,0,0
00ARGM0038,E00011610,0,0,0,0,0,0
00ARGM0011,E00011583,0,0,0,0,0,0
00ARGM0004,E00011576,0,0,0,0,0,0
00BCGF0002,E00018574,0,0,0,0,0,0
00BCGF0005,E00018577,0,0,0,0,0,0
00BCGF0003,E00018575,0,0,0,0,0,0
00BCGF0031,E00018603,0,0,0,0,0,0
00BCGF0006,E00018578,0,0,0,0,0,0
00BCGP0008,E00018862,0,0,0,0,0,0
00BCGP0009,E00018863,0,0,0,0,0,0
00BCGP0004,E00018858,0,0,0,0,0,0
00BCGP0001,E00018855,0,0,0,0,0,0
00BCGP0032,E00018886,0,0,0,0,0,0
00BCGP0031,E00018885,0,0,0,0,0,0
00BCGP0007,E00018861,0,0,0,0,0,0
00BCGP0003,E00018857,0,0,0,0,0,0
00BCGP0005,E00018859,0,0,0,0,0,0
00BCGP0006,E00018860,0,0,0,0,0,0
00BCGF0023,E00018595,0,0,0,0,0,0
00BCFZ0018,E00018389,0,0,0,0,0,0
00ARGS0029,E00011805,0,0,0,0,0,0
00BCFZ0003,E00018374,0,0,0,0,0,0
00BCGF0026,E00018598,0,0,0,0,0,0
00BCGF0020,E00018592,0,0,0,0,0,0
00BCFZ0001,E00018372,0,0,0,0,0,0
00BCFZ0033,E00018404,0,0,0,0,0,0
00BCFZ0011,E00018382,0,0,0,0,0,0
00BCGD0018,E00018527,0,0,0,0,0,0
00BCGD0008,E00018517,0,0,0,0,0,0
00BCGD0013,E00018522,0,0,0,0,0,0
00BCGH0016,E00018656,0,0,0,0,0,0
00BCFZ0027,E00018398,0,0,0,0,0,0
00BCGD0005,E00018514,0,0,0,0,0,0
00BCFZ0020,E00018391,0,0,0,0,0,0
00BCGF0021,E00018593,0,0,0,0,0,0
00BCGP0028,E00018882,0,0,0,0,0,0
00BCGP0035,E00018889,0,0,0,0,0,0
00BCGP0029,E00018883,0,0,0,0,0,0
00BCFZ0019,E00018390,0,0,0,0,0,0
00BCFY0030,E00018366,0,0,0,0,0,0
00BCFY0034,E00018370,0,0,0,0,0,0
00BCFY0031,E00018367,0,0,0,0,0,0
00BCFZ0017,E00018388,0,0,0,0,0,0
00BCFZ0013,E00018384,0,0,0,0,0,0
00BCFZ0012,E00018383,0,0,0,0,0,0
00BCFZ0031,E00018402,0,0,0,0,0,0
00BCFZ0004,E00018375,0,0,0,0,0,0
00BCFZ0029,E00018400,0,0,0,0,0,0
00BCFZ0015,E00018386,0,0,0,0,0,0
00BCFZ0008,E00018379,0,0,0,0,0,0
00BCFY0025,E00018361,0,0,0,0,0,0
00BCFZ0010,E00018381,0,0,0,0,0,0
00BCFZ0002,E00018373,0,0,0,0,0,0
00BCFZ0005,E00018376,0,0,0,0,0,0
00BCFZ0014,E00018385,0,0,0,0,0,0
00BCGP0036,E00018890,0,0,0,0,0,0
00BCFY0020,E00018356,0,0,0,0,0,0
00BCFZ0032,E00018403,0,0,0,0,0,0
00BCFZ0030,E00018401,0,0,0,0,0,0
00ARGC0038,E00011239,0,0,0,0,0,0
00BCFY0033,E00018369,0,0,0,0,0,0
00BCGP0034,E00018888,0,0,0,0,0,0
00BCGP0033,E00018887,0,0,0,0,0,0
00BCFY0032,E00018368,0,0,0,0,0,0
00BCGP0030,E00018884,0,0,0,0,0,0
00BCGP0037,E00018891,0,0,0,0,0,0
00BCFY0028,E00018364,0,0,0,0,0,0
00BCFY0029,E00018365,0,0,0,0,0,0
00BCGP0027,E00018881,0,0,0,0,0,0
00ARGK0006,E00011498,0,0,0,0,0,0
00BCFY0026,E00018362,0,0,0,0,0,0
00BCFY0027,E00018363,0,0,0,0,0,0
00BCFZ0026,E00018397,0,0,0,0,0,0
00BCFY0023,E00018359,0,0,0,0,0,0
00BCFY0013,E00018349,0,0,0,0,0,0
00BCFY0019,E00018355,0,0,0,0,0,0
00BCFY0021,E00018357,0,0,0,0,0,0
00BCFZ0022,E00018393,0,0,0,0,0,0
00BCFY0022,E00018358,0,0,0,0,0,0
00BCFY0016,E00018352,0,0,0,0,0,0
00BCFY0018,E00018354,0,0,0,0,0,0
00BCFZ0023,E00018394,0,0,0,0,0,0
00BCFY0006,E00018342,0,0,0,0,0,0
00BCGD0014,E00018523,0,0,0,0,0,0
00BCGD0015,E00018524,0,0,0,0,0,0
00BCFZ0028,E00018399,0,0,0,0,0,0
00BCFZ0025,E00018396,0,0,0,0,0,0
00BCFY0009,E00018345,0,0,0,0,0,0
00BCFZ0024,E00018395,0,0,0,0,0,0
00BCGH0025,E00018665,0,0,0,0,0,0
00BCFZ0021,E00018392,0,0,0,0,0,0
00BCGH0022,E00018662,0,0,0,0,0,0
00BCFY0004,E00018340,0,0,0,0,0,0
00BCGH0026,E00018666,0,0,0,0,0,0
00BCGH0002,E00018642,0,0,0,0,0,0
00BCGD0007,E00018516,0,0,0,0,0,0
00BCGH0019,E00018659,0,0,0,0,0,0
00BCGG0029,E00018634,0,0,0,0,0,0
00BCGH0024,E00018664,0,0,0,0,0,0
00BCGH0027,E00018667,0,0,0,0,0,0
00BCGR0020,E00018947,0,0,0,0,0,0
00BCGH0013,E00018653,0,0,0,0,0,0
00BCGH0023,E00018663,0,0,0,0,0,0
00BCGH0017,E00018657,0,0,0,0,0,0
00AKGT0038,E00007245,0,0,0,0,0,0
00BCFY0002,E00018338,0,0,0,0,0,0
00BCFY0008,E00018344,0,0,0,0,0,0
00BCFY0011,E00018347,0,0,0,0,0,0
00BCFY0001,E00018337,0,0,0,0,0,0
00BCFY0035,E00018371,0,0,0,0,0,0
00BCFY0012,E00018348,0,0,0,0,0,0
00BCGG0028,E00018633,0,0,0,0,0,0
00BCGG0027,E00018632,0,0,0,0,0,0
00BCGG0030,E00018635,0,0,0,0,0,0
00BCGR0025,E00018952,0,0,0,0,0,0
00BCGH0021,E00018661,0,0,0,0,0,0
00BCGG0026,E00018631,0,0,0,0,0,0
00BCGR0028,E00018955,0,0,0,0,0,0
00BCGR0030,E00018957,0,0,0,0,0,0
00BCGR0026,E00018953,0,0,0,0,0,0
00BCGH0031,E00018671,0,0,0,0,0,0
00BCGR0003,E00018930,0,0,0,0,0,0
00BCGB0001,E00018442,0,0,0,0,0,0
00BCGR0022,E00018949,0,0,0,0,0,0
00BCGB0035,E00018476,0,0,0,0,0,0
00ABGP0028,E00000572,0,0,0,0,0,0
00BCGR0019,E00018946,0,0,0,0,0,0
00BCGR0015,E00018942,0,0,0,0,0,0
00AKGQ0029,E00007102,0,0,0,0,0,0
00BCGR0023,E00018950,0,0,0,0,0,0
00BCGR0016,E00018943,0,0,0,0,0,0
00BCGR0017,E00018944,0,0,0,0,0,0
00BCGR0014,E00018941,0,0,0,0,0,0
00BCGB0030,E00018471,0,0,0,0,0,0
00BCGB0031,E00018472,0,0,0,0,0,0
00BCGB0033,E00018474,0,0,0,0,0,0
00BCGB0021,E00018462,0,0,0,0,0,0
00BCGB0034,E00018475,0,0,0,0,0,0
00BCFY0024,E00018360,0,0,0,0,0,0
00BCFY0015,E00018351,0,0,0,0,0,0
00BCGP0025,E00018879,0,0,0,0,0,0
00BCGP0026,E00018880,0,0,0,0,0,0
00AKGY0034,E00007409,0,0,0,0,0,0
00BCFY0010,E00018346,0,0,0,0,0,0
00AKGY0027,E00007402,0,0,0,0,0,0
00BCGB0022,E00018463,0,0,0,0,0,0
00BCGB0023,E00018464,0,0,0,0,0,0
00BCGP0024,E00018878,0,0,0,0,0,0
00AKGQ0030,E00007103,0,0,0,0,0,0
00BCFY0003,E00018339,0,0,0,0,0,0
00BCGB0025,E00018466,0,0,0,0,0,0
00BCFY0014,E00018350,0,0,0,0,0,0
00BCFY0007,E00018343,0,0,0,0,0,0
00BCGR0013,E00018940,0,0,0,0,0,0
00BCGB0026,E00018467,0,0,0,0,0,0
00BCGB0029,E00018470,0,0,0,0,0,0
00AKGU0037,E00007284,0,0,0,0,0,0
00BCGB0024,E00018465,0,0,0,0,0,0
00BCGB0028,E00018469,0,0,0,0,0,0
00BCGB0027,E00018468,0,0,0,0,0,0
00BCGB0032,E00018473,0,0,0,0,0,0
00BCGB0019,E00018460,0,0,0,0,0,0
00BCGB0009,E00018450,0,0,0,0,0,0
00BCGB0007,E00018448,0,0,0,0,0,0
00BCGB0018,E00018459,0,0,0,0,0,0
00BCGB0012,E00018453,0,0,0,0,0,0
00BCGB0020,E00018461,0,0,0,0,0,0
00BCGB0008,E00018449,0,0,0,0,0,0
00BCGB0010,E00018451,0,0,0,0,0,0
00BCGB0015,E00018456,0,0,0,0,0,0
00BCGB0011,E00018452,0,0,0,0,0,0
00ABGA0009,E00000143,0,0,0,0,0,0
00BCGB0017,E00018458,0,0,0,0,0,0
00BCGB0013,E00018454,0,0,0,0,0,0
00BCGB0014,E00018455,0,0,0,0,0,0
00ABGP0019,E00000563,0,0,0,0,0,0
00BCGB0016,E00018457,0,0,0,0,0,0
00ABGA0006,E00000140,0,0,0,0,0,0
00ABGA0032,E00000166,0,0,0,0,0,0
00ABGA0003,E00000137,0,0,0,0,0,0
00ABGA0027,E00000161,0,0,0,0,0,0
00ABGA0028,E00000162,0,0,0,0,0,0
00ABGA0030,E00000164,0,0,0,0,0,0
00ABGA0031,E00000165,0,0,0,0,0,0
00BCGH0009,E00018649,0,0,0,0,0,0
00BCGH0032,E00018672,0,0,0,0,0,0
00BCGH0011,E00018651,0,0,0,0,0,0
00BCGH0008,E00018648,0,0,0,0,0,0
00BCGH0010,E00018650,0,0,0,0,0,0
00BCGH0007,E00018647,0,0,0,0,0,0
00BCGH0006,E00018646,0,0,0,0,0,0
00BCGH0012,E00018652,0,0,0,0,0,0
00BCGH0015,E00018655,0,0,0,0,0,0
00BCGH0036,E00018676,0,0,0,0,0,0
00BCGG0025,E00018630,0,0,0,0,0,0
00BCGG0024,E00018629,0,0,0,0,0,0
00BCGH0028,E00018668,0,0,0,0,0,0
00BCGH0037,E00018677,0,0,0,0,0,0
00BCGH0033,E00018673,0,0,0,0,0,0
00BCGG0022,E00018627,0,0,0,0,0,0
00BCGH0005,E00018645,0,0,0,0,0,0
00BCGH0034,E00018674,0,0,0,0,0,0
00BCGG0005,E00018610,0,0,0,0,0,0
00BCGG0017,E00018622,0,0,0,0,0,0
00AKHA0020,E00007478,0,0,0,0,0,0
00BCGG0003,E00018608,0,0,0,0,0,0
00BCGG0011,E00018616,0,0,0,0,0,0
00BCGG0018,E00018623,0,0,0,0,0,0
00BCGG0034,E00018639,0,0,0,0,0,0
00BCGG0021,E00018626,0,0,0,0,0,0
00BCGG0023,E00018628,0,0,0,0,0,0
00BCGG0012,E00018617,0,0,0,0,0,0
00BCGG0013,E00018618,0,0,0,0,0,0
00ABGA0014,E00000148,0,0,0,0,0,0
00BCGG0019,E00018624,0,0,0,0,0,0
00BCGG0016,E00018621,0,0,0,0,0,0
00BCGG0002,E00018607,0,0,0,0,0,0
00BCGG0015,E00018620,0,0,0,0,0,0
00BCGG0014,E00018619,0,0,0,0,0,0
00BCGG0035,E00018640,0,0,0,0,0,0
00BCGG0009,E00018614,0,0,0,0,0,0
00BCGK0037,E00018747,0,0,0,0,0,0
00BCGG0031,E00018636,0,0,0,0,0,0
00BCGG0032,E00018637,0,0,0,0,0,0
00BCGK0001,E00018711,0,0,0,0,0,0
00BCGG0007,E00018612,0,0,0,0,0,0
00BCGK0034,E00018744,0,0,0,0,0,0
00BCGK0028,E00018738,0,0,0,0,0,0
00BCGK0019,E00018729,0,0,0,0,0,0
00BCGK0011,E00018721,0,0,0,0,0,0
00BHGB0019,E00021926,0,0,0,0,0,0
00BCGK0007,E00018717,0,0,0,0,0,0
00BCGG0020,E00018625,0,0,0,0,0,0
00BCGG0006,E00018611,0,0,0,0,0,0
00BCGG0001,E00018606,0,0,0,0,0,0
00BCGK0030,E00018740,0,0,0,0,0,0
00BCGK0029,E00018739,0,0,0,0,0,0
00BCGK0024,E00018734,0,0,0,0,0,0
00BCGK0004,E00018714,0,0,0,0,0,0
00BCGK0032,E00018742,0,0,0,0,0,0
00BCGK0010,E00018720,0,0,0,0,0,0
00BCGK0016,E00018726,0,0,0,0,0,0
00BCGG0008,E00018613,0,0,0,0,0,0
00BCGG0033,E00018638,0,0,0,0,0,0
00BCGK0031,E00018741,0,0,0,0,0,0
00BCGK0025,E00018735,0,0,0,0,0,0
00BCGK0035,E00018745,0,0,0,0,0,0
00BCGK0033,E00018743,0,0,0,0,0,0
00BCGK0018,E00018728,0,0,0,0,0,0
00BCGK0021,E00018731,0,0,0,0,0,0
00BCGK0023,E00018733,0,0,0,0,0,0
00BCGK0036,E00018746,0,0,0,0,0,0
00AKGX0003,E00007337,0,0,0,0,0,0
00BCGK0009,E00018719,0,0,0,0,0,0
00BCGK0015,E00018725,0,0,0,0,0,0
00BCGK0012,E00018722,0,0,0,0,0,0
00BCGK0017,E00018727,0,0,0,0,0,0
00BCGK0022,E00018732,0,0,0,0,0,0
00BCGK0003,E00018713,0,0,0,0,0,0
00BCGK0006,E00018716,0,0,0,0,0,0
00BCGK0002,E00018712,0,0,0,0,0,0
00BCGK0038,E00018748,0,0,0,0,0,0
00BCGK0040,E00018750,0,0,0,0,0,0
00BCGK0020,E00018730,0,0,0,0,0,0
00ABGA0007,E00000141,0,0,0,0,0,0
00BCGK0013,E00018723,0,0,0,0,0,0
00BCGK0008,E00018718,0,0,0,0,0,0
00BCGK0014,E00018724,0,0,0,0,0,0
00ABGP0024,E00000568,0,0,0,0,0,0
00ABGP0027,E00000571,0,0,0,0,0,0
00ABGP0029,E00000573,0,0,0,0,0,0
00ABGP0023,E00000567,0,0,0,0,0,0
00ARGC0001,E00011202,0,0,0,0,0,0
00ARGC0003,E00011204,0,0,0,0,0,0
00ABGP0025,E00000569,0,0,0,0,0,0
00ABGP0026,E00000570,0,0,0,0,0,0
00ARGC0037,E00011238,0,0,0,0,0,0
00ABGP0020,E00000564,0,0,0,0,0,0
00ABGP0021,E00000565,0,0,0,0,0,0
00ARGC0034,E00011235,0,0,0,0,0,0
00ABGA0019,E00000153,0,0,0,0,0,0
00ABGA0020,E00000154,0,0,0,0,0,0
00ABGA0016,E00000150,0,0,0,0,0,0
00ABGA0011,E00000145,0,0,0,0,0,0
00ABGA0001,E00000135,0,0,0,0,0,0
00ABGA0008,E00000142,0,0,0,0,0,0
00ABGA0029,E00000163,0,0,0,0,0,0
00ABGA0024,E00000158,0,0,0,0,0,0
00ABGA0004,E00000138,0,0,0,0,0,0
00ABGA0026,E00000160,0,0,0,0,0,0
00ABGA0005,E00000139,0,0,0,0,0,0
00ABGA0018,E00000152,0,0,0,0,0,0
00ABGA0021,E00000155,0,0,0,0,0,0
00ABGP0022,E00000566,0,0,0,0,0,0
00ABGP0017,E00000561,0,0,0,0,0,0
00ABGA0002,E00000136,0,0,0,0,0,0
00ABGP0016,E00000560,0,0,0,0,0,0
00ABGP0018,E00000562,0,0,0,0,0,0
00ABGA0013,E00000147,0,0,0,0,0,0
00ABGA0015,E00000149,0,0,0,0,0,0
00ABGA0010,E00000144,0,0,0,0,0,0
00ABGA0012,E00000146,0,0,0,0,0,0
00ABGA0017,E00000151,0,0,0,0,0,0
00ARGC0041,E00011242,0,0,0,0,0,0
00ARGC0039,E00011240,0,0,0,0,0,0
00ARGC0030,E00011231,0,0,0,0,0,0
00ARGC0031,E00011232,0,0,0,0,0,0
00ARGC0040,E00011241,0,0,0,0,0,0
00ARGC0036,E00011237,0,0,0,0,0,0
00ARGC0032,E00011233,0,0,0,0,0,0
00ARGC0016,E00011217,0,0,0,0,0,0
00ARGC0028,E00011229,0,0,0,0,0,0
00ARGC0023,E00011224,0,0,0,0,0,0
00ARGC0024,E00011225,0,0,0,0,0,0
00ARGC0020,E00011221,0,0,0,0,0,0
00ABGA0023,E00000157,0,0,0,0,0,0
00ARGN0039,E00011649,0,0,0,0,0,0
00ARGN0036,E00011646,0,0,0,0,0,0
00ARGP0011,E00011662,0,0,0,0,0,0
00ARGN0038,E00011648,0,0,0,0,0,0
00ARGN0034,E00011644,0,0,0,0,0,0
00ARGN0035,E00011645,0,0,0,0,0,0
00ARGC0017,E00011218,0,0,0,0,0,0
00ARGN0037,E00011647,0,0,0,0,0,0
00ARGN0041,E00011651,0,0,0,0,0,0
00ARGN0027,E00011637,0,0,0,0,0,0
00ARGN0033,E00011643,0,0,0,0,0,0
00ARGP0012,E00011663,0,0,0,0,0,0
00ARGN0029,E00011639,0,0,0,0,0,0
00ARGN0030,E00011640,0,0,0,0,0,0
00ARGN0032,E00011642,0,0,0,0,0,0
00ARGN0004,E00011614,0,0,0,0,0,0
00ARGN0028,E00011638,0,0,0,0,0,0
00ARGC0042,E00011243,0,0,0,0,0,0
00ARGC0035,E00011236,0,0,0,0,0,0
00BHGA0021,E00021895,0,0,0,0,0,0
00BCGN0007,E00018828,0,0,0,0,0,0
00BHGA0008,E00021882,0,0,0,0,0,0
00BHGA0009,E00021883,0,0,0,0,0,0
00BHGB0004,E00021911,0,0,0,0,0,0
00ARGR0002,E00011731,0,0,0,0,0,0
00ARGM0035,E00011607,0,0,0,0,0,0
00ARGM0037,E00011609,0,0,0,0,0,0
00ARGM0036,E00011608,0,0,0,0,0,0
00ARGR0043,E00011772,0,0,0,0,0,0
00ARGC0019,E00011220,0,0,0,0,0,0
00ARGR0044,E00011773,0,0,0,0,0,0
00ARGR0045,E00011774,0,0,0,0,0,0
00AKHA0001,E00007459,0,0,0,0,0,0
00ARGR0041,E00011770,0,0,0,0,0,0
00ARGR0047,E00011776,0,0,0,0,0,0
00ARGM0034,E00011606,0,0,0,0,0,0
00ARGM0031,E00011603,0,0,0,0,0,0
00ARGC0033,E00011234,0,0,0,0,0,0
00ARGC0025,E00011226,0,0,0,0,0,0
00ARGR0036,E00011765,0,0,0,0,0,0
00ARGR0035,E00011764,0,0,0,0,0,0
00ARGC0022,E00011223,0,0,0,0,0,0
00ARGC0026,E00011227,0,0,0,0,0,0
00ARGC0029,E00011230,0,0,0,0,0,0
00AKGN0020,E00007010,0,0,0,0,0,0
00ARGC0021,E00011222,0,0,0,0,0,0
00ARGN0031,E00011641,0,0,0,0,0,0
00ARGC0013,E00011214,0,0,0,0,0,0
00ARGC0015,E00011216,0,0,0,0,0,0
00ARGP0020,E00011671,0,0,0,0,0,0
00ARGC0014,E00011215,0,0,0,0,0,0
00ARGR0038,E00011767,0,0,0,0,0,0
00ARGP0014,E00011665,0,0,0,0,0,0
00ARGR0031,E00011760,0,0,0,0,0,0
00ARGR0001,E00011730,0,0,0,0,0,0
00ARGR0034,E00011763,0,0,0,0,0,0
00ARGR0037,E00011766,0,0,0,0,0,0
00ARGR0040,E00011769,0,0,0,0,0,0
00ARGR0033,E00011762,0,0,0,0,0,0
00ARGR0039,E00011768,0,0,0,0,0,0
00ARGR0029,E00011758,0,0,0,0,0,0
00ARGR0023,E00011752,0,0,0,0,0,0
00ARGR0009,E00011738,0,0,0,0,0,0
00ARGC0027,E00011228,0,0,0,0,0,0
00ARGR0013,E00011742,0,0,0,0,0,0
00ARGR0024,E00011753,0,0,0,0,0,0
00ARGR0020,E00011749,0,0,0,0,0,0
00ARGR0042,E00011771,0,0,0,0,0,0
00ARGR0030,E00011759,0,0,0,0,0,0
00ARGR0046,E00011775,0,0,0,0,0,0
00ARGM0003,E00011575,0,0,0,0,0,0
00ARGR0028,E00011757,0,0,0,0,0,0
00ARGU0028,E00011889,0,0,0,0,0,0
00ARGR0015,E00011744,0,0,0,0,0,0
00ARGR0017,E00011746,0,0,0,0,0,0
00ARGR0022,E00011751,0,0,0,0,0,0
00ARGR0032,E00011761,0,0,0,0,0,0
00ARGR0026,E00011755,0,0,0,0,0,0
00ARGK0007,E00011499,0,0,0,0,0,0
00ARGR0027,E00011756,0,0,0,0,0,0
00ARGP0016,E00011667,0,0,0,0,0,0
00ARGR0019,E00011748,0,0,0,0,0,0
00ARGR0025,E00011754,0,0,0,0,0,0
00ARGU0030,E00011891,0,0,0,0,0,0
00ARGU0029,E00011890,0,0,0,0,0,0
00ARGU0024,E00011885,0,0,0,0,0,0
00AKGX0007,E00007341,0,0,0,0,0,0
00ARGU0025,E00011886,0,0,0,0,0,0
00ARGU0031,E00011892,0,0,0,0,0,0
00AKGU0004,E00007251,0,0,0,0,0,0
00ARGC0018,E00011219,0,0,0,0,0,0
00ARGP0026,E00011677,0,0,0,0,0,0
00AKGX0011,E00007345,0,0,0,0,0,0
00ARGP0027,E00011678,0,0,0,0,0,0
00ARGR0014,E00011743,0,0,0,0,0,0
00AKGU0018,E00007265,0,0,0,0,0,0
00ARGP0028,E00011679,0,0,0,0,0,0
00ARGP0025,E00011676,0,0,0,0,0,0
00ARGP0021,E00011672,0,0,0,0,0,0
00ARGR0005,E00011734,0,0,0,0,0,0
00ARGR0007,E00011736,0,0,0,0,0,0
00ARGR0010,E00011739,0,0,0,0,0,0
00AKGN0021,E00007011,0,0,0,0,0,0
00ARGR0003,E00011732,0,0,0,0,0,0
00ARGP0023,E00011674,0,0,0,0,0,0
00ARGN0006,E00011616,0,0,0,0,0,0
00AKGN0026,E00007016,0,0,0,0,0,0
00ARGP0018,E00011669,0,0,0,0,0,0
00ARGN0017,E00011627,0,0,0,0,0,0
00ARGP0019,E00011670,0,0,0,0,0,0
00ARGP0022,E00011673,0,0,0,0,0,0
00ARGP0013,E00011664,0,0,0,0,0,0
00ARGP0024,E00011675,0,0,0,0,0,0
00ARGR0011,E00011740,0,0,0,0,0,0
00AKGQ0024,E00007097,0,0,0,0,0,0
00ARGR0006,E00011735,0,0,0,0,0,0
00ARGR0016,E00011745,0,0,0,0,0,0
00ARGR0008,E00011737,0,0,0,0,0,0
00ARGR0018,E00011747,0,0,0,0,0,0
00ARGU0005,E00011866,0,0,0,0,0,0
00ARGU0010,E00011871,0,0,0,0,0,0
00ARGR0012,E00011741,0,0,0,0,0,0
00ARGU0009,E00011870,0,0,0,0,0,0
00ARGP0005,E00011656,0,0,0,0,0,0
00ABGA0022,E00000156,0,0,0,0,0,0
00ARGN0022,E00011632,0,0,0,0,0,0
00ARGN0025,E00011635,0,0,0,0,0,0
00ARGN0024,E00011634,0,0,0,0,0,0
00ARGN0026,E00011636,0,0,0,0,0,0
00ARGN0023,E00011633,0,0,0,0,0,0
00ARGP0003,E00011654,0,0,0,0,0,0
00AKGU0006,E00007253,0,0,0,0,0,0
00ARGN0015,E00011625,0,0,0,0,0,0
00ARGN0011,E00011621,0,0,0,0,0,0
00ARGN0003,E00011613,0,0,0,0,0,0
00ARGN0020,E00011630,0,0,0,0,0,0
00ARGN0021,E00011631,0,0,0,0,0,0
00ARGN0016,E00011626,0,0,0,0,0,0
00ARGN0002,E00011612,0,0,0,0,0,0
00ARGN0018,E00011628,0,0,0,0,0,0
00ARGN0007,E00011617,0,0,0,0,0,0
00ARGN0012,E00011622,0,0,0,0,0,0
00ARGK0020,E00011512,0,0,0,0,0,0
00ARGN0005,E00011615,0,0,0,0,0,0
00ARGK0036,E00011528,0,0,0,0,0,0
00ARGK0033,E00011525,0,0,0,0,0,0
00ARGN0009,E00011619,0,0,0,0,0,0
00ARGK0031,E00011523,0,0,0,0,0,0
00ARGK0029,E00011521,0,0,0,0,0,0
00ARGK0028,E00011520,0,0,0,0,0,0
00ARGK0035,E00011527,0,0,0,0,0,0
00ARGN0010,E00011620,0,0,0,0,0,0
00ARGN0008,E00011618,0,0,0,0,0,0
00ARGK0034,E00011526,0,0,0,0,0,0
00ARGK0025,E00011517,0,0,0,0,0,0
00ARGK0016,E00011508,0,0,0,0,0,0
00ARGK0026,E00011518,0,0,0,0,0,0
00ARGK0001,E00011493,0,0,0,0,0,0
00ARGK0018,E00011510,0,0,0,0,0,0
00ARGK0011,E00011503,0,0,0,0,0,0
00ARGK0013,E00011505,0,0,0,0,0,0
00ARGK0024,E00011516,0,0,0,0,0,0
00ARGK0015,E00011507,0,0,0,0,0,0
00ARGK0008,E00011500,0,0,0,0,0,0
00ARGK0010,E00011502,0,0,0,0,0,0
00ARGK0017,E00011509,0,0,0,0,0,0
00ARGK0021,E00011513,0,0,0,0,0,0
00ARGK0012,E00011504,0,0,0,0,0,0
00ARGP0007,E00011658,0,0,0,0,0,0
00ARGP0002,E00011653,0,0,0,0,0,0
00AKGU0045,E00007292,0,0,0,0,0,0
00AKGU0008,E00007255,0,0,0,0,0,0
00ARGP0010,E00011661,0,0,0,0,0,0
00ARGP0015,E00011666,0,0,0,0,0,0
00ARGP0009,E00011660,0,0,0,0,0,0
00ARGP0006,E00011657,0,0,0,0,0,0
00ARGK0023,E00011515,0,0,0,0,0,0
00ARGP0008,E00011659,0,0,0,0,0,0
00ARGP0004,E00011655,0,0,0,0,0,0
00ARGK0002,E00011494,0,0,0,0,0,0
00ARGP0040,E00011691,0,0,0,0,0,0
00ARGP0038,E00011689,0,0,0,0,0,0
00ARGN0019,E00011629,0,0,0,0,0,0
00ARGP0039,E00011690,0,0,0,0,0,0
00ARGN0014,E00011624,0,0,0,0,0,0
00ARGK0027,E00011519,0,0,0,0,0,0
00ARGK0009,E00011501,0,0,0,0,0,0
00ARGN0013,E00011623,0,0,0,0,0,0
00ARGK0038,E00011530,0,0,0,0,0,0
00ARGK0005,E00011497,0,0,0,0,0,0
00ARGK0019,E00011511,0,0,0,0,0,0
00ARGP0001,E00011652,0,0,0,0,0,0
00ARGP0031,E00011682,0,0,0,0,0,0
00ARGP0035,E00011686,0,0,0,0,0,0
00ARGP0034,E00011685,0,0,0,0,0,0
00AKGQ0044,E00007117,0,0,0,0,0,0
00ARGP0036,E00011687,0,0,0,0,0,0
00ARGP0037,E00011688,0,0,0,0,0,0
00ARGK0037,E00011529,0,0,0,0,0,0
00ARGK0032,E00011524,0,0,0,0,0,0
00ARGP0032,E00011683,0,0,0,0,0,0
00ARGK0022,E00011514,0,0,0,0,0,0
00ARGP0029,E00011680,0,0,0,0,0,0
00ARGP0033,E00011684,0,0,0,0,0,0
00ARGP0030,E00011681,0,0,0,0,0,0
00AKGQ0022,E00007095,0,0,0,0,0,0
00ARGL0011,E00011542,0,0,0,0,0,0
00ARGL0008,E00011539,0,0,0,0,0,0
00ARGL0039,E00011570,0,0,0,0,0,0
00ARGL0009,E00011540,0,0,0,0,0,0
00ARGL0004,E00011535,0,0,0,0,0,0
00ARGL0033,E00011564,0,0,0,0,0,0
00ARGL0028,E00011559,0,0,0,0,0,0
00ARGL0025,E00011556,0,0,0,0,0,0
00AKGU0017,E00007264,0,0,0,0,0,0
00AKGZ0010,E00007425,0,0,0,0,0,0
00AKGU0020,E00007267,0,0,0,0,0,0
00AKGU0021,E00007268,0,0,0,0,0,0
00AKGU0013,E00007260,0,0,0,0,0,0
00AKGU0015,E00007262,0,0,0,0,0,0
00AKGQ0016,E00007089,0,0,0,0,0,0
00AKGU0019,E00007266,0,0,0,0,0,0
00AKGQ0042,E00007115,0,0,0,0,0,0
00AKGQ0003,E00007076,0,0,0,0,0,0
00AKGQ0040,E00007113,0,0,0,0,0,0
00AKGQ0047,E00007120,0,0,0,0,0,0
00AKGQ0046,E00007119,0,0,0,0,0,0
00AKGQ0038,E00007111,0,0,0,0,0,0
00AKGQ0043,E00007116,0,0,0,0,0,0
00AKGQ0028,E00007101,0,0,0,0,0,0
00AKGM0021,E00006969,0,0,0,0,0,0
00AKGM0028,E00006976,0,0,0,0,0,0
00AKGM0024,E00006972,0,0,0,0,0,0
00AKGM0027,E00006975,0,0,0,0,0,0
00AKGM0025,E00006973,0,0,0,0,0,0
00AKGT0039,E00007246,0,0,0,0,0,0
00AKGM0023,E00006971,0,0,0,0,0,0
00AKGM0013,E00006961,0,0,0,0,0,0
00AKGT0002,E00007209,0,0,0,0,0,0
00AKGU0010,E00007257,0,0,0,0,0,0
00AKGU0009,E00007256,0,0,0,0,0,0
00AKGU0011,E00007258,0,0,0,0,0,0
00AKGU0016,E00007263,0,0,0,0,0,0
00AKGU0014,E00007261,0,0,0,0,0,0
00AKGU0012,E00007259,0,0,0,0,0,0
00AKGQ0002,E00007075,0,0,0,0,0,0
00AKGQ0035,E00007108,0,0,0,0,0,0
00AKGQ0039,E00007112,0,0,0,0,0,0
00AKGQ0037,E00007110,0,0,0,0,0,0
00AKGQ0036,E00007109,0,0,0,0,0,0
00AKGQ0021,E00007094,0,0,0,0,0,0
00AKGQ0041,E00007114,0,0,0,0,0,0
00AKGQ0019,E00007092,0,0,0,0,0,0
00AKGQ0027,E00007100,0,0,0,0,0,0
00AKGU0007,E00007254,0,0,0,0,0,0
00AKGU0002,E00007249,0,0,0,0,0,0
00AKGU0039,E00007286,0,0,0,0,0,0
00AKGU0042,E00007289,0,0,0,0,0,0
00AKGU0043,E00007290,0,0,0,0,0,0
00AKGU0041,E00007288,0,0,0,0,0,0
00AKGU0035,E00007282,0,0,0,0,0,0
00AKGU0044,E00007291,0,0,0,0,0,0
00AKGQ0032,E00007105,0,0,0,0,0,0
00AKGQ0033,E00007106,0,0,0,0,0,0
00AKGQ0018,E00007091,0,0,0,0,0,0
00AKGX0006,E00007340,0,0,0,0,0,0
00AKGY0004,E00007379,0,0,0,0,0,0
00AKGY0001,E00007376,0,0,0,0,0,0
00AKGY0006,E00007381,0,0,0,0,0,0
00AKGY0007,E00007382,0,0,0,0,0,0
00AKGY0019,E00007394,0,0,0,0,0,0
00AKGU0005,E00007252,0,0,0,0,0,0
00AKGQ0020,E00007093,0,0,0,0,0,0
00AKGU0040,E00007287,0,0,0,0,0,0
00AKGU0003,E00007250,0,0,0,0,0,0
00AKGY0029,E00007404,0,0,0,0,0,0
00AKGY0033,E00007408,0,0,0,0,0,0
00AKGY0035,E00007410,0,0,0,0,0,0
00AKGY0018,E00007393,0,0,0,0,0,0
00AKGY0021,E00007396,0,0,0,0,0,0
00AKGY0030,E00007405,0,0,0,0,0,0
00AKGY0016,E00007391,0,0,0,0,0,0
00AKGY0039,E00007414,0,0,0,0,0,0
00AKGY0003,E00007378,0,0,0,0,0,0
00AKGY0036,E00007411,0,0,0,0,0,0
00AKGY0032,E00007407,0,0,0,0,0,0
00AKGY0023,E00007398,0,0,0,0,0,0
00AKGY0025,E00007400,0,0,0,0,0,0
00AKGY0038,E00007413,0,0,0,0,0,0
00AKGY0037,E00007412,0,0,0,0,0,0
00AKGY0040,E00007415,0,0,0,0,0,0
00BHGQ0033,E00022408,0,0,0,0,0,0
00BHGB0027,E00021934,0,0,0,0,0,0
00BHGK0034,E00022226,0,0,0,0,0,0
00BHGK0035,E00022227,0,0,0,0,0,0
00AKGY0022,E00007397,0,0,0,0,0,0
00AKGM0019,E00006967,0,0,0,0,0,0
00AKGM0001,E00006949,0,0,0,0,0,0
00AKGM0014,E00006962,0,0,0,0,0,0
00AKGY0009,E00007384,0,0,0,0,0,0
00AKGU0034,E00007281,0,0,0,0,0,0
00AKGM0018,E00006966,0,0,0,0,0,0
00AKGS0038,E00007204,0,0,0,0,0,0
00AKGX0038,E00007372,0,0,0,0,0,0
00AKGM0015,E00006963,0,0,0,0,0,0
00AKGX0034,E00007368,0,0,0,0,0,0
00AKGU0001,E00007248,0,0,0,0,0,0
00AKGU0036,E00007283,0,0,0,0,0,0
00AKGU0038,E00007285,0,0,0,0,0,0
00BHGB0029,E00021936,0,0,0,0,0,0
00AKGM0004,E00006952,0,0,0,0,0,0
00BHGB0002,E00021909,0,0,0,0,0,0
00BHGB0023,E00021930,0,0,0,0,0,0
00BHGB0007,E00021914,0,0,0,0,0,0
00BHGB0030,E00021937,0,0,0,0,0,0
00BHGB0013,E00021920,0,0,0,0,0,0
00AKGX0010,E00007344,0,0,0,0,0,0
00AKGM0009,E00006957,0,0,0,0,0,0
00AKGM0012,E00006960,0,0,0,0,0,0
00AKGM0039,E00006987,0,0,0,0,0,0
00AKGM0005,E00006953,0,0,0,0,0,0
00AKGM0011,E00006959,0,0,0,0,0,0
00AKGM0008,E00006956,0,0,0,0,0,0
00AKGM0010,E00006958,0,0,0,0,0,0
00AKGM0002,E00006950,0,0,0,0,0,0
00AKGY0015,E00007390,0,0,0,0,0,0
00AKGM0003,E00006951,0,0,0,0,0,0
00AKGM0006,E00006954,0,0,0,0,0,0
00AKGX0015,E00007349,0,0,0,0,0,0
00AKGM0007,E00006955,0,0,0,0,0,0
00AKGX0033,E00007367,0,0,0,0,0,0
00AKGM0040,E00006988,0,0,0,0,0,0
00AKGX0016,E00007350,0,0,0,0,0,0
00AKGX0031,E00007365,0,0,0,0,0,0
00AKHE0033,E00007654,0,0,0,0,0,0
00AKGY0010,E00007385,0,0,0,0,0,0
00AKGY0013,E00007388,0,0,0,0,0,0
00AKGX0039,E00007373,0,0,0,0,0,0
00AKGY0014,E00007389,0,0,0,0,0,0
00AKGX0040,E00007374,0,0,0,0,0,0
00AKHE0028,E00007649,0,0,0,0,0,0
00AKGY0011,E00007386,0,0,0,0,0,0
00AKGX0009,E00007343,0,0,0,0,0,0
00AKGY0008,E00007383,0,0,0,0,0,0
00AKGT0007,E00007214,0,0,0,0,0,0
00AKGX0028,E00007362,0,0,0,0,0,0
00AKGX0024,E00007358,0,0,0,0,0,0
00AKGX0022,E00007356,0,0,0,0,0,0
00AKGX0021,E00007355,0,0,0,0,0,0
00AKGX0029,E00007363,0,0,0,0,0,0
00AKGX0025,E00007359,0,0,0,0,0,0
00AKGX0023,E00007357,0,0,0,0,0,0
00AKGX0030,E00007364,0,0,0,0,0,0
00AKGY0031,E00007406,0,0,0,0,0,0
00AKGX0035,E00007369,0,0,0,0,0,0
00AKHA0038,E00007496,0,0,0,0,0,0
00BHGK0005,E00022197,0,0,0,0,0,0
00BHGQ0007,E00022382,0,0,0,0,0,0
00BHGQ0006,E00022381,0,0,0,0,0,0
00AKGY0026,E00007401,0,0,0,0,0,0
00BHGK0011,E00022203,0,0,0,0,0,0
00BHGQ0009,E00022384,0,0,0,0,0,0
00AKGY0005,E00007380,0,0,0,0,0,0
00BHGQ0004,E00022379,0,0,0,0,0,0
00BHGQ0005,E00022380,0,0,0,0,0,0
00AKGX0026,E00007360,0,0,0,0,0,0
00BHGQ0034,E00022409,0,0,0,0,0,0
00BHGQ0003,E00022378,0,0,0,0,0,0
00BHGQ0032,E00022407,0,0,0,0,0,0
00AKGY0017,E00007392,0,0,0,0,0,0
00AKGY0020,E00007395,0,0,0,0,0,0
00AKGY0024,E00007399,0,0,0,0,0,0
00AKGY0002,E00007377,0,0,0,0,0,0
00AKGX0004,E00007338,0,0,0,0,0,0
00AKGY0012,E00007387,0,0,0,0,0,0
00AKGX0037,E00007371,0,0,0,0,0,0
00AKGX0008,E00007342,0,0,0,0,0,0
00AKGX0017,E00007351,0,0,0,0,0,0
00AKGX0041,E00007375,0,0,0,0,0,0
00AKGX0036,E00007370,0,0,0,0,0,0
00AKGX0027,E00007361,0,0,0,0,0,0
00BHGB0018,E00021925,0,0,0,0,0,0
00BHGB0017,E00021924,0,0,0,0,0,0
00AKGX0013,E00007347,0,0,0,0,0,0
00AKGX0032,E00007366,0,0,0,0,0,0
00AKGX0001,E00007335,0,0,0,0,0,0
00AKGX0012,E00007346,0,0,0,0,0,0
00AKGX0014,E00007348,0,0,0,0,0,0
00AKGX0002,E00007336,0,0,0,0,0,0
00AKGX0005,E00007339,0,0,0,0,0,0
00BHGB0010,E00021917,0,0,0,0,0,0
00BHGA0011,E00021885,0,0,0,0,0,0
00AKGT0026,E00007233,0,0,0,0,0,0
00BHGA0031,E00021905,0,0,0,0,0,0
00BHGA0032,E00021906,0,0,0,0,0,0
00BHGA0030,E00021904,0,0,0,0,0,0
00AKGT0025,E00007232,0,0,0,0,0,0
00AKGT0028,E00007235,0,0,0,0,0,0
00AKGT0020,E00007227,0,0,0,0,0,0
00AKGM0042,E00006990,0,0,0,0,0,0
00AKGM0037,E00006985,0,0,0,0,0,0
00AKGM0041,E00006989,0,0,0,0,0,0
00AKGM0038,E00006986,0,0,0,0,0,0
00AKGM0036,E00006984,0,0,0,0,0,0
00AKGM0035,E00006983,0,0,0,0,0,0
00AKGX0020,E00007354,0,0,0,0,0,0
00AKHA0036,E00007494,0,0,0,0,0,0
00AKGM0033,E00006981,0,0,0,0,0,0
00AKHA0035,E00007493,0,0,0,0,0,0
00AKGM0031,E00006979,0,0,0,0,0,0
00AKHA0026,E00007484,0,0,0,0,0,0
00AKHA0037,E00007495,0,0,0,0,0,0
00AKGT0014,E00007221,0,0,0,0,0,0
00AKGT0015,E00007222,0,0,0,0,0,0
00AKHE0044,E00007665,0,0,0,0,0,0
00AKHE0031,E00007652,0,0,0,0,0,0
00AKHE0021,E00007642,0,0,0,0,0,0
00AKHE0036,E00007657,0,0,0,0,0,0
00AKHE0018,E00007639,0,0,0,0,0,0
00AKGN0032,E00007022,0,0,0,0,0,0
00AKGT0016,E00007223,0,0,0,0,0,0
00AKGT0019,E00007226,0,0,0,0,0,0
00AKGM0034,E00006982,0,0,0,0,0,0
00AKGM0030,E00006978,0,0,0,0,0,0
00AKHB0041,E00007538,0,0,0,0,0,0
00AKHB0003,E00007500,0,0,0,0,0,0
00AKHB0004,E00007501,0,0,0,0,0,0
00AKHB0006,E00007503,0,0,0,0,0,0
00AKHB0007,E00007504,0,0,0,0,0,0
00AKHB0008,E00007505,0,0,0,0,0,0
00AKHB0011,E00007508,0,0,0,0,0,0
00AKHB0039,E00007536,0,0,0,0,0,0
00AKGM0032,E00006980,0,0,0,0,0,0
00AKHB0009,E00007506,0,0,0,0,0,0
00AKGT0011,E00007218,0,0,0,0,0,0
00AKHB0031,E00007528,0,0,0,0,0,0
00AKHE0043,E00007664,0,0,0,0,0,0
00AKHB0037,E00007534,0,0,0,0,0,0
00AKHB0040,E00007537,0,0,0,0,0,0
00AKHB0030,E00007527,0,0,0,0,0,0
00AKHE0042,E00007663,0,0,0,0,0,0
00AKHB0034,E00007531,0,0,0,0,0,0
00AKHB0027,E00007524,0,0,0,0,0,0
00AKHB0028,E00007525,0,0,0,0,0,0
00AKHB0032,E00007529,0,0,0,0,0,0
00AKHB0035,E00007532,0,0,0,0,0,0
00AKHB0033,E00007530,0,0,0,0,0,0
00AKHB0038,E00007535,0,0,0,0,0,0
00AKHB0001,E00007498,0,0,0,0,0,0
00AKHB0005,E00007502,0,0,0,0,0,0
00AKHB0010,E00007507,0,0,0,0,0,0
00AKHA0029,E00007487,0,0,0,0,0,0
00AKHB0002,E00007499,0,0,0,0,0,0
00AKHB0025,E00007522,0,0,0,0,0,0
00AKHB0036,E00007533,0,0,0,0,0,0
00AKHA0008,E00007466,0,0,0,0,0,0
00AKGR0024,E00007147,0,0,0,0,0,0
00AKHE0035,E00007656,0,0,0,0,0,0
00AKHE0029,E00007650,0,0,0,0,0,0
00AKHE0041,E00007662,0,0,0,0,0,0
00AKHE0039,E00007660,0,0,0,0,0,0
00AKHE0037,E00007658,0,0,0,0,0,0
00AKHE0023,E00007644,0,0,0,0,0,0
00AKHB0029,E00007526,0,0,0,0,0,0
00AKHB0026,E00007523,0,0,0,0,0,0
00AKHE0030,E00007651,0,0,0,0,0,0
00AKHE0034,E00007655,0,0,0,0,0,0
00AKHE0024,E00007645,0,0,0,0,0,0
00AKHE0026,E00007647,0,0,0,0,0,0
00AKHE0019,E00007640,0,0,0,0,0,0
00AKHE0025,E00007646,0,0,0,0,0,0
00AKGN0037,E00007027,0,0,0,0,0,0
00AKHE0011,E00007632,0,0,0,0,0,0
00AKHE0009,E00007630,0,0,0,0,0,0
00AKGR0018,E00007141,0,0,0,0,0,0
00AKGN0029,E00007019,0,0,0,0,0,0
00AKHE0012,E00007633,0,0,0,0,0,0
00AKHE0017,E00007638,0,0,0,0,0,0
00AKHE0008,E00007629,0,0,0,0,0,0
00AKHE0001,E00007622,0,0,0,0,0,0
00AKGN0031,E00007021,0,0,0,0,0,0
00AKGR0006,E00007129,0,0,0,0,0,0
00AKHB0023,E00007520,0,0,0,0,0,0
00AKHB0021,E00007518,0,0,0,0,0,0
00AKHB0022,E00007519,0,0,0,0,0,0
00AKGR0012,E00007135,0,0,0,0,0,0
00AKGR0013,E00007136,0,0,0,0,0,0
00AKGR0023,E00007146,0,0,0,0,0,0
00AKHB0024,E00007521,0,0,0,0,0,0
00AKHB0017,E00007514,0,0,0,0,0,0
00AKGN0028,E00007018,0,0,0,0,0,0
00AKGN0036,E00007026,0,0,0,0,0,0
00AKHB0013,E00007510,0,0,0,0,0,0
00AKGN0038,E00007028,0,0,0,0,0,0
00AKGN0019,E00007009,0,0,0,0,0,0
00AKHF0018,E00007685,0,0,0,0,0,0
00AKHB0018,E00007515,0,0,0,0,0,0
00AKHB0020,E00007517,0,0,0,0,0,0
00AKHB0015,E00007512,0,0,0,0,0,0
00AKHB0019,E00007516,0,0,0,0,0,0
00AKHB0016,E00007513,0,0,0,0,0,0
00AKHA0028,E00007486,0,0,0,0,0,0
00AKHA0039,E00007497,0,0,0,0,0,0
00AKHA0034,E00007492,0,0,0,0,0,0
00AKHA0007,E00007465,0,0,0,0,0,0
00AKHA0017,E00007475,0,0,0,0,0,0
00AKHA0032,E00007490,0,0,0,0,0,0
00AKHA0023,E00007481,0,0,0,0,0,0
00AKHA0004,E00007462,0,0,0,0,0,0
00AKHA0013,E00007471,0,0,0,0,0,0
00AKHA0012,E00007470,0,0,0,0,0,0
00AKGR0021,E00007144,0,0,0,0,0,0
00AKHA0010,E00007468,0,0,0,0,0,0
00AKHA0030,E00007488,0,0,0,0,0,0
00AKHA0003,E00007461,0,0,0,0,0,0
00AKGR0011,E00007134,0,0,0,0,0,0
00AKGR0043,E00007166,0,0,0,0,0,0
00AKGR0019,E00007142,0,0,0,0,0,0
00AKGR0016,E00007139,0,0,0,0,0,0
00AKGR0002,E00007125,0,0,0,0,0,0
00AKHA0019,E00007477,0,0,0,0,0,0
00AKHA0033,E00007491,0,0,0,0,0,0
00AKGR0036,E00007159,0,0,0,0,0,0
00AKHA0016,E00007474,0,0,0,0,0,0
00AKHA0031,E00007489,0,0,0,0,0,0
00AKHA0015,E00007473,0,0,0,0,0,0
00AKHA0014,E00007472,0,0,0,0,0,0
00AKHA0021,E00007479,0,0,0,0,0,0
00AKHA0024,E00007482,0,0,0,0,0,0
00AKHA0022,E00007480,0,0,0,0,0,0
00AKHA0027,E00007485,0,0,0,0,0,0
00AKHA0006,E00007464,0,0,0,0,0,0
00AKGR0027,E00007150,0,0,0,0,0,0
00AKGR0026,E00007149,0,0,0,0,0,0
00AKHA0011,E00007469,0,0,0,0,0,0
00AKHA0002,E00007460,0,0,0,0,0,0
00AKHA0005,E00007463,0,0,0,0,0,0
00BHGA0001,E00021875,0,0,0,0,0,0
00AKGR0025,E00007148,0,0,0,0,0,0
00AKGR0001,E00007124,0,0,0,0,0,0
00AKGR0015,E00007138,0,0,0,0,0,0
00AKGR0022,E00007145,0,0,0,0,0,0
00AKGR0017,E00007140,0,0,0,0,0,0
00AKGR0008,E00007131,0,0,0,0,0,0
00AKHF0036,E00007703,0,0,0,0,0,0
00AKGR0014,E00007137,0,0,0,0,0,0
00AKGR0020,E00007143,0,0,0,0,0,0
00AKGR0010,E00007133,0,0,0,0,0,0
00AKGR0007,E00007130,0,0,0,0,0,0
00AKGR0009,E00007132,0,0,0,0,0,0
00AKGR0035,E00007158,0,0,0,0,0,0
00AKGR0039,E00007162,0,0,0,0,0,0
00AKGR0040,E00007163,0,0,0,0,0,0
00AKGR0042,E00007165,0,0,0,0,0,0
00AKGR0037,E00007160,0,0,0,0,0,0
00AKGR0041,E00007164,0,0,0,0,0,0
00AKGR0003,E00007126,0,0,0,0,0,0
00AKGR0005,E00007128,0,0,0,0,0,0
00AKGR0038,E00007161,0,0,0,0,0,0
00BHGK0008,E00022200,0,0,0,0,0,0
00BHGK0006,E00022198,0,0,0,0,0,0
00BHGK0013,E00022205,0,0,0,0,0,0
00BHGK0031,E00022223,0,0,0,0,0,0
00BHGF0029,E00022071,0,0,0,0,0,0
00BHGF0012,E00022054,0,0,0,0,0,0
00BHGF0028,E00022070,0,0,0,0,0,0
00BHGF0003,E00022045,0,0,0,0,0,0
00BCGN0013,E00018834,0,0,0,0,0,0
00BHGB0003,E00021910,0,0,0,0,0,0
00BHGK0004,E00022196,0,0,0,0,0,0
00BHGK0010,E00022202,0,0,0,0,0,0
00BHGK0009,E00022201,0,0,0,0,0,0
00BHGK0033,E00022225,0,0,0,0,0,0
00BHGF0011,E00022053,0,0,0,0,0,0
00BCGN0017,E00018838,0,0,0,0,0,0
00BCGN0012,E00018833,0,0,0,0,0,0
00AKGN0041,E00007031,0,0,0,0,0,0
00BHGB0028,E00021935,0,0,0,0,0,0
00BHGB0001,E00021908,0,0,0,0,0,0
00BHGB0032,E00021939,0,0,0,0,0,0
00BHGB0033,E00021940,0,0,0,0,0,0
00BHGA0004,E00021878,0,0,0,0,0,0
00BHGB0025,E00021932,0,0,0,0,0,0
00BHGA0033,E00021907,0,0,0,0,0,0
00BHGA0002,E00021876,0,0,0,0,0,0
00BHGB0026,E00021933,0,0,0,0,0,0
00BHGA0027,E00021901,0,0,0,0,0,0
00BHGB0024,E00021931,0,0,0,0,0,0
00BHGB0022,E00021929,0,0,0,0,0,0
00BHGB0031,E00021938,0,0,0,0,0,0
00BHGK0032,E00022224,0,0,0,0,0,0
00BHGF0021,E00022063,0,0,0,0,0,0
00BHGF0023,E00022065,0,0,0,0,0,0
00BHGB0011,E00021918,0,0,0,0,0,0
00BHGF0024,E00022066,0,0,0,0,0,0
00BHGF0026,E00022068,0,0,0,0,0,0
00BHGF0027,E00022069,0,0,0,0,0,0
00BHGB0014,E00021921,0,0,0,0,0,0
00BHGB0016,E00021923,0,0,0,0,0,0
00BHGB0021,E00021928,0,0,0,0,0,0
00AKHF0023,E00007690,0,0,0,0,0,0
00AKGR0028,E00007151,0,0,0,0,0,0
00AKGR0031,E00007154,0,0,0,0,0,0
00BHGB0008,E00021915,0,0,0,0,0,0
00BHGB0012,E00021919,0,0,0,0,0,0
00BHGF0018,E00022060,0,0,0,0,0,0
00BHGF0008,E00022050,0,0,0,0,0,0
00BHGA0006,E00021880,0,0,0,0,0,0
00BHGB0015,E00021922,0,0,0,0,0,0
00BHGB0020,E00021927,0,0,0,0,0,0
00BHGB0009,E00021916,0,0,0,0,0,0
00BHGF0010,E00022052,0,0,0,0,0,0
00BHGF0025,E00022067,0,0,0,0,0,0
00BHGA0023,E00021897,0,0,0,0,0,0
00AKHF0004,E00007671,0,0,0,0,0,0
00BHGF0020,E00022062,0,0,0,0,0,0
00BHGF0022,E00022064,0,0,0,0,0,0
00BHGF0009,E00022051,0,0,0,0,0,0
00BHGF0007,E00022049,0,0,0,0,0,0
00BHGF0019,E00022061,0,0,0,0,0,0
00BHGA0022,E00021896,0,0,0,0,0,0
00BHGB0006,E00021913,0,0,0,0,0,0
00BHGB0005,E00021912,0,0,0,0,0,0
00BHGA0013,E00021887,0,0,0,0,0,0
00BCGN0018,E00018839,0,0,0,0,0,0
00BHGA0015,E00021889,0,0,0,0,0,0
00BHGA0003,E00021877,0,0,0,0,0,0
00BHGA0019,E00021893,0,0,0,0,0,0
00BHGA0016,E00021890,0,0,0,0,0,0
00AKHE0006,E00007627,0,0,0,0,0,0
00BHGA0012,E00021886,0,0,0,0,0,0
00BHGA0020,E00021894,0,0,0,0,0,0
00BHGA0017,E00021891,0,0,0,0,0,0
00BHGA0029,E00021903,0,0,0,0,0,0
00BHGA0005,E00021879,0,0,0,0,0,0
00AKGS0006,E00007172,0,0,0,0,0,0
00BHGA0007,E00021881,0,0,0,0,0,0
00BHGA0010,E00021884,0,0,0,0,0,0
00AKGS0023,E00007189,0,0,0,0,0,0
00BHGA0014,E00021888,0,0,0,0,0,0
00BHGA0018,E00021892,0,0,0,0,0,0
00AKHF0005,E00007672,0,0,0,0,0,0
00BCGN0014,E00018835,0,0,0,0,0,0
00BCGN0011,E00018832,0,0,0,0,0,0
00BCGA0009,E00018413,0,0,0,0,0,0
00AKHE0004,E00007625,0,0,0,0,0,0
00BCGN0015,E00018836,0,0,0,0,0,0
00BCGN0009,E00018830,0,0,0,0,0,0
00AKHF0028,E00007695,0,0,0,0,0,0
00BCGN0008,E00018829,0,0,0,0,0,0
00BCGN0010,E00018831,0,0,0,0,0,0
00AKGN0015,E00007005,0,0,0,0,0,0
00BHGA0026,E00021900,0,0,0,0,0,0
00AKHE0003,E00007624,0,0,0,0,0,0
00BHGA0028,E00021902,0,0,0,0,0,0
00AKHE0005,E00007626,0,0,0,0,0,0
00BHGA0025,E00021899,0,0,0,0,0,0
00BHGA0024,E00021898,0,0,0,0,0,0
00AKGS0018,E00007184,0,0,0,0,0,0
00AKGN0022,E00007012,0,0,0,0,0,0
00AKHE0002,E00007623,0,0,0,0,0,0
00AKHB0014,E00007511,0,0,0,0,0,0
00AKHF0017,E00007684,0,0,0,0,0,0
00AKGN0006,E00006996,0,0,0,0,0,0
00AKGN0017,E00007007,0,0,0,0,0,0
00AKHE0046,E00007667,0,0,0,0,0,0
00AKGN0009,E00006999,0,0,0,0,0,0
00AKGN0012,E00007002,0,0,0,0,0,0
00AKHF0012,E00007679,0,0,0,0,0,0
00AKHF0016,E00007683,0,0,0,0,0,0
00AKGN0005,E00006995,0,0,0,0,0,0
00AKGN0001,E00006991,0,0,0,0,0,0
00AKGN0004,E00006994,0,0,0,0,0,0
00AKGN0003,E00006993,0,0,0,0,0,0
00AKHE0045,E00007666,0,0,0,0,0,0
00AKHF0022,E00007689,0,0,0,0,0,0
00AKGN0007,E00006997,0,0,0,0,0,0
00AKGN0011,E00007001,0,0,0,0,0,0
00AKGR0029,E00007152,0,0,0,0,0,0
00AKGS0010,E00007176,0,0,0,0,0,0
00AKGS0019,E00007185,0,0,0,0,0,0
00AKGS0020,E00007186,0,0,0,0,0,0
00AKHF0002,E00007669,0,0,0,0,0,0
00AKHF0010,E00007677,0,0,0,0,0,0
00AKHF0008,E00007675,0,0,0,0,0,0
00AKGN0043,E00007033,0,0,0,0,0,0
00AKGS0024,E00007190,0,0,0,0,0,0
00AKHF0033,E00007700,0,0,0,0,0,0
00AKHF0038,E00007705,0,0,0,0,0,0
00AKHF0039,E00007706,0,0,0,0,0,0
00AKHF0007,E00007674,0,0,0,0,0,0
00AKHF0031,E00007698,0,0,0,0,0,0
00ARGQ0003,E00011694,0,0,0,0,0,0
00ARGQ0032,E00011723,0,0,0,0,0,0
00ARGQ0025,E00011716,0,0,0,0,0,0
00AKHF0024,E00007691,0,0,0,0,0,0
00AKHF0026,E00007693,0,0,0,0,0,0
00AKHF0003,E00007670,0,0,0,0,0,0
00AKHF0019,E00007686,0,0,0,0,0,0
00AKHF0015,E00007682,0,0,0,0,0,0
00AKGR0034,E00007157,0,0,0,0,0,0
00AKHF0013,E00007680,0,0,0,0,0,0
00AKGR0033,E00007156,0,0,0,0,0,0
00AKGR0030,E00007153,0,0,0,0,0,0
00AKGR0032,E00007155,0,0,0,0,0,0
00AKGS0022,E00007188,0,0,0,0,0,0
00AKHF0009,E00007676,0,0,0,0,0,0
00ARGQ0013,E00011704,0,0,0,0,0,0
00AKHF0011,E00007678,0,0,0,0,0,0
00AKHF0040,E00007707,0,0,0,0,0,0
00ARGT0012,E00011831,0,0,0,0,0,0
00AKHF0014,E00007681,0,0,0,0,0,0
00AKHF0006,E00007673,0,0,0,0,0,0
00AKHF0001,E00007668,0,0,0,0,0,0
00ARGE0026,E00011311,0,0,0,0,0,0
00AKHF0030,E00007697,0,0,0,0,0,0
00ARGQ0005,E00011696,0,0,0,0,0,0
00ARGQ0011,E00011702,0,0,0,0,0,0
00ARGE0005,E00011290,0,0,0,0,0,0
00ARGE0023,E00011308,0,0,0,0,0,0
00AKGS0001,E00007167,0,0,0,0,0,0
00ARGE0032,E00011317,0,0,0,0,0,0
00ARGE0040,E00011325,0,0,0,0,0,0
00ARGQ0010,E00011701,0,0,0,0,0,0
00AKGS0008,E00007174,0,0,0,0,0,0
00AKGS0040,E00007206,0,0,0,0,0,0
00AKHF0037,E00007704,0,0,0,0,0,0
00AKGS0041,E00007207,0,0,0,0,0,0
00AKGS0039,E00007205,0,0,0,0,0,0
00AKHF0034,E00007701,0,0,0,0,0,0
00AKHF0035,E00007702,0,0,0,0,0,0
00AKGS0009,E00007175,0,0,0,0,0,0
00ARGQ0007,E00011698,0,0,0,0,0,0
00ARGQ0008,E00011699,0,0,0,0,0,0
00ARGQ0009,E00011700,0,0,0,0,0,0
00AKGS0033,E00007199,0,0,0,0,0,0
00AKGS0036,E00007202,0,0,0,0,0,0
00AKGS0002,E00007168,0,0,0,0,0,0
00AKGS0005,E00007171,0,0,0,0,0,0
00AKGS0034,E00007200,0,0,0,0,0,0
00AKGS0035,E00007201,0,0,0,0,0,0
00AKGS0037,E00007203,0,0,0,0,0,0
00AKGS0007,E00007173,0,0,0,0,0,0
00AKGS0031,E00007197,0,0,0,0,0,0
00AKGS0032,E00007198,0,0,0,0,0,0
00AKGS0017,E00007183,0,0,0,0,0,0
00AKGS0013,E00007179,0,0,0,0,0,0
00AKGS0025,E00007191,0,0,0,0,0,0
00AKGS0016,E00007182,0,0,0,0,0,0
00AKGS0003,E00007169,0,0,0,0,0,0
00AKGS0021,E00007187,0,0,0,0,0,0
00AKGS0015,E00007181,0,0,0,0,0,0
00AKGS0012,E00007178,0,0,0,0,0,0
00AKGS0011,E00007177,0,0,0,0,0,0
00AKGS0004,E00007170,0,0,0,0,0,0
00AKHF0032,E00007699,0,0,0,0,0,0
00AKHF0020,E00007687,0,0,0,0,0,0
00AKHF0025,E00007692,0,0,0,0,0,0
00AKHF0027,E00007694,0,0,0,0,0,0
00AKHF0029,E00007696,0,0,0,0,0,0
00AKHF0021,E00007688,0,0,0,0,0,0
00AKGS0028,E00007194,0,0,0,0,0,0
00AKGS0029,E00007195,0,0,0,0,0,0
00AKGS0027,E00007193,0,0,0,0,0,0
00AKGS0030,E00007196,0,0,0,0,0,0
00AKGS0026,E00007192,0,0,0,0,0,0
00BCGK0039,E00018749,0,0,0,0,0,0
00ADGH0006,E00001836,0,0,0,0,0,0
00ADGR0018,E00002125,0,0,0,0,0,0
00ADGR0021,E00002128,0,0,0,0,0,0
00ADGR0003,E00002110,0,0,0,0,0,0
00ARGQ0034,E00011725,0,0,0,0,0,0
00ARGQ0030,E00011721,0,0,0,0,0,0
00ARGQ0022,E00011713,0,0,0,0,0,0
00ARGQ0017,E00011708,0,0,0,0,0,0
00ARGQ0016,E00011707,0,0,0,0,0,0
00ARGQ0019,E00011710,0,0,0,0,0,0
00ARGQ0020,E00011711,0,0,0,0,0,0
00ARGQ0014,E00011705,0,0,0,0,0,0
00ARGH0024,E00011434,0,0,0,0,0,0
00ARGQ0006,E00011697,0,0,0,0,0,0
00ARGQ0012,E00011703,0,0,0,0,0,0
00ARGE0004,E00011289,0,0,0,0,0,0
00ARGH0002,E00011412,0,0,0,0,0,0
00ARGH0028,E00011438,0,0,0,0,0,0
00ARGH0036,E00011446,0,0,0,0,0,0
00ARGH0039,E00011449,0,0,0,0,0,0
00ARGH0038,E00011448,0,0,0,0,0,0
00ARGH0034,E00011444,0,0,0,0,0,0
00ARGH0031,E00011441,0,0,0,0,0,0
00ARGH0035,E00011445,0,0,0,0,0,0
00ARGH0029,E00011439,0,0,0,0,0,0
00ARGW0017,E00011917,0,0,0,0,0,0
00ARGH0026,E00011436,0,0,0,0,0,0
00ARGS0004,E00011780,0,0,0,0,0,0
00ARGH0027,E00011437,0,0,0,0,0,0
00ARGS0006,E00011782,0,0,0,0,0,0
00ARGS0041,E00011817,0,0,0,0,0,0
00ARGS0042,E00011818,0,0,0,0,0,0
00ARGM0022,E00011594,0,0,0,0,0,0
00ARGM0015,E00011587,0,0,0,0,0,0
00ARGS0036,E00011812,0,0,0,0,0,0
00ARGM0009,E00011581,0,0,0,0,0,0
00ARGM0010,E00011582,0,0,0,0,0,0
00ARGH0022,E00011432,0,0,0,0,0,0
00ARGH0018,E00011428,0,0,0,0,0,0
00ARGW0016,E00011916,0,0,0,0,0,0
00ARGH0025,E00011435,0,0,0,0,0,0
00ARGH0020,E00011430,0,0,0,0,0,0
00ARGH0016,E00011426,0,0,0,0,0,0
00ARGH0010,E00011420,0,0,0,0,0,0
00ARGS0022,E00011798,0,0,0,0,0,0
00ARGS0037,E00011813,0,0,0,0,0,0
00ARGS0040,E00011816,0,0,0,0,0,0
00ARGS0038,E00011814,0,0,0,0,0,0
00ARGH0017,E00011427,0,0,0,0,0,0
00ARGH0011,E00011421,0,0,0,0,0,0
00ARGH0008,E00011418,0,0,0,0,0,0
00ARGH0005,E00011415,0,0,0,0,0,0
00ARGH0009,E00011419,0,0,0,0,0,0
00ARGH0012,E00011422,0,0,0,0,0,0
00ARGH0019,E00011429,0,0,0,0,0,0
00ARGS0020,E00011796,0,0,0,0,0,0
00ARGH0023,E00011433,0,0,0,0,0,0
00ARGW0020,E00011920,0,0,0,0,0,0
00ARGH0006,E00011416,0,0,0,0,0,0
00ARGH0015,E00011425,0,0,0,0,0,0
00ARGH0007,E00011417,0,0,0,0,0,0
00ARGH0013,E00011423,0,0,0,0,0,0
00ARGS0003,E00011779,0,0,0,0,0,0
00ARGS0026,E00011802,0,0,0,0,0,0
00ARGH0004,E00011414,0,0,0,0,0,0
00ARGW0007,E00011907,0,0,0,0,0,0
00ARGW0008,E00011908,0,0,0,0,0,0
00ARGH0014,E00011424,0,0,0,0,0,0
00ARGS0035,E00011811,0,0,0,0,0,0
00ARGS0019,E00011795,0,0,0,0,0,0
00ARGS0025,E00011801,0,0,0,0,0,0
00ARGS0028,E00011804,0,0,0,0,0,0
00ARGS0032,E00011808,0,0,0,0,0,0
00ARGS0001,E00011777,0,0,0,0,0,0
00ARGS0031,E00011807,0,0,0,0,0,0
00ARGS0002,E00011778,0,0,0,0,0,0
00ARGS0018,E00011794,0,0,0,0,0,0
00ARGS0014,E00011790,0,0,0,0,0,0
00ARGS0015,E00011791,0,0,0,0,0,0
00ARGS0011,E00011787,0,0,0,0,0,0
00ARGS0013,E00011789,0,0,0,0,0,0
00ARGS0017,E00011793,0,0,0,0,0,0
00ARGS0027,E00011803,0,0,0,0,0,0
00ARGS0021,E00011797,0,0,0,0,0,0
00ARGS0034,E00011810,0,0,0,0,0,0
00ARGS0030,E00011806,0,0,0,0,0,0
00ARGS0023,E00011799,0,0,0,0,0,0
00ARGH0003,E00011413,0,0,0,0,0,0
00ARGD0019,E00011263,0,0,0,0,0,0
00ARGS0033,E00011809,0,0,0,0,0,0
00ARGD0020,E00011264,0,0,0,0,0,0
00ARGS0016,E00011792,0,0,0,0,0,0
00ARGW0036,E00011936,0,0,0,0,0,0
00ARGF0015,E00011340,0,0,0,0,0,0
00ARGF0017,E00011342,0,0,0,0,0,0
00ARGD0012,E00011256,0,0,0,0,0,0
00ARGF0016,E00011341,0,0,0,0,0,0
00ARGW0030,E00011930,0,0,0,0,0,0
00ARGW0025,E00011925,0,0,0,0,0,0
00ARGW0028,E00011928,0,0,0,0,0,0
00ARGW0004,E00011904,0,0,0,0,0,0
00ARGW0029,E00011929,0,0,0,0,0,0
00ARGL0017,E00011548,0,0,0,0,0,0
00ARGW0026,E00011926,0,0,0,0,0,0
00ARGW0021,E00011921,0,0,0,0,0,0
00ARGW0027,E00011927,0,0,0,0,0,0
00ARGW0003,E00011903,0,0,0,0,0,0
00ARGW0006,E00011906,0,0,0,0,0,0
00ARGW0001,E00011901,0,0,0,0,0,0
00ARGD0039,E00011283,0,0,0,0,0,0
00ARGD0002,E00011246,0,0,0,0,0,0
00ARGW0019,E00011919,0,0,0,0,0,0
00ARGW0012,E00011912,0,0,0,0,0,0
00ARGW0022,E00011922,0,0,0,0,0,0
00ARGW0018,E00011918,0,0,0,0,0,0
00ARGW0023,E00011923,0,0,0,0,0,0
00ARGW0013,E00011913,0,0,0,0,0,0
00ARGW0014,E00011914,0,0,0,0,0,0
00ARGW0015,E00011915,0,0,0,0,0,0
00ARGD0018,E00011262,0,0,0,0,0,0
00ARGW0002,E00011902,0,0,0,0,0,0
00ARGW0009,E00011909,0,0,0,0,0,0
00ARGW0039,E00011939,0,0,0,0,0,0
00ARGW0040,E00011940,0,0,0,0,0,0
00ARGM0032,E00011604,0,0,0,0,0,0
00ARGW0010,E00011910,0,0,0,0,0,0
00ARGW0038,E00011938,0,0,0,0,0,0
00ARGD0016,E00011260,0,0,0,0,0,0
00ARGW0035,E00011935,0,0,0,0,0,0
00ARGD0008,E00011252,0,0,0,0,0,0
00ARGD0009,E00011253,0,0,0,0,0,0
00ARGD0017,E00011261,0,0,0,0,0,0
00ARGD0010,E00011254,0,0,0,0,0,0
00ARGW0033,E00011933,0,0,0,0,0,0
00ARGW0032,E00011932,0,0,0,0,0,0
00ARGW0034,E00011934,0,0,0,0,0,0
00ARGW0031,E00011931,0,0,0,0,0,0
00ARGD0007,E00011251,0,0,0,0,0,0
00ARGU0001,E00011862,0,0,0,0,0,0
00ARGD0004,E00011248,0,0,0,0,0,0
00ARGD0005,E00011249,0,0,0,0,0,0
00ARGL0041,E00011572,0,0,0,0,0,0
00ARGD0014,E00011258,0,0,0,0,0,0
00ARGD0015,E00011259,0,0,0,0,0,0
00ARGD0038,E00011282,0,0,0,0,0,0
00ARGD0003,E00011247,0,0,0,0,0,0
00ARGD0011,E00011255,0,0,0,0,0,0
00ARGM0030,E00011602,0,0,0,0,0,0
00ARGM0033,E00011605,0,0,0,0,0,0
00ARGS0010,E00011786,0,0,0,0,0,0
00ARGS0012,E00011788,0,0,0,0,0,0
00ARGF0011,E00011336,0,0,0,0,0,0
00ARGF0014,E00011339,0,0,0,0,0,0
00ARGU0022,E00011883,0,0,0,0,0,0
00ARGF0009,E00011334,0,0,0,0,0,0
00ARGM0006,E00011578,0,0,0,0,0,0
00ARGF0012,E00011337,0,0,0,0,0,0
00ARGF0010,E00011335,0,0,0,0,0,0
00ARGL0035,E00011566,0,0,0,0,0,0
00ARGF0004,E00011329,0,0,0,0,0,0
00ARGF0002,E00011327,0,0,0,0,0,0
00ARGD0029,E00011273,0,0,0,0,0,0
00ARGF0034,E00011359,0,0,0,0,0,0
00ARGU0034,E00011895,0,0,0,0,0,0
00ARGF0029,E00011354,0,0,0,0,0,0
00ARGU0002,E00011863,0,0,0,0,0,0
00ARGF0008,E00011333,0,0,0,0,0,0
00ARGU0026,E00011887,0,0,0,0,0,0
00ARGF0033,E00011358,0,0,0,0,0,0
00ARGF0007,E00011332,0,0,0,0,0,0
00ARGU0015,E00011876,0,0,0,0,0,0
00ARGU0003,E00011864,0,0,0,0,0,0
00ARGJ0010,E00011459,0,0,0,0,0,0
00ARGU0035,E00011896,0,0,0,0,0,0
00ARGF0003,E00011328,0,0,0,0,0,0
00ARGF0005,E00011330,0,0,0,0,0,0
00ARGF0006,E00011331,0,0,0,0,0,0
00ARGU0027,E00011888,0,0,0,0,0,0
00ARGU0023,E00011884,0,0,0,0,0,0
00ARGU0020,E00011881,0,0,0,0,0,0
00ARGU0021,E00011882,0,0,0,0,0,0
00ARGF0030,E00011355,0,0,0,0,0,0
00ARGF0028,E00011353,0,0,0,0,0,0
00ARGF0024,E00011349,0,0,0,0,0,0
00ARGF0035,E00011360,0,0,0,0,0,0
00ARGF0001,E00011326,0,0,0,0,0,0
00ARGF0023,E00011348,0,0,0,0,0,0
00ARGF0032,E00011357,0,0,0,0,0,0
00ARGU0018,E00011879,0,0,0,0,0,0
00ARGF0031,E00011356,0,0,0,0,0,0
00ARGF0026,E00011351,0,0,0,0,0,0
00ARGU0016,E00011877,0,0,0,0,0,0
00ARGL0014,E00011545,0,0,0,0,0,0
00ARGF0027,E00011352,0,0,0,0,0,0
00ARGU0011,E00011872,0,0,0,0,0,0
00ARGU0013,E00011874,0,0,0,0,0,0
00ARGL0023,E00011554,0,0,0,0,0,0
00ARGU0017,E00011878,0,0,0,0,0,0
00ARGU0008,E00011869,0,0,0,0,0,0
00ARGU0014,E00011875,0,0,0,0,0,0
00ARGU0019,E00011880,0,0,0,0,0,0
00ARGU0004,E00011865,0,0,0,0,0,0
00ARGU0007,E00011868,0,0,0,0,0,0
00ARGU0036,E00011897,0,0,0,0,0,0
00ARGU0039,E00011900,0,0,0,0,0,0
00ARGU0033,E00011894,0,0,0,0,0,0
00ARGU0038,E00011899,0,0,0,0,0,0
00ARGD0040,E00011284,0,0,0,0,0,0
00ARGD0013,E00011257,0,0,0,0,0,0
00ARGJ0008,E00011457,0,0,0,0,0,0
00ARGF0013,E00011338,0,0,0,0,0,0
00ARGJ0007,E00011456,0,0,0,0,0,0
00ARGD0021,E00011265,0,0,0,0,0,0
00ARGD0006,E00011250,0,0,0,0,0,0
00ARGD0001,E00011245,0,0,0,0,0,0
00ARGU0037,E00011898,0,0,0,0,0,0
00ARGU0006,E00011867,0,0,0,0,0,0
00ARGJ0011,E00011460,0,0,0,0,0,0
00ARGF0019,E00011344,0,0,0,0,0,0
00ARGF0021,E00011346,0,0,0,0,0,0
00ARGD0033,E00011277,0,0,0,0,0,0
00ARGU0012,E00011873,0,0,0,0,0,0
00ARGF0022,E00011347,0,0,0,0,0,0
00ARGD0035,E00011279,0,0,0,0,0,0
00ARGF0018,E00011343,0,0,0,0,0,0
00ARGJ0009,E00011458,0,0,0,0,0,0
00ARGD0023,E00011267,0,0,0,0,0,0
00ARGD0027,E00011271,0,0,0,0,0,0
00ARGF0025,E00011350,0,0,0,0,0,0
00ARGF0020,E00011345,0,0,0,0,0,0
00ARGD0030,E00011274,0,0,0,0,0,0
00ARGD0036,E00011280,0,0,0,0,0,0
00ARGD0024,E00011268,0,0,0,0,0,0
00ARGD0028,E00011272,0,0,0,0,0,0
00ARGD0032,E00011276,0,0,0,0,0,0
00ARGD0031,E00011275,0,0,0,0,0,0
00ARGD0034,E00011278,0,0,0,0,0,0
00ARGD0022,E00011266,0,0,0,0,0,0
00ARGD0026,E00011270,0,0,0,0,0,0
00ARGL0037,E00011568,0,0,0,0,0,0
00ARGP0017,E00011668,0,0,0,0,0,0
00ARGJ0042,E00011491,0,0,0,0,0,0
00ARGJ0006,E00011455,0,0,0,0,0,0
00ARGJ0040,E00011489,0,0,0,0,0,0
00ARGG0049,E00011409,0,0,0,0,0,0
00ARGU0032,E00011893,0,0,0,0,0,0
00ARGJ0005,E00011454,0,0,0,0,0,0
00ARGJ0002,E00011451,0,0,0,0,0,0
00ARGJ0004,E00011453,0,0,0,0,0,0
00ARGJ0038,E00011487,0,0,0,0,0,0
00ARGL0015,E00011546,0,0,0,0,0,0
00ARGL0016,E00011547,0,0,0,0,0,0
00ARGL0013,E00011544,0,0,0,0,0,0
00ARGL0007,E00011538,0,0,0,0,0,0
00ARGL0032,E00011563,0,0,0,0,0,0
00ARGL0012,E00011543,0,0,0,0,0,0
00ARGL0026,E00011557,0,0,0,0,0,0
00ARGL0029,E00011560,0,0,0,0,0,0
00ARGL0030,E00011561,0,0,0,0,0,0
00ARGL0027,E00011558,0,0,0,0,0,0
00ARGL0006,E00011537,0,0,0,0,0,0
00ARGL0018,E00011549,0,0,0,0,0,0
00ARGL0005,E00011536,0,0,0,0,0,0
00ARGJ0030,E00011479,0,0,0,0,0,0
00ARGJ0039,E00011488,0,0,0,0,0,0
00ARGJ0041,E00011490,0,0,0,0,0,0
00ARGL0010,E00011541,0,0,0,0,0,0
00ARGL0003,E00011534,0,0,0,0,0,0
00ARGL0036,E00011567,0,0,0,0,0,0
00ARGL0040,E00011571,0,0,0,0,0,0
00ARGL0002,E00011533,0,0,0,0,0,0
00ARGL0034,E00011565,0,0,0,0,0,0
00ARGL0038,E00011569,0,0,0,0,0,0
00ARGJ0024,E00011473,0,0,0,0,0,0
00ARGJ0028,E00011477,0,0,0,0,0,0
00ARGL0024,E00011555,0,0,0,0,0,0
00ARGJ0016,E00011465,0,0,0,0,0,0
00ARGJ0021,E00011470,0,0,0,0,0,0
00ARGJ0022,E00011471,0,0,0,0,0,0
00ARGJ0019,E00011468,0,0,0,0,0,0
00ARGG0048,E00011408,0,0,0,0,0,0
00ARGG0045,E00011405,0,0,0,0,0,0
00ARGJ0001,E00011450,0,0,0,0,0,0
00ARGG0018,E00011378,0,0,0,0,0,0
00ARGJ0036,E00011485,0,0,0,0,0,0
00ARGJ0032,E00011481,0,0,0,0,0,0
00ARGJ0035,E00011484,0,0,0,0,0,0
00ARGJ0037,E00011486,0,0,0,0,0,0
00ARGJ0033,E00011482,0,0,0,0,0,0
00ARGJ0034,E00011483,0,0,0,0,0,0
00ARGG0022,E00011382,0,0,0,0,0,0
00ARGJ0025,E00011474,0,0,0,0,0,0
00ARGJ0031,E00011480,0,0,0,0,0,0
00ARGJ0020,E00011469,0,0,0,0,0,0
00ARGJ0029,E00011478,0,0,0,0,0,0
00ARGL0031,E00011562,0,0,0,0,0,0
00ARGJ0013,E00011462,0,0,0,0,0,0
00ARGG0050,E00011410,0,0,0,0,0,0
00ARGG0032,E00011392,0,0,0,0,0,0
00ARGG0004,E00011364,0,0,0,0,0,0
00ARGG0031,E00011391,0,0,0,0,0,0
00ARGG0038,E00011398,0,0,0,0,0,0
00ARGG0001,E00011361,0,0,0,0,0,0
00ARGL0001,E00011532,0,0,0,0,0,0
00ARGG0028,E00011388,0,0,0,0,0,0
00ARGG0034,E00011394,0,0,0,0,0,0
00ARGG0047,E00011407,0,0,0,0,0,0
00ARGG0043,E00011403,0,0,0,0,0,0
00ARGG0040,E00011400,0,0,0,0,0,0
00ARGG0036,E00011396,0,0,0,0,0,0
00ARGG0042,E00011402,0,0,0,0,0,0
00ARGG0020,E00011380,0,0,0,0,0,0
00ARGG0021,E00011381,0,0,0,0,0,0
00ARGL0022,E00011553,0,0,0,0,0,0
00ARGG0019,E00011379,0,0,0,0,0,0
00ARGG0026,E00011386,0,0,0,0,0,0
00ARGG0009,E00011369,0,0,0,0,0,0
00ARGG0017,E00011377,0,0,0,0,0,0
00ARGG0014,E00011374,0,0,0,0,0,0
00ARGG0010,E00011370,0,0,0,0,0,0
00ARGG0023,E00011383,0,0,0,0,0,0
00ARGG0030,E00011390,0,0,0,0,0,0
00ARGG0005,E00011365,0,0,0,0,0,0
00ARGJ0015,E00011464,0,0,0,0,0,0
00ARGG0003,E00011363,0,0,0,0,0,0
00ARGG0044,E00011404,0,0,0,0,0,0
00ARGG0027,E00011387,0,0,0,0,0,0
00ARGG0025,E00011385,0,0,0,0,0,0
00ARGG0035,E00011395,0,0,0,0,0,0
00ARGG0041,E00011401,0,0,0,0,0,0
00ARGG0046,E00011406,0,0,0,0,0,0
00ARGG0002,E00011362,0,0,0,0,0,0
00ARGG0037,E00011397,0,0,0,0,0,0
00ARGG0039,E00011399,0,0,0,0,0,0
00ARGG0024,E00011384,0,0,0,0,0,0
00ARGG0033,E00011393,0,0,0,0,0,0
00ARGG0016,E00011376,0,0,0,0,0,0
00ARGG0013,E00011373,0,0,0,0,0,0
00ARGG0015,E00011375,0,0,0,0,0,0
00ARGJ0043,E00011492,0,0,0,0,0,0
00ARGJ0026,E00011475,0,0,0,0,0,0
00ARGJ0023,E00011472,0,0,0,0,0,0
00ARGJ0018,E00011467,0,0,0,0,0,0
00ARGJ0027,E00011476,0,0,0,0,0,0
00ARGJ0017,E00011466,0,0,0,0,0,0
00ARGJ0014,E00011463,0,0,0,0,0,0
00ARGJ0012,E00011461,0,0,0,0,0,0
00ARGD0041,E00011285,0,0,0,0,0,0
00ARGD0037,E00011281,0,0,0,0,0,0
00ARGL0020,E00011551,0,0,0,0,0,0
00ARGL0021,E00011552,0,0,0,0,0,0
00ARGG0008,E00011368,0,0,0,0,0,0
00ARGG0012,E00011372,0,0,0,0,0,0
00ARGG0011,E00011371,0,0,0,0,0,0
00ARGL0019,E00011550,0,0,0,0,0,0
00ARGG0029,E00011389,0,0,0,0,0,0
